DEBUG:KiBot 1.9.1 verbose level: 0 started on 2026-05-25 12:13:35.998707 (kibot - __main__.py:537)
DEBUG:Filtering warnings we always get on CI/CD (kibot - __main__.py:451)
DEBUG:Command line options: {'--banner': None,
 '--board-file': None,
 '--cli-order': False,
 '--config-outs': False,
 '--copy-and-expand': False,
 '--copy-options': False,
 '--define': [],
 '--defs-from-env': False,
 '--defs-from-project': False,
 '--dont-stop': False,
 '--dry': False,
 '--example': False,
 '--fail-on-ignored': False,
 '--fail-on-warnings': False,
 '--global-redef': ['variant=CHECKED'],
 '--gui': False,
 '--gui-inject': None,
 '--help': False,
 '--help-banners': False,
 '--help-dependencies': False,
 '--help-errors': False,
 '--help-filters': False,
 '--help-global-options': False,
 '--help-list-offsets': False,
 '--help-list-outputs': False,
 '--help-list-rotations': False,
 '--help-output': None,
 '--help-outputs': False,
 '--help-preflights': False,
 '--help-variants': False,
 '--internal-check': False,
 '--invert-sel': False,
 '--json': False,
 '--keep-temporals': False,
 '--list': False,
 '--list-variants': False,
 '--log': 'kibot_run_notes.log',
 '--makefile': None,
 '--markdown': False,
 '--no-auto-download': False,
 '--no-priority': False,
 '--no-warn': None,
 '--only-groups': False,
 '--only-names': False,
 '--only-pre': False,
 '--out-dir': '.',
 '--output-name-first': False,
 '--plot-config': 'kibot_yaml/kibot_main.yaml',
 '--quick-start': False,
 '--quiet': False,
 '--rst': False,
 '--schematic': None,
 '--skip-pre': 'all',
 '--start': '.',
 '--stop-on-warnings': False,
 '--sub-pcbs': False,
 '--type': [],
 '--variant': [],
 '--verbose': 0,
 '--version': False,
 '--warn-all': False,
 '--warn-ci-cd': False,
 'TARGET': ['notes']} (kibot - __main__.py:542)
DEBUG:Start of initialization (kibot - __main__.py:545)
DEBUG:Detected KiCad v9.0.7 (9.0.7+1 90000070) (kibot - __main__.py:353)
DEBUG:KiCad config path /github/home/.config/kicad/9.0 (kibot - __main__.py:405)
DEBUG:Command line arguments:
['/usr/local/bin/kibot', '-c', 'kibot_yaml/kibot_main.yaml', '-d', '.', '-s', 'all', '-g', 'variant=CHECKED', '--log', 'kibot_run_notes.log', 'notes'] (kibot - __main__.py:457)
DEBUG:Command line parsed:
{'--banner': None,
 '--board-file': None,
 '--cli-order': False,
 '--config-outs': False,
 '--copy-and-expand': False,
 '--copy-options': False,
 '--define': [],
 '--defs-from-env': False,
 '--defs-from-project': False,
 '--dont-stop': False,
 '--dry': False,
 '--example': False,
 '--fail-on-ignored': False,
 '--fail-on-warnings': False,
 '--global-redef': ['variant=CHECKED'],
 '--gui': False,
 '--gui-inject': None,
 '--help': False,
 '--help-banners': False,
 '--help-dependencies': False,
 '--help-errors': False,
 '--help-filters': False,
 '--help-global-options': False,
 '--help-list-offsets': False,
 '--help-list-outputs': False,
 '--help-list-rotations': False,
 '--help-output': None,
 '--help-outputs': False,
 '--help-preflights': False,
 '--help-variants': False,
 '--internal-check': False,
 '--invert-sel': False,
 '--json': False,
 '--keep-temporals': False,
 '--list': False,
 '--list-variants': False,
 '--log': 'kibot_run_notes.log',
 '--makefile': None,
 '--markdown': False,
 '--no-auto-download': False,
 '--no-priority': False,
 '--no-warn': None,
 '--only-groups': False,
 '--only-names': False,
 '--only-pre': False,
 '--out-dir': '.',
 '--output-name-first': False,
 '--plot-config': 'kibot_yaml/kibot_main.yaml',
 '--quick-start': False,
 '--quiet': False,
 '--rst': False,
 '--schematic': None,
 '--skip-pre': 'all',
 '--start': '.',
 '--stop-on-warnings': False,
 '--sub-pcbs': False,
 '--type': [],
 '--variant': [],
 '--verbose': 0,
 '--version': False,
 '--warn-all': False,
 '--warn-ci-cd': False,
 'TARGET': ['notes']} (kibot - __main__.py:458)
DEBUG:- Processing dependencies for `global` (kibot - dep_downloader.py:1071)
DEBUG: - Data: {'Dependencies': [{'name': 'Colorama', 'python_module': True, 'role': 'Get color messages in a portable way', 'debian': 'python3-colorama', 'arch': 'python-colorama'}, {'name': 'Requests', 'python_module': True, 'role': 'mandatory', 'debian': 'python3-requests', 'arch': 'python-requests'}, {'name': 'PyYAML', 'python_module': True, 'debian': 'python3-yaml', 'arch': 'python-yaml', 'module_name': 'yaml', 'role': 'mandatory'}, {'name': 'KiCad Automation tools', 'github': 'INTI-CMNB/KiAuto', 'command': 'pcbnew_do', 'pypi': 'kiauto', 'downloader': 'pytool', 'id': 'KiAuto'}, {'name': 'Git', 'url': 'https://git-scm.com/', 'downloader': 'git', 'debian': 'git', 'arch': 'git'}, {'name': 'RSVG tools', 'url': 'https://gitlab.gnome.org/GNOME/librsvg', 'debian': 'librsvg2-bin', 'arch': 'librsvg', 'command': 'rsvg-convert', 'downloader': 'rsvg', 'id': 'RSVG', 'tests': [{'command': ['convert', '-list', 'font'], 'search': 'Helvetica', 'error': 'Missing Helvetica font, try installing Ghostscript fonts'}]}, {'name': 'Ghostscript', 'url': 'https://www.ghostscript.com/', 'url_down': 'https://github.com/ArtifexSoftware/ghostpdl-downloads/releases', 'debian': 'ghostscript', 'arch': 'ghostscript', 'command': 'gs', 'downloader': 'gs'}, {'name': 'ImageMagick', 'url': 'https://imagemagick.org/', 'url_down': 'https://imagemagick.org/script/download.php', 'command': 'convert', 'downloader': 'convert', 'debian': 'imagemagick', 'arch': 'imagemagick', 'extra_arch': ['gsfonts'], 'extra_checks': ['check_imagick_policy']}, {'name': 'KiCost', 'github': 'hildogjr/KiCost', 'pypi': 'KiCost', 'downloader': 'pytool'}, {'name': 'LXML', 'python_module': True, 'debian': 'python3-lxml', 'arch': 'python-lxml', 'downloader': 'python'}, {'name': 'KiKit', 'github': 'INTI-CMNB/KiKit', 'pypi': 'KiKit', 'downloader': 'pytool', 'version_k6': '1.5.0', 'version_k7': '1.6.0', 'version_k9': '1.7.0'}, {'from': 'KiKit', 'role': 'Separate multiboard projects'}, {'name': 'Xvfbwrapper', 'python_module': True, 'debian': 'python3-xvfbwrapper', 'arch': 'python-xvfbwrapper', 'downloader': 'python'}, {'name': 'Xvfb', 'url': 'https://www.x.org', 'command': 'xvfb-run', 'debian': 'xvfb', 'arch': 'xorg-server-xvfb', 'no_cmd_line_version': True}, {'name': 'Bash', 'url': 'https://www.gnu.org/software/bash/', 'debian': 'bash', 'arch': 'bash'}, {'name': 'Blender', 'url': 'https://www.blender.org/', 'debian': 'blender', 'arch': 'blender'}, {'name': 'Lark', 'python_module': True, 'role': 'mandatory', 'debian': 'python3-lark', 'arch': 'python-lark'}, {'name': 'ZStd', 'python_module': True, 'debian': 'python3-zstd', 'arch': 'python-zstd', 'downloader': 'python', 'role': 'Copy embedded files from the schematic to the KiCad cache'}]} (kibot - dep_downloader.py:1072)
DEBUG: - Registering dep {'name': 'Colorama', 'python_module': True, 'role': 'Get color messages in a portable way', 'debian': 'python3-colorama', 'arch': 'python-colorama'} (kibot - dep_downloader.py:1083)
DEBUG: - Registering dep {'name': 'Requests', 'python_module': True, 'role': 'mandatory', 'debian': 'python3-requests', 'arch': 'python-requests'} (kibot - dep_downloader.py:1083)
DEBUG: - Registering dep {'name': 'PyYAML', 'python_module': True, 'debian': 'python3-yaml', 'arch': 'python-yaml', 'module_name': 'yaml', 'role': 'mandatory'} (kibot - dep_downloader.py:1083)
DEBUG: - Registering base dep {'name': 'KiCad Automation tools', 'github': 'INTI-CMNB/KiAuto', 'command': 'pcbnew_do', 'pypi': 'kiauto', 'downloader': 'pytool', 'id': 'KiAuto'} (kibot - dep_downloader.py:1086)
DEBUG: - Registering base dep {'name': 'Git', 'url': 'https://git-scm.com/', 'downloader': 'git', 'debian': 'git', 'arch': 'git'} (kibot - dep_downloader.py:1086)
DEBUG: - Registering base dep {'name': 'RSVG tools', 'url': 'https://gitlab.gnome.org/GNOME/librsvg', 'debian': 'librsvg2-bin', 'arch': 'librsvg', 'command': 'rsvg-convert', 'downloader': 'rsvg', 'id': 'RSVG', 'tests': [{'command': ['convert', '-list', 'font'], 'search': 'Helvetica', 'error': 'Missing Helvetica font, try installing Ghostscript fonts'}]} (kibot - dep_downloader.py:1086)
DEBUG: - Registering base dep {'name': 'Ghostscript', 'url': 'https://www.ghostscript.com/', 'url_down': 'https://github.com/ArtifexSoftware/ghostpdl-downloads/releases', 'debian': 'ghostscript', 'arch': 'ghostscript', 'command': 'gs', 'downloader': 'gs'} (kibot - dep_downloader.py:1086)
DEBUG: - Registering base dep {'name': 'ImageMagick', 'url': 'https://imagemagick.org/', 'url_down': 'https://imagemagick.org/script/download.php', 'command': 'convert', 'downloader': 'convert', 'debian': 'imagemagick', 'arch': 'imagemagick', 'extra_arch': ['gsfonts'], 'extra_checks': ['check_imagick_policy']} (kibot - dep_downloader.py:1086)
DEBUG: - Registering base dep {'name': 'KiCost', 'github': 'hildogjr/KiCost', 'pypi': 'KiCost', 'downloader': 'pytool'} (kibot - dep_downloader.py:1086)
DEBUG: - Registering base dep {'name': 'LXML', 'python_module': True, 'debian': 'python3-lxml', 'arch': 'python-lxml', 'downloader': 'python'} (kibot - dep_downloader.py:1086)
DEBUG: - Registering base dep {'name': 'KiKit', 'github': 'INTI-CMNB/KiKit', 'pypi': 'KiKit', 'downloader': 'pytool', 'version_k6': '1.5.0', 'version_k7': '1.6.0', 'version_k9': '1.7.0'} (kibot - dep_downloader.py:1086)
DEBUG: - Registering dep {'from': 'KiKit', 'role': 'Separate multiboard projects'} (kibot - dep_downloader.py:1083)
DEBUG: - Dep after applying from KiKit: {'name': 'KiKit', 'github': 'INTI-CMNB/KiKit', 'pypi': 'KiKit', 'downloader': 'pytool', 'version_k6': '1.5.0', 'version_k7': '1.6.0', 'version_k9': '1.7.0', 'from': 'KiKit', 'role': 'Separate multiboard projects'} (kibot - dep_downloader.py:1011)
DEBUG: - Registering base dep {'name': 'Xvfbwrapper', 'python_module': True, 'debian': 'python3-xvfbwrapper', 'arch': 'python-xvfbwrapper', 'downloader': 'python'} (kibot - dep_downloader.py:1086)
DEBUG: - Registering base dep {'name': 'Xvfb', 'url': 'https://www.x.org', 'command': 'xvfb-run', 'debian': 'xvfb', 'arch': 'xorg-server-xvfb', 'no_cmd_line_version': True} (kibot - dep_downloader.py:1086)
DEBUG: - Registering base dep {'name': 'Bash', 'url': 'https://www.gnu.org/software/bash/', 'debian': 'bash', 'arch': 'bash'} (kibot - dep_downloader.py:1086)
DEBUG: - Registering base dep {'name': 'Blender', 'url': 'https://www.blender.org/', 'debian': 'blender', 'arch': 'blender'} (kibot - dep_downloader.py:1086)
DEBUG: - Registering dep {'name': 'Lark', 'python_module': True, 'role': 'mandatory', 'debian': 'python3-lark', 'arch': 'python-lark'} (kibot - dep_downloader.py:1083)
DEBUG: - Registering dep {'name': 'ZStd', 'python_module': True, 'debian': 'python3-zstd', 'arch': 'python-zstd', 'downloader': 'python', 'role': 'Copy embedded files from the schematic to the KiCad cache'} (kibot - dep_downloader.py:1083)
DEBUG:Importing from /usr/local/lib/python3.13/dist-packages/kibot (kibot - kiplot.py:84)
DEBUG:- Importing fil_alternatives (kibot - kiplot.py:92)
DEBUG:- Importing fil_base (kibot - kiplot.py:92)
DEBUG:- Importing fil_expand_text_vars (kibot - kiplot.py:92)
DEBUG:- Importing fil_field_modify (kibot - kiplot.py:92)
DEBUG:- Importing fil_field_rename (kibot - kiplot.py:92)
DEBUG:- Importing fil_generic (kibot - kiplot.py:92)
DEBUG:- Importing fil_rot_footprint (kibot - kiplot.py:92)
DEBUG:- Importing fil_separate_pins (kibot - kiplot.py:92)
DEBUG:- Importing fil_spec_to_field (kibot - kiplot.py:92)
DEBUG:- Importing fil_subparts (kibot - kiplot.py:92)
DEBUG:- Importing fil_urlify (kibot - kiplot.py:92)
DEBUG:- Importing fil_value_split (kibot - kiplot.py:92)
DEBUG:- Importing fil_var_rename (kibot - kiplot.py:92)
DEBUG:- Importing fil_var_rename_kicost (kibot - kiplot.py:92)
DEBUG:- Importing globals (kibot - kiplot.py:92)
DEBUG:- Importing out_any_diff (kibot - kiplot.py:92)
DEBUG:- Importing out_any_drill (kibot - kiplot.py:92)
DEBUG:- Importing out_any_layer (kibot - kiplot.py:92)
DEBUG:- Importing out_any_navigate_results (kibot - kiplot.py:92)
DEBUG:- Importing out_any_pcb_print (kibot - kiplot.py:92)
DEBUG:- Importing out_any_sch_print (kibot - kiplot.py:92)
DEBUG:- Importing out_any_stencil (kibot - kiplot.py:92)
DEBUG:- Importing out_base (kibot - kiplot.py:92)
DEBUG:- Importing out_base_3d (kibot - kiplot.py:92)
DEBUG:- Importing out_blender_export (kibot - kiplot.py:92)
DEBUG:- Processing dependencies for `out_blender_export` (kibot - dep_downloader.py:1071)
DEBUG: - Data: {'Dependencies': [{'from': 'Blender', 'role': 'mandatory', 'version': '3.4.0'}, {'from': 'ImageMagick', 'role': 'Automatically crop images'}]} (kibot - dep_downloader.py:1072)
DEBUG: - Registering dep {'from': 'Blender', 'role': 'mandatory', 'version': '3.4.0'} (kibot - dep_downloader.py:1083)
DEBUG: - Dep after applying from Blender: {'name': 'Blender', 'url': 'https://www.blender.org/', 'debian': 'blender', 'arch': 'blender', 'from': 'Blender', 'role': 'mandatory', 'version': '3.4.0'} (kibot - dep_downloader.py:1011)
DEBUG: - Registering dep {'from': 'ImageMagick', 'role': 'Automatically crop images'} (kibot - dep_downloader.py:1083)
DEBUG: - Dep after applying from ImageMagick: {'name': 'ImageMagick', 'url': 'https://imagemagick.org/', 'url_down': 'https://imagemagick.org/script/download.php', 'command': 'convert', 'downloader': 'convert', 'debian': 'imagemagick', 'arch': 'imagemagick', 'extra_arch': ['gsfonts'], 'extra_checks': ['check_imagick_policy'], 'from': 'ImageMagick', 'role': 'Automatically crop images'} (kibot - dep_downloader.py:1011)
DEBUG:- Importing out_boardview (kibot - kiplot.py:92)
DEBUG:- Importing out_bom (kibot - kiplot.py:92)
DEBUG:- Processing dependencies for `out_bom` (kibot - dep_downloader.py:1071)
DEBUG: - Data: {'Dependencies': [{'from': 'KiCost', 'role': 'Find components costs and specs', 'version': '1.1.8'}, {'from': 'RSVG', 'role': 'SVG logos for the BoM'}, {'name': 'XLSXWriter', 'role': 'Create XLSX files', 'python_module': True, 'debian': 'python3-xlsxwriter', 'arch': 'python-xlsxwriter', 'version': '1.1.2', 'downloader': 'python'}]} (kibot - dep_downloader.py:1072)
DEBUG: - Registering dep {'from': 'KiCost', 'role': 'Find components costs and specs', 'version': '1.1.8'} (kibot - dep_downloader.py:1083)
DEBUG: - Dep after applying from KiCost: {'name': 'KiCost', 'github': 'hildogjr/KiCost', 'pypi': 'KiCost', 'downloader': 'pytool', 'from': 'KiCost', 'role': 'Find components costs and specs', 'version': '1.1.8'} (kibot - dep_downloader.py:1011)
DEBUG: - Registering dep {'from': 'RSVG', 'role': 'SVG logos for the BoM'} (kibot - dep_downloader.py:1083)
DEBUG: - Dep after applying from RSVG: {'name': 'RSVG tools', 'url': 'https://gitlab.gnome.org/GNOME/librsvg', 'debian': 'librsvg2-bin', 'arch': 'librsvg', 'command': 'rsvg-convert', 'downloader': 'rsvg', 'id': 'RSVG', 'tests': [{'command': ['convert', '-list', 'font'], 'search': 'Helvetica', 'error': 'Missing Helvetica font, try installing Ghostscript fonts'}], 'from': 'RSVG', 'role': 'SVG logos for the BoM'} (kibot - dep_downloader.py:1011)
DEBUG: - Registering dep {'name': 'XLSXWriter', 'role': 'Create XLSX files', 'python_module': True, 'debian': 'python3-xlsxwriter', 'arch': 'python-xlsxwriter', 'version': '1.1.2', 'downloader': 'python'} (kibot - dep_downloader.py:1083)
DEBUG:- Importing out_bom_labels (kibot - kiplot.py:92)
DEBUG:- Processing dependencies for `out_bom_labels` (kibot - dep_downloader.py:1071)
DEBUG: - Data: {'Dependencies': [{'name': 'ReportLab', 'role': 'Create a PDF with BoM labels', 'python_module': True, 'debian': 'python3-reportlab', 'arch': 'python-reportlab', 'downloader': 'python'}]} (kibot - dep_downloader.py:1072)
DEBUG: - Registering dep {'name': 'ReportLab', 'role': 'Create a PDF with BoM labels', 'python_module': True, 'debian': 'python3-reportlab', 'arch': 'python-reportlab', 'downloader': 'python'} (kibot - dep_downloader.py:1083)
DEBUG:- Importing out_compress (kibot - kiplot.py:92)
DEBUG:- Processing dependencies for `out_compress` (kibot - dep_downloader.py:1071)
DEBUG: - Data: {'Dependencies': [{'name': 'RAR', 'url': 'https://www.rarlab.com/', 'url_down': 'https://www.rarlab.com/download.htm', 'help_option': '-?', 'downloader': 'rar', 'role': 'Compress in RAR format', 'debian': 'rar', 'arch': 'rar(AUR)'}]} (kibot - dep_downloader.py:1072)
DEBUG: - Registering dep {'name': 'RAR', 'url': 'https://www.rarlab.com/', 'url_down': 'https://www.rarlab.com/download.htm', 'help_option': '-?', 'downloader': 'rar', 'role': 'Compress in RAR format', 'debian': 'rar', 'arch': 'rar(AUR)'} (kibot - dep_downloader.py:1083)
DEBUG:- Importing out_copy_files (kibot - kiplot.py:92)
DEBUG:- Importing out_diff (kibot - kiplot.py:92)
DEBUG:- Processing dependencies for `out_diff` (kibot - dep_downloader.py:1071)
DEBUG: - Data: {'Dependencies': [{'name': 'KiCad PCB/SCH Diff', 'version': '2.5.3', 'role': 'mandatory', 'github': 'INTI-CMNB/KiDiff', 'command': 'kicad-diff.py', 'pypi': 'kidiff', 'downloader': 'pytool', 'id': 'KiDiff'}, {'from': 'Git', 'role': 'Compare with files in the repo'}, {'from': 'KiAuto', 'role': 'Compare schematics', 'version': '2.2.0'}]} (kibot - dep_downloader.py:1072)
DEBUG: - Registering dep {'name': 'KiCad PCB/SCH Diff', 'version': '2.5.3', 'role': 'mandatory', 'github': 'INTI-CMNB/KiDiff', 'command': 'kicad-diff.py', 'pypi': 'kidiff', 'downloader': 'pytool', 'id': 'KiDiff'} (kibot - dep_downloader.py:1083)
DEBUG: - Registering dep {'from': 'Git', 'role': 'Compare with files in the repo'} (kibot - dep_downloader.py:1083)
DEBUG: - Dep after applying from Git: {'name': 'Git', 'url': 'https://git-scm.com/', 'downloader': 'git', 'debian': 'git', 'arch': 'git', 'from': 'Git', 'role': 'Compare with files in the repo'} (kibot - dep_downloader.py:1011)
DEBUG: - Registering dep {'from': 'KiAuto', 'role': 'Compare schematics', 'version': '2.2.0'} (kibot - dep_downloader.py:1083)
DEBUG: - Dep after applying from KiAuto: {'name': 'KiCad Automation tools', 'github': 'INTI-CMNB/KiAuto', 'command': 'pcbnew_do', 'pypi': 'kiauto', 'downloader': 'pytool', 'id': 'KiAuto', 'from': 'KiAuto', 'role': 'Compare schematics', 'version': '2.2.0'} (kibot - dep_downloader.py:1011)
DEBUG:- Importing out_download_datasheets (kibot - kiplot.py:92)
DEBUG:- Processing dependencies for `out_download_datasheets` (kibot - dep_downloader.py:1071)
DEBUG: - Data: {'Dependencies': [{'name': 'Curl', 'role': 'Download datasheets', 'url': 'https://curl.se/', 'debian': 'curl', 'arch': 'curl'}]} (kibot - dep_downloader.py:1072)
DEBUG: - Registering dep {'name': 'Curl', 'role': 'Download datasheets', 'url': 'https://curl.se/', 'debian': 'curl', 'arch': 'curl'} (kibot - dep_downloader.py:1083)
DEBUG:- Importing out_dxf (kibot - kiplot.py:92)
DEBUG:- Importing out_dxf_sch_print (kibot - kiplot.py:92)
DEBUG:- Processing dependencies for `out_dxf_sch_print` (kibot - dep_downloader.py:1071)
DEBUG: - Data: {'Dependencies': [{'from': 'KiAuto', 'role': 'mandatory', 'command': 'eeschema_do', 'version': '2.3.6'}]} (kibot - dep_downloader.py:1072)
DEBUG: - Registering dep {'from': 'KiAuto', 'role': 'mandatory', 'command': 'eeschema_do', 'version': '2.3.6'} (kibot - dep_downloader.py:1083)
DEBUG: - Dep after applying from KiAuto: {'name': 'KiCad Automation tools', 'github': 'INTI-CMNB/KiAuto', 'command': 'eeschema_do', 'pypi': 'kiauto', 'downloader': 'pytool', 'id': 'KiAuto', 'from': 'KiAuto', 'role': 'mandatory', 'version': '2.3.6'} (kibot - dep_downloader.py:1011)
DEBUG:- Importing out_excellon (kibot - kiplot.py:92)
DEBUG:- Importing out_export_3d (kibot - kiplot.py:92)
DEBUG:- Importing out_gencad (kibot - kiplot.py:92)
DEBUG:- Processing dependencies for `out_gencad` (kibot - dep_downloader.py:1071)
DEBUG: - Data: {'Dependencies': [{'from': 'KiAuto', 'role': 'mandatory', 'version': '1.6.5'}]} (kibot - dep_downloader.py:1072)
DEBUG: - Registering dep {'from': 'KiAuto', 'role': 'mandatory', 'version': '1.6.5'} (kibot - dep_downloader.py:1083)
DEBUG: - Dep after applying from KiAuto: {'name': 'KiCad Automation tools', 'github': 'INTI-CMNB/KiAuto', 'command': 'pcbnew_do', 'pypi': 'kiauto', 'downloader': 'pytool', 'id': 'KiAuto', 'from': 'KiAuto', 'role': 'mandatory', 'version': '1.6.5'} (kibot - dep_downloader.py:1011)
DEBUG:- Importing out_gerb_drill (kibot - kiplot.py:92)
DEBUG:- Importing out_gerber (kibot - kiplot.py:92)
DEBUG:- Importing out_hpgl (kibot - kiplot.py:92)
DEBUG:- Importing out_hpgl_sch_print (kibot - kiplot.py:92)
DEBUG:- Processing dependencies for `out_hpgl_sch_print` (kibot - dep_downloader.py:1071)
DEBUG: - Data: {'Dependencies': [{'from': 'KiAuto', 'role': 'mandatory', 'command': 'eeschema_do', 'version': '2.3.6'}]} (kibot - dep_downloader.py:1072)
DEBUG: - Registering dep {'from': 'KiAuto', 'role': 'mandatory', 'command': 'eeschema_do', 'version': '2.3.6'} (kibot - dep_downloader.py:1083)
DEBUG: - Dep after applying from KiAuto: {'name': 'KiCad Automation tools', 'github': 'INTI-CMNB/KiAuto', 'command': 'eeschema_do', 'pypi': 'kiauto', 'downloader': 'pytool', 'id': 'KiAuto', 'from': 'KiAuto', 'role': 'mandatory', 'version': '2.3.6'} (kibot - dep_downloader.py:1011)
DEBUG:- Importing out_ibom (kibot - kiplot.py:92)
DEBUG:- Processing dependencies for `out_ibom` (kibot - dep_downloader.py:1071)
DEBUG: - Data: {'Dependencies': [{'name': 'Interactive HTML BoM', 'role': 'mandatory', 'github': 'INTI-CMNB/InteractiveHtmlBom', 'command': 'generate_interactive_bom.py', 'no_cmd_line_version_old': True, 'plugin_dirs': ['InteractiveHtmlBom', 'InteractiveHtmlBom/InteractiveHtmlBom', 'org_openscopeproject_InteractiveHtmlBom', 'org_openscopeproject_InteractiveHtmlBom/InteractiveHtmlBom'], 'version': '2.7.0', 'downloader': 'pytool', 'id': 'ibom'}]} (kibot - dep_downloader.py:1072)
DEBUG: - Registering dep {'name': 'Interactive HTML BoM', 'role': 'mandatory', 'github': 'INTI-CMNB/InteractiveHtmlBom', 'command': 'generate_interactive_bom.py', 'no_cmd_line_version_old': True, 'plugin_dirs': ['InteractiveHtmlBom', 'InteractiveHtmlBom/InteractiveHtmlBom', 'org_openscopeproject_InteractiveHtmlBom', 'org_openscopeproject_InteractiveHtmlBom/InteractiveHtmlBom'], 'version': '2.7.0', 'downloader': 'pytool', 'id': 'ibom'} (kibot - dep_downloader.py:1083)
DEBUG:- Importing out_info (kibot - kiplot.py:92)
DEBUG:- Processing dependencies for `out_info` (kibot - dep_downloader.py:1071)
DEBUG: - Data: {'Dependencies': [{'from': 'KiAuto', 'role': 'Show KiAuto installation information', 'version': '2.0.0'}]} (kibot - dep_downloader.py:1072)
DEBUG: - Registering dep {'from': 'KiAuto', 'role': 'Show KiAuto installation information', 'version': '2.0.0'} (kibot - dep_downloader.py:1083)
DEBUG: - Dep after applying from KiAuto: {'name': 'KiCad Automation tools', 'github': 'INTI-CMNB/KiAuto', 'command': 'pcbnew_do', 'pypi': 'kiauto', 'downloader': 'pytool', 'id': 'KiAuto', 'from': 'KiAuto', 'role': 'Show KiAuto installation information', 'version': '2.0.0'} (kibot - dep_downloader.py:1011)
DEBUG:- Importing out_ipc2581 (kibot - kiplot.py:92)
DEBUG:- Importing out_jobset (kibot - kiplot.py:92)
DEBUG:- Importing out_kibom (kibot - kiplot.py:92)
DEBUG:- Processing dependencies for `out_kibom` (kibot - dep_downloader.py:1071)
DEBUG: - Data: {'Dependencies': [{'name': 'KiBoM', 'role': 'mandatory', 'github': 'INTI-CMNB/KiBoM', 'command': 'KiBOM_CLI.py', 'version': '1.9.1', 'downloader': 'pytool'}]} (kibot - dep_downloader.py:1072)
DEBUG: - Registering dep {'name': 'KiBoM', 'role': 'mandatory', 'github': 'INTI-CMNB/KiBoM', 'command': 'KiBOM_CLI.py', 'version': '1.9.1', 'downloader': 'pytool'} (kibot - dep_downloader.py:1083)
DEBUG:- Importing out_kicad_site (kibot - kiplot.py:92)
DEBUG:- Importing out_kicanvas (kibot - kiplot.py:92)
DEBUG:- Importing out_kicost (kibot - kiplot.py:92)
DEBUG:- Processing dependencies for `out_kicost` (kibot - dep_downloader.py:1071)
DEBUG: - Data: {'Dependencies': [{'from': 'KiCost', 'role': 'mandatory', 'version': '1.1.7'}]} (kibot - dep_downloader.py:1072)
DEBUG: - Registering dep {'from': 'KiCost', 'role': 'mandatory', 'version': '1.1.7'} (kibot - dep_downloader.py:1083)
DEBUG: - Dep after applying from KiCost: {'name': 'KiCost', 'github': 'hildogjr/KiCost', 'pypi': 'KiCost', 'downloader': 'pytool', 'from': 'KiCost', 'role': 'mandatory', 'version': '1.1.7'} (kibot - dep_downloader.py:1011)
DEBUG:- Importing out_kikit_present (kibot - kiplot.py:92)
DEBUG:- Processing dependencies for `out_kikit_present` (kibot - dep_downloader.py:1071)
DEBUG: - Data: {'Dependencies': [{'name': 'markdown2', 'python_module': True, 'debian': 'python3-markdown2', 'arch': 'python-markdown2', 'role': 'mandatory'}, {'from': 'Git', 'role': 'Find commit hash and/or date'}]} (kibot - dep_downloader.py:1072)
DEBUG: - Registering dep {'name': 'markdown2', 'python_module': True, 'debian': 'python3-markdown2', 'arch': 'python-markdown2', 'role': 'mandatory'} (kibot - dep_downloader.py:1083)
DEBUG: - Registering dep {'from': 'Git', 'role': 'Find commit hash and/or date'} (kibot - dep_downloader.py:1083)
DEBUG: - Dep after applying from Git: {'name': 'Git', 'url': 'https://git-scm.com/', 'downloader': 'git', 'debian': 'git', 'arch': 'git', 'from': 'Git', 'role': 'Find commit hash and/or date'} (kibot - dep_downloader.py:1011)
DEBUG:- Importing out_kiri (kibot - kiplot.py:92)
DEBUG:- Processing dependencies for `out_kiri` (kibot - dep_downloader.py:1071)
DEBUG: - Data: {'Dependencies': [{'name': 'KiCad PCB/SCH Diff', 'version': '2.5.1', 'role': 'mandatory', 'github': 'INTI-CMNB/KiDiff', 'command': 'kicad-diff.py', 'pypi': 'kidiff', 'downloader': 'pytool', 'id': 'KiDiff'}, {'from': 'Git', 'role': 'Compare with files in the repo'}, {'from': 'KiAuto', 'role': 'Compare schematics', 'version': '2.2.0'}]} (kibot - dep_downloader.py:1072)
DEBUG: - Registering dep {'name': 'KiCad PCB/SCH Diff', 'version': '2.5.1', 'role': 'mandatory', 'github': 'INTI-CMNB/KiDiff', 'command': 'kicad-diff.py', 'pypi': 'kidiff', 'downloader': 'pytool', 'id': 'KiDiff'} (kibot - dep_downloader.py:1083)
DEBUG: - Registering dep {'from': 'Git', 'role': 'Compare with files in the repo'} (kibot - dep_downloader.py:1083)
DEBUG: - Dep after applying from Git: {'name': 'Git', 'url': 'https://git-scm.com/', 'downloader': 'git', 'debian': 'git', 'arch': 'git', 'from': 'Git', 'role': 'Compare with files in the repo'} (kibot - dep_downloader.py:1011)
DEBUG: - Registering dep {'from': 'KiAuto', 'role': 'Compare schematics', 'version': '2.2.0'} (kibot - dep_downloader.py:1083)
DEBUG: - Dep after applying from KiAuto: {'name': 'KiCad Automation tools', 'github': 'INTI-CMNB/KiAuto', 'command': 'pcbnew_do', 'pypi': 'kiauto', 'downloader': 'pytool', 'id': 'KiAuto', 'from': 'KiAuto', 'role': 'Compare schematics', 'version': '2.2.0'} (kibot - dep_downloader.py:1011)
DEBUG:- Importing out_navigate_results (kibot - kiplot.py:92)
DEBUG:- Processing dependencies for `out_navigate_results` (kibot - dep_downloader.py:1071)
DEBUG: - Data: {'Dependencies': [{'from': 'RSVG', 'role': 'Create outputs preview', 'id': 'rsvg1'}, {'from': 'RSVG', 'role': 'Create PNG icons', 'id': 'rsvg2'}, {'from': 'Ghostscript', 'role': 'Create outputs preview'}, {'from': 'ImageMagick', 'role': 'Create outputs preview'}, {'from': 'Git', 'role': 'Find origin url'}]} (kibot - dep_downloader.py:1072)
DEBUG: - Registering dep {'from': 'RSVG', 'role': 'Create outputs preview', 'id': 'rsvg1'} (kibot - dep_downloader.py:1083)
DEBUG: - Dep after applying from RSVG: {'name': 'RSVG tools', 'url': 'https://gitlab.gnome.org/GNOME/librsvg', 'debian': 'librsvg2-bin', 'arch': 'librsvg', 'command': 'rsvg-convert', 'downloader': 'rsvg', 'id': 'rsvg1', 'tests': [{'command': ['convert', '-list', 'font'], 'search': 'Helvetica', 'error': 'Missing Helvetica font, try installing Ghostscript fonts'}], 'from': 'RSVG', 'role': 'Create outputs preview'} (kibot - dep_downloader.py:1011)
DEBUG: - Registering dep {'from': 'RSVG', 'role': 'Create PNG icons', 'id': 'rsvg2'} (kibot - dep_downloader.py:1083)
DEBUG: - Dep after applying from RSVG: {'name': 'RSVG tools', 'url': 'https://gitlab.gnome.org/GNOME/librsvg', 'debian': 'librsvg2-bin', 'arch': 'librsvg', 'command': 'rsvg-convert', 'downloader': 'rsvg', 'id': 'rsvg2', 'tests': [{'command': ['convert', '-list', 'font'], 'search': 'Helvetica', 'error': 'Missing Helvetica font, try installing Ghostscript fonts'}], 'from': 'RSVG', 'role': 'Create PNG icons'} (kibot - dep_downloader.py:1011)
DEBUG: - Registering dep {'from': 'Ghostscript', 'role': 'Create outputs preview'} (kibot - dep_downloader.py:1083)
DEBUG: - Dep after applying from Ghostscript: {'name': 'Ghostscript', 'url': 'https://www.ghostscript.com/', 'url_down': 'https://github.com/ArtifexSoftware/ghostpdl-downloads/releases', 'debian': 'ghostscript', 'arch': 'ghostscript', 'command': 'gs', 'downloader': 'gs', 'from': 'Ghostscript', 'role': 'Create outputs preview'} (kibot - dep_downloader.py:1011)
DEBUG: - Registering dep {'from': 'ImageMagick', 'role': 'Create outputs preview'} (kibot - dep_downloader.py:1083)
DEBUG: - Dep after applying from ImageMagick: {'name': 'ImageMagick', 'url': 'https://imagemagick.org/', 'url_down': 'https://imagemagick.org/script/download.php', 'command': 'convert', 'downloader': 'convert', 'debian': 'imagemagick', 'arch': 'imagemagick', 'extra_arch': ['gsfonts'], 'extra_checks': ['check_imagick_policy'], 'from': 'ImageMagick', 'role': 'Create outputs preview'} (kibot - dep_downloader.py:1011)
DEBUG: - Registering dep {'from': 'Git', 'role': 'Find origin url'} (kibot - dep_downloader.py:1083)
DEBUG: - Dep after applying from Git: {'name': 'Git', 'url': 'https://git-scm.com/', 'downloader': 'git', 'debian': 'git', 'arch': 'git', 'from': 'Git', 'role': 'Find origin url'} (kibot - dep_downloader.py:1011)
DEBUG:- Importing out_navigate_results_rb (kibot - kiplot.py:92)
DEBUG:- Processing dependencies for `out_navigate_results_rb` (kibot - dep_downloader.py:1071)
DEBUG: - Data: {'Dependencies': [{'from': 'RSVG', 'role': 'Create outputs preview', 'id': 'rsvg1'}, {'from': 'RSVG', 'role': 'Create PNG icons', 'id': 'rsvg2'}, {'from': 'Ghostscript', 'role': 'Create outputs preview'}, {'from': 'ImageMagick', 'role': 'Create outputs preview'}, {'from': 'Git', 'role': 'Find origin url'}]} (kibot - dep_downloader.py:1072)
DEBUG: - Registering dep {'from': 'RSVG', 'role': 'Create outputs preview', 'id': 'rsvg1'} (kibot - dep_downloader.py:1083)
DEBUG: - Dep after applying from RSVG: {'name': 'RSVG tools', 'url': 'https://gitlab.gnome.org/GNOME/librsvg', 'debian': 'librsvg2-bin', 'arch': 'librsvg', 'command': 'rsvg-convert', 'downloader': 'rsvg', 'id': 'rsvg1', 'tests': [{'command': ['convert', '-list', 'font'], 'search': 'Helvetica', 'error': 'Missing Helvetica font, try installing Ghostscript fonts'}], 'from': 'RSVG', 'role': 'Create outputs preview'} (kibot - dep_downloader.py:1011)
DEBUG: - Registering dep {'from': 'RSVG', 'role': 'Create PNG icons', 'id': 'rsvg2'} (kibot - dep_downloader.py:1083)
DEBUG: - Dep after applying from RSVG: {'name': 'RSVG tools', 'url': 'https://gitlab.gnome.org/GNOME/librsvg', 'debian': 'librsvg2-bin', 'arch': 'librsvg', 'command': 'rsvg-convert', 'downloader': 'rsvg', 'id': 'rsvg2', 'tests': [{'command': ['convert', '-list', 'font'], 'search': 'Helvetica', 'error': 'Missing Helvetica font, try installing Ghostscript fonts'}], 'from': 'RSVG', 'role': 'Create PNG icons'} (kibot - dep_downloader.py:1011)
DEBUG: - Registering dep {'from': 'Ghostscript', 'role': 'Create outputs preview'} (kibot - dep_downloader.py:1083)
DEBUG: - Dep after applying from Ghostscript: {'name': 'Ghostscript', 'url': 'https://www.ghostscript.com/', 'url_down': 'https://github.com/ArtifexSoftware/ghostpdl-downloads/releases', 'debian': 'ghostscript', 'arch': 'ghostscript', 'command': 'gs', 'downloader': 'gs', 'from': 'Ghostscript', 'role': 'Create outputs preview'} (kibot - dep_downloader.py:1011)
DEBUG: - Registering dep {'from': 'ImageMagick', 'role': 'Create outputs preview'} (kibot - dep_downloader.py:1083)
DEBUG: - Dep after applying from ImageMagick: {'name': 'ImageMagick', 'url': 'https://imagemagick.org/', 'url_down': 'https://imagemagick.org/script/download.php', 'command': 'convert', 'downloader': 'convert', 'debian': 'imagemagick', 'arch': 'imagemagick', 'extra_arch': ['gsfonts'], 'extra_checks': ['check_imagick_policy'], 'from': 'ImageMagick', 'role': 'Create outputs preview'} (kibot - dep_downloader.py:1011)
DEBUG: - Registering dep {'from': 'Git', 'role': 'Find origin url'} (kibot - dep_downloader.py:1083)
DEBUG: - Dep after applying from Git: {'name': 'Git', 'url': 'https://git-scm.com/', 'downloader': 'git', 'debian': 'git', 'arch': 'git', 'from': 'Git', 'role': 'Find origin url'} (kibot - dep_downloader.py:1011)
DEBUG:- Importing out_netlist (kibot - kiplot.py:92)
DEBUG:- Processing dependencies for `out_netlist` (kibot - dep_downloader.py:1071)
DEBUG: - Data: {'Dependencies': [{'from': 'KiAuto', 'role': 'mandatory', 'command': 'eeschema_do', 'version': '2.0.0'}]} (kibot - dep_downloader.py:1072)
DEBUG: - Registering dep {'from': 'KiAuto', 'role': 'mandatory', 'command': 'eeschema_do', 'version': '2.0.0'} (kibot - dep_downloader.py:1083)
DEBUG: - Dep after applying from KiAuto: {'name': 'KiCad Automation tools', 'github': 'INTI-CMNB/KiAuto', 'command': 'eeschema_do', 'pypi': 'kiauto', 'downloader': 'pytool', 'id': 'KiAuto', 'from': 'KiAuto', 'role': 'mandatory', 'version': '2.0.0'} (kibot - dep_downloader.py:1011)
DEBUG:- Importing out_odb (kibot - kiplot.py:92)
DEBUG:- Importing out_panelize (kibot - kiplot.py:92)
DEBUG:- Processing dependencies for `out_panelize` (kibot - dep_downloader.py:1071)
DEBUG: - Data: {'Dependencies': [{'from': 'KiKit', 'role': 'mandatory', 'version': '1.5.1'}]} (kibot - dep_downloader.py:1072)
DEBUG: - Registering dep {'from': 'KiKit', 'role': 'mandatory', 'version': '1.5.1'} (kibot - dep_downloader.py:1083)
DEBUG: - Dep after applying from KiKit: {'name': 'KiKit', 'github': 'INTI-CMNB/KiKit', 'pypi': 'KiKit', 'downloader': 'pytool', 'version_k6': '1.5.0', 'version_k7': '1.6.0', 'version_k9': '1.7.0', 'from': 'KiKit', 'role': 'mandatory', 'version': '1.5.1'} (kibot - dep_downloader.py:1011)
DEBUG:- Importing out_pcb2blender_tools (kibot - kiplot.py:92)
DEBUG:- Importing out_pcb_print (kibot - kiplot.py:92)
DEBUG:- Processing dependencies for `out_pcb_print` (kibot - dep_downloader.py:1071)
DEBUG: - Data: {'Dependencies': [{'from': 'RSVG', 'role': 'Create PDF, PNG, PS and EPS formats', 'id': 'rsvg1'}, {'from': 'Ghostscript', 'role': 'Create PNG, PS and EPS formats'}, {'from': 'ImageMagick', 'role': 'Create monochrome prints and scaled PNG files'}, {'from': 'KiAuto', 'command': 'pcbnew_do', 'role': 'Print the page frame in GUI mode', 'version': '1.6.7'}, {'from': 'LXML', 'role': 'mandatory'}]} (kibot - dep_downloader.py:1072)
DEBUG: - Registering dep {'from': 'RSVG', 'role': 'Create PDF, PNG, PS and EPS formats', 'id': 'rsvg1'} (kibot - dep_downloader.py:1083)
DEBUG: - Dep after applying from RSVG: {'name': 'RSVG tools', 'url': 'https://gitlab.gnome.org/GNOME/librsvg', 'debian': 'librsvg2-bin', 'arch': 'librsvg', 'command': 'rsvg-convert', 'downloader': 'rsvg', 'id': 'rsvg1', 'tests': [{'command': ['convert', '-list', 'font'], 'search': 'Helvetica', 'error': 'Missing Helvetica font, try installing Ghostscript fonts'}], 'from': 'RSVG', 'role': 'Create PDF, PNG, PS and EPS formats'} (kibot - dep_downloader.py:1011)
DEBUG: - Registering dep {'from': 'Ghostscript', 'role': 'Create PNG, PS and EPS formats'} (kibot - dep_downloader.py:1083)
DEBUG: - Dep after applying from Ghostscript: {'name': 'Ghostscript', 'url': 'https://www.ghostscript.com/', 'url_down': 'https://github.com/ArtifexSoftware/ghostpdl-downloads/releases', 'debian': 'ghostscript', 'arch': 'ghostscript', 'command': 'gs', 'downloader': 'gs', 'from': 'Ghostscript', 'role': 'Create PNG, PS and EPS formats'} (kibot - dep_downloader.py:1011)
DEBUG: - Registering dep {'from': 'ImageMagick', 'role': 'Create monochrome prints and scaled PNG files'} (kibot - dep_downloader.py:1083)
DEBUG: - Dep after applying from ImageMagick: {'name': 'ImageMagick', 'url': 'https://imagemagick.org/', 'url_down': 'https://imagemagick.org/script/download.php', 'command': 'convert', 'downloader': 'convert', 'debian': 'imagemagick', 'arch': 'imagemagick', 'extra_arch': ['gsfonts'], 'extra_checks': ['check_imagick_policy'], 'from': 'ImageMagick', 'role': 'Create monochrome prints and scaled PNG files'} (kibot - dep_downloader.py:1011)
DEBUG: - Registering dep {'from': 'KiAuto', 'command': 'pcbnew_do', 'role': 'Print the page frame in GUI mode', 'version': '1.6.7'} (kibot - dep_downloader.py:1083)
DEBUG: - Dep after applying from KiAuto: {'name': 'KiCad Automation tools', 'github': 'INTI-CMNB/KiAuto', 'command': 'pcbnew_do', 'pypi': 'kiauto', 'downloader': 'pytool', 'id': 'KiAuto', 'from': 'KiAuto', 'role': 'Print the page frame in GUI mode', 'version': '1.6.7'} (kibot - dep_downloader.py:1011)
DEBUG: - Registering dep {'from': 'LXML', 'role': 'mandatory'} (kibot - dep_downloader.py:1083)
DEBUG: - Dep after applying from LXML: {'name': 'LXML', 'python_module': True, 'debian': 'python3-lxml', 'arch': 'python-lxml', 'downloader': 'python', 'from': 'LXML', 'role': 'mandatory'} (kibot - dep_downloader.py:1011)
DEBUG:- Importing out_pcb_stats (kibot - kiplot.py:92)
DEBUG:- Importing out_pcb_variant (kibot - kiplot.py:92)
DEBUG:- Importing out_pcbdraw (kibot - kiplot.py:92)
DEBUG:- Processing dependencies for `out_pcbdraw` (kibot - dep_downloader.py:1071)
DEBUG: - Data: {'Dependencies': [{'from': 'RSVG', 'role': 'Create PNG, JPG and BMP images'}, {'from': 'ImageMagick', 'role': 'Create JPG and BMP images'}, {'from': 'LXML', 'role': 'mandatory'}, {'name': 'numpy', 'python_module': True, 'debian': 'python3-numpy', 'arch': 'python-numpy', 'downloader': 'python', 'role': 'Automatically adjust SVG margin'}]} (kibot - dep_downloader.py:1072)
DEBUG: - Registering dep {'from': 'RSVG', 'role': 'Create PNG, JPG and BMP images'} (kibot - dep_downloader.py:1083)
DEBUG: - Dep after applying from RSVG: {'name': 'RSVG tools', 'url': 'https://gitlab.gnome.org/GNOME/librsvg', 'debian': 'librsvg2-bin', 'arch': 'librsvg', 'command': 'rsvg-convert', 'downloader': 'rsvg', 'id': 'RSVG', 'tests': [{'command': ['convert', '-list', 'font'], 'search': 'Helvetica', 'error': 'Missing Helvetica font, try installing Ghostscript fonts'}], 'from': 'RSVG', 'role': 'Create PNG, JPG and BMP images'} (kibot - dep_downloader.py:1011)
DEBUG: - Registering dep {'from': 'ImageMagick', 'role': 'Create JPG and BMP images'} (kibot - dep_downloader.py:1083)
DEBUG: - Dep after applying from ImageMagick: {'name': 'ImageMagick', 'url': 'https://imagemagick.org/', 'url_down': 'https://imagemagick.org/script/download.php', 'command': 'convert', 'downloader': 'convert', 'debian': 'imagemagick', 'arch': 'imagemagick', 'extra_arch': ['gsfonts'], 'extra_checks': ['check_imagick_policy'], 'from': 'ImageMagick', 'role': 'Create JPG and BMP images'} (kibot - dep_downloader.py:1011)
DEBUG: - Registering dep {'from': 'LXML', 'role': 'mandatory'} (kibot - dep_downloader.py:1083)
DEBUG: - Dep after applying from LXML: {'name': 'LXML', 'python_module': True, 'debian': 'python3-lxml', 'arch': 'python-lxml', 'downloader': 'python', 'from': 'LXML', 'role': 'mandatory'} (kibot - dep_downloader.py:1011)
DEBUG: - Registering dep {'name': 'numpy', 'python_module': True, 'debian': 'python3-numpy', 'arch': 'python-numpy', 'downloader': 'python', 'role': 'Automatically adjust SVG margin'} (kibot - dep_downloader.py:1083)
DEBUG:- Importing out_pdf (kibot - kiplot.py:92)
DEBUG:- Importing out_pdf_pcb_print (kibot - kiplot.py:92)
DEBUG:- Processing dependencies for `out_pdf_pcb_print` (kibot - dep_downloader.py:1071)
DEBUG: - Data: {'Dependencies': [{'from': 'KiAuto', 'role': 'mandatory', 'version': '1.6.7'}]} (kibot - dep_downloader.py:1072)
DEBUG: - Registering dep {'from': 'KiAuto', 'role': 'mandatory', 'version': '1.6.7'} (kibot - dep_downloader.py:1083)
DEBUG: - Dep after applying from KiAuto: {'name': 'KiCad Automation tools', 'github': 'INTI-CMNB/KiAuto', 'command': 'pcbnew_do', 'pypi': 'kiauto', 'downloader': 'pytool', 'id': 'KiAuto', 'from': 'KiAuto', 'role': 'mandatory', 'version': '1.6.7'} (kibot - dep_downloader.py:1011)
DEBUG:- Importing out_pdf_sch_print (kibot - kiplot.py:92)
DEBUG:- Processing dependencies for `out_pdf_sch_print` (kibot - dep_downloader.py:1071)
DEBUG: - Data: {'Dependencies': [{'from': 'KiAuto', 'role': 'mandatory', 'command': 'eeschema_do', 'version': '2.3.6'}]} (kibot - dep_downloader.py:1072)
DEBUG: - Registering dep {'from': 'KiAuto', 'role': 'mandatory', 'command': 'eeschema_do', 'version': '2.3.6'} (kibot - dep_downloader.py:1083)
DEBUG: - Dep after applying from KiAuto: {'name': 'KiCad Automation tools', 'github': 'INTI-CMNB/KiAuto', 'command': 'eeschema_do', 'pypi': 'kiauto', 'downloader': 'pytool', 'id': 'KiAuto', 'from': 'KiAuto', 'role': 'mandatory', 'version': '2.3.6'} (kibot - dep_downloader.py:1011)
DEBUG:- Importing out_pdfunite (kibot - kiplot.py:92)
DEBUG:- Importing out_populate (kibot - kiplot.py:92)
DEBUG:- Importing out_position (kibot - kiplot.py:92)
DEBUG:- Importing out_ps (kibot - kiplot.py:92)
DEBUG:- Importing out_ps_sch_print (kibot - kiplot.py:92)
DEBUG:- Processing dependencies for `out_ps_sch_print` (kibot - dep_downloader.py:1071)
DEBUG: - Data: {'Dependencies': [{'from': 'KiAuto', 'role': 'mandatory', 'command': 'eeschema_do', 'version': '2.3.6'}]} (kibot - dep_downloader.py:1072)
DEBUG: - Registering dep {'from': 'KiAuto', 'role': 'mandatory', 'command': 'eeschema_do', 'version': '2.3.6'} (kibot - dep_downloader.py:1083)
DEBUG: - Dep after applying from KiAuto: {'name': 'KiCad Automation tools', 'github': 'INTI-CMNB/KiAuto', 'command': 'eeschema_do', 'pypi': 'kiauto', 'downloader': 'pytool', 'id': 'KiAuto', 'from': 'KiAuto', 'role': 'mandatory', 'version': '2.3.6'} (kibot - dep_downloader.py:1011)
DEBUG:- Importing out_qr_lib (kibot - kiplot.py:92)
DEBUG:- Processing dependencies for `out_qr_lib` (kibot - dep_downloader.py:1071)
DEBUG: - Data: {'Dependencies': [{'name': 'QRCodeGen', 'role': 'mandatory', 'python_module': True, 'downloader': 'python', 'debian': 'python3-qrcodegen'}]} (kibot - dep_downloader.py:1072)
DEBUG: - Registering dep {'name': 'QRCodeGen', 'role': 'mandatory', 'python_module': True, 'downloader': 'python', 'debian': 'python3-qrcodegen'} (kibot - dep_downloader.py:1083)
DEBUG:- Importing out_render_3d (kibot - kiplot.py:92)
DEBUG:- Processing dependencies for `out_render_3d` (kibot - dep_downloader.py:1071)
DEBUG: - Data: {'Dependencies': [{'from': 'KiAuto', 'role': 'mandatory', 'version': '2.3.1'}, {'from': 'ImageMagick', 'role': 'Automatically crop images'}]} (kibot - dep_downloader.py:1072)
DEBUG: - Registering dep {'from': 'KiAuto', 'role': 'mandatory', 'version': '2.3.1'} (kibot - dep_downloader.py:1083)
DEBUG: - Dep after applying from KiAuto: {'name': 'KiCad Automation tools', 'github': 'INTI-CMNB/KiAuto', 'command': 'pcbnew_do', 'pypi': 'kiauto', 'downloader': 'pytool', 'id': 'KiAuto', 'from': 'KiAuto', 'role': 'mandatory', 'version': '2.3.1'} (kibot - dep_downloader.py:1011)
DEBUG: - Registering dep {'from': 'ImageMagick', 'role': 'Automatically crop images'} (kibot - dep_downloader.py:1083)
DEBUG: - Dep after applying from ImageMagick: {'name': 'ImageMagick', 'url': 'https://imagemagick.org/', 'url_down': 'https://imagemagick.org/script/download.php', 'command': 'convert', 'downloader': 'convert', 'debian': 'imagemagick', 'arch': 'imagemagick', 'extra_arch': ['gsfonts'], 'extra_checks': ['check_imagick_policy'], 'from': 'ImageMagick', 'role': 'Automatically crop images'} (kibot - dep_downloader.py:1011)
DEBUG:- Importing out_report (kibot - kiplot.py:92)
DEBUG:- Processing dependencies for `out_report` (kibot - dep_downloader.py:1071)
DEBUG: - Data: {'Dependencies': [{'name': 'Pandoc', 'role': 'Create PDF/ODF/DOCX files', 'url': 'https://pandoc.org/', 'url_down': 'https://github.com/jgm/pandoc/releases', 'debian': 'pandoc', 'arch': 'pandoc', 'extra_deb': ['texlive', 'texlive-latex-base', 'texlive-latex-recommended'], 'extra_arch': ['texlive-core'], 'comments': 'In CI/CD environments: the `kicad_auto_test` docker image contains it.'}]} (kibot - dep_downloader.py:1072)
DEBUG: - Registering dep {'name': 'Pandoc', 'role': 'Create PDF/ODF/DOCX files', 'url': 'https://pandoc.org/', 'url_down': 'https://github.com/jgm/pandoc/releases', 'debian': 'pandoc', 'arch': 'pandoc', 'extra_deb': ['texlive', 'texlive-latex-base', 'texlive-latex-recommended'], 'extra_arch': ['texlive-core'], 'comments': 'In CI/CD environments: the `kicad_auto_test` docker image contains it.'} (kibot - dep_downloader.py:1083)
DEBUG:- Importing out_sch_variant (kibot - kiplot.py:92)
DEBUG:- Importing out_stencil_3d (kibot - kiplot.py:92)
DEBUG:- Processing dependencies for `out_stencil_3d` (kibot - dep_downloader.py:1071)
DEBUG: - Data: {'Dependencies': [{'from': 'KiKit', 'role': 'mandatory'}, {'name': 'OpenSCAD', 'url': 'https://openscad.org/', 'url_down': 'https://openscad.org/downloads.html', 'command': 'openscad', 'debian': 'openscad', 'arch': 'openscad', 'role': 'mandatory'}, {'from': 'Xvfbwrapper', 'role': 'mandatory'}, {'from': 'Xvfb', 'role': 'mandatory'}]} (kibot - dep_downloader.py:1072)
DEBUG: - Registering dep {'from': 'KiKit', 'role': 'mandatory'} (kibot - dep_downloader.py:1083)
DEBUG: - Dep after applying from KiKit: {'name': 'KiKit', 'github': 'INTI-CMNB/KiKit', 'pypi': 'KiKit', 'downloader': 'pytool', 'version_k6': '1.5.0', 'version_k7': '1.6.0', 'version_k9': '1.7.0', 'from': 'KiKit', 'role': 'mandatory'} (kibot - dep_downloader.py:1011)
DEBUG: - Registering dep {'name': 'OpenSCAD', 'url': 'https://openscad.org/', 'url_down': 'https://openscad.org/downloads.html', 'command': 'openscad', 'debian': 'openscad', 'arch': 'openscad', 'role': 'mandatory'} (kibot - dep_downloader.py:1083)
DEBUG: - Registering dep {'from': 'Xvfbwrapper', 'role': 'mandatory'} (kibot - dep_downloader.py:1083)
DEBUG: - Dep after applying from Xvfbwrapper: {'name': 'Xvfbwrapper', 'python_module': True, 'debian': 'python3-xvfbwrapper', 'arch': 'python-xvfbwrapper', 'downloader': 'python', 'from': 'Xvfbwrapper', 'role': 'mandatory'} (kibot - dep_downloader.py:1011)
DEBUG: - Registering dep {'from': 'Xvfb', 'role': 'mandatory'} (kibot - dep_downloader.py:1083)
DEBUG: - Dep after applying from Xvfb: {'name': 'Xvfb', 'url': 'https://www.x.org', 'command': 'xvfb-run', 'debian': 'xvfb', 'arch': 'xorg-server-xvfb', 'no_cmd_line_version': True, 'from': 'Xvfb', 'role': 'mandatory'} (kibot - dep_downloader.py:1011)
DEBUG:- Importing out_stencil_for_jig (kibot - kiplot.py:92)
DEBUG:- Processing dependencies for `out_stencil_for_jig` (kibot - dep_downloader.py:1071)
DEBUG: - Data: {'Dependencies': [{'from': 'KiKit', 'role': 'mandatory'}, {'name': 'OpenSCAD', 'url': 'https://openscad.org/', 'url_down': 'https://openscad.org/downloads.html', 'command': 'openscad', 'debian': 'openscad', 'arch': 'openscad', 'role': 'mandatory'}, {'from': 'Xvfbwrapper', 'role': 'mandatory'}, {'from': 'Xvfb', 'role': 'mandatory'}]} (kibot - dep_downloader.py:1072)
DEBUG: - Registering dep {'from': 'KiKit', 'role': 'mandatory'} (kibot - dep_downloader.py:1083)
DEBUG: - Dep after applying from KiKit: {'name': 'KiKit', 'github': 'INTI-CMNB/KiKit', 'pypi': 'KiKit', 'downloader': 'pytool', 'version_k6': '1.5.0', 'version_k7': '1.6.0', 'version_k9': '1.7.0', 'from': 'KiKit', 'role': 'mandatory'} (kibot - dep_downloader.py:1011)
DEBUG: - Registering dep {'name': 'OpenSCAD', 'url': 'https://openscad.org/', 'url_down': 'https://openscad.org/downloads.html', 'command': 'openscad', 'debian': 'openscad', 'arch': 'openscad', 'role': 'mandatory'} (kibot - dep_downloader.py:1083)
DEBUG: - Registering dep {'from': 'Xvfbwrapper', 'role': 'mandatory'} (kibot - dep_downloader.py:1083)
DEBUG: - Dep after applying from Xvfbwrapper: {'name': 'Xvfbwrapper', 'python_module': True, 'debian': 'python3-xvfbwrapper', 'arch': 'python-xvfbwrapper', 'downloader': 'python', 'from': 'Xvfbwrapper', 'role': 'mandatory'} (kibot - dep_downloader.py:1011)
DEBUG: - Registering dep {'from': 'Xvfb', 'role': 'mandatory'} (kibot - dep_downloader.py:1083)
DEBUG: - Dep after applying from Xvfb: {'name': 'Xvfb', 'url': 'https://www.x.org', 'command': 'xvfb-run', 'debian': 'xvfb', 'arch': 'xorg-server-xvfb', 'no_cmd_line_version': True, 'from': 'Xvfb', 'role': 'mandatory'} (kibot - dep_downloader.py:1011)
DEBUG:- Importing out_step (kibot - kiplot.py:92)
DEBUG:- Processing dependencies for `out_step` (kibot - dep_downloader.py:1071)
DEBUG: - Data: {'Dependencies': [{'from': 'KiAuto', 'role': 'mandatory', 'version': '1.6.1', 'command': 'kicad2step_do'}]} (kibot - dep_downloader.py:1072)
DEBUG: - Registering dep {'from': 'KiAuto', 'role': 'mandatory', 'version': '1.6.1', 'command': 'kicad2step_do'} (kibot - dep_downloader.py:1083)
DEBUG: - Dep after applying from KiAuto: {'name': 'KiCad Automation tools', 'github': 'INTI-CMNB/KiAuto', 'command': 'kicad2step_do', 'pypi': 'kiauto', 'downloader': 'pytool', 'id': 'KiAuto', 'from': 'KiAuto', 'role': 'mandatory', 'version': '1.6.1'} (kibot - dep_downloader.py:1011)
DEBUG:- Importing out_svg (kibot - kiplot.py:92)
DEBUG:- Importing out_svg_pcb_print (kibot - kiplot.py:92)
DEBUG:- Processing dependencies for `out_svg_pcb_print` (kibot - dep_downloader.py:1071)
DEBUG: - Data: {'Dependencies': [{'from': 'KiAuto', 'role': 'mandatory', 'version': '1.6.7'}]} (kibot - dep_downloader.py:1072)
DEBUG: - Registering dep {'from': 'KiAuto', 'role': 'mandatory', 'version': '1.6.7'} (kibot - dep_downloader.py:1083)
DEBUG: - Dep after applying from KiAuto: {'name': 'KiCad Automation tools', 'github': 'INTI-CMNB/KiAuto', 'command': 'pcbnew_do', 'pypi': 'kiauto', 'downloader': 'pytool', 'id': 'KiAuto', 'from': 'KiAuto', 'role': 'mandatory', 'version': '1.6.7'} (kibot - dep_downloader.py:1011)
DEBUG:- Importing out_svg_sch_print (kibot - kiplot.py:92)
DEBUG:- Processing dependencies for `out_svg_sch_print` (kibot - dep_downloader.py:1071)
DEBUG: - Data: {'Dependencies': [{'from': 'KiAuto', 'role': 'mandatory', 'command': 'eeschema_do', 'version': '2.3.6'}]} (kibot - dep_downloader.py:1072)
DEBUG: - Registering dep {'from': 'KiAuto', 'role': 'mandatory', 'command': 'eeschema_do', 'version': '2.3.6'} (kibot - dep_downloader.py:1083)
DEBUG: - Dep after applying from KiAuto: {'name': 'KiCad Automation tools', 'github': 'INTI-CMNB/KiAuto', 'command': 'eeschema_do', 'pypi': 'kiauto', 'downloader': 'pytool', 'id': 'KiAuto', 'from': 'KiAuto', 'role': 'mandatory', 'version': '2.3.6'} (kibot - dep_downloader.py:1011)
DEBUG:- Importing out_vrml (kibot - kiplot.py:92)
DEBUG:- Processing dependencies for `out_vrml` (kibot - dep_downloader.py:1071)
DEBUG: - Data: {'Dependencies': [{'from': 'KiAuto', 'role': 'mandatory', 'version': '2.1.0'}]} (kibot - dep_downloader.py:1072)
DEBUG: - Registering dep {'from': 'KiAuto', 'role': 'mandatory', 'version': '2.1.0'} (kibot - dep_downloader.py:1083)
DEBUG: - Dep after applying from KiAuto: {'name': 'KiCad Automation tools', 'github': 'INTI-CMNB/KiAuto', 'command': 'pcbnew_do', 'pypi': 'kiauto', 'downloader': 'pytool', 'id': 'KiAuto', 'from': 'KiAuto', 'role': 'mandatory', 'version': '2.1.0'} (kibot - dep_downloader.py:1011)
DEBUG:- Importing pre_annotate_pcb (kibot - kiplot.py:92)
DEBUG:- Importing pre_annotate_power (kibot - kiplot.py:92)
DEBUG:- Importing pre_any_replace (kibot - kiplot.py:92)
DEBUG:- Importing pre_any_xrc (kibot - kiplot.py:92)
DEBUG:- Importing pre_base (kibot - kiplot.py:92)
DEBUG:- Importing pre_check_fields (kibot - kiplot.py:92)
DEBUG:- Importing pre_check_zone_fills (kibot - kiplot.py:92)
DEBUG:- Importing pre_consolidate_pcbs (kibot - kiplot.py:92)
DEBUG:- Importing pre_convert_pcb (kibot - kiplot.py:92)
DEBUG:- Processing dependencies for `pre_convert_pcb` (kibot - dep_downloader.py:1071)
DEBUG: - Data: {'Dependencies': [{'from': 'KiAuto', 'role': 'mandatory', 'version': '2.3.2'}]} (kibot - dep_downloader.py:1072)
DEBUG: - Registering dep {'from': 'KiAuto', 'role': 'mandatory', 'version': '2.3.2'} (kibot - dep_downloader.py:1083)
DEBUG: - Dep after applying from KiAuto: {'name': 'KiCad Automation tools', 'github': 'INTI-CMNB/KiAuto', 'command': 'pcbnew_do', 'pypi': 'kiauto', 'downloader': 'pytool', 'id': 'KiAuto', 'from': 'KiAuto', 'role': 'mandatory', 'version': '2.3.2'} (kibot - dep_downloader.py:1011)
DEBUG:- Importing pre_draw_fancy_stackup (kibot - kiplot.py:92)
DEBUG:- Importing pre_draw_stackup (kibot - kiplot.py:92)
DEBUG:- Importing pre_drc (kibot - kiplot.py:92)
DEBUG:- Importing pre_erc (kibot - kiplot.py:92)
DEBUG:- Importing pre_erc_warnings (kibot - kiplot.py:92)
DEBUG:- Importing pre_fill_zones (kibot - kiplot.py:92)
DEBUG:- Importing pre_filters (kibot - kiplot.py:92)
DEBUG:- Importing pre_ignore_unconnected (kibot - kiplot.py:92)
DEBUG:- Importing pre_include_table (kibot - kiplot.py:92)
DEBUG:- Importing pre_pcb_replace (kibot - kiplot.py:92)
DEBUG:- Processing dependencies for `pre_pcb_replace` (kibot - dep_downloader.py:1071)
DEBUG: - Data: {'Dependencies': [{'from': 'Git', 'role': 'Find commit hash and/or date'}, {'from': 'Bash', 'role': 'Run external commands to create replacement text'}]} (kibot - dep_downloader.py:1072)
DEBUG: - Registering dep {'from': 'Git', 'role': 'Find commit hash and/or date'} (kibot - dep_downloader.py:1083)
DEBUG: - Dep after applying from Git: {'name': 'Git', 'url': 'https://git-scm.com/', 'downloader': 'git', 'debian': 'git', 'arch': 'git', 'from': 'Git', 'role': 'Find commit hash and/or date'} (kibot - dep_downloader.py:1011)
DEBUG: - Registering dep {'from': 'Bash', 'role': 'Run external commands to create replacement text'} (kibot - dep_downloader.py:1083)
DEBUG: - Dep after applying from Bash: {'name': 'Bash', 'url': 'https://www.gnu.org/software/bash/', 'debian': 'bash', 'arch': 'bash', 'from': 'Bash', 'role': 'Run external commands to create replacement text'} (kibot - dep_downloader.py:1011)
DEBUG:- Importing pre_run_drc (kibot - kiplot.py:92)
DEBUG:- Processing dependencies for `pre_run_drc` (kibot - dep_downloader.py:1071)
DEBUG: - Data: {'Dependencies': [{'from': 'KiAuto', 'role': 'mandatory', 'version': '2.0.0'}]} (kibot - dep_downloader.py:1072)
DEBUG: - Registering dep {'from': 'KiAuto', 'role': 'mandatory', 'version': '2.0.0'} (kibot - dep_downloader.py:1083)
DEBUG: - Dep after applying from KiAuto: {'name': 'KiCad Automation tools', 'github': 'INTI-CMNB/KiAuto', 'command': 'pcbnew_do', 'pypi': 'kiauto', 'downloader': 'pytool', 'id': 'KiAuto', 'from': 'KiAuto', 'role': 'mandatory', 'version': '2.0.0'} (kibot - dep_downloader.py:1011)
DEBUG:- Importing pre_run_erc (kibot - kiplot.py:92)
DEBUG:- Processing dependencies for `pre_run_erc` (kibot - dep_downloader.py:1071)
DEBUG: - Data: {'Dependencies': [{'from': 'KiAuto', 'role': 'mandatory', 'command': 'eeschema_do', 'version': '2.2.1'}]} (kibot - dep_downloader.py:1072)
DEBUG: - Registering dep {'from': 'KiAuto', 'role': 'mandatory', 'command': 'eeschema_do', 'version': '2.2.1'} (kibot - dep_downloader.py:1083)
DEBUG: - Dep after applying from KiAuto: {'name': 'KiCad Automation tools', 'github': 'INTI-CMNB/KiAuto', 'command': 'eeschema_do', 'pypi': 'kiauto', 'downloader': 'pytool', 'id': 'KiAuto', 'from': 'KiAuto', 'role': 'mandatory', 'version': '2.2.1'} (kibot - dep_downloader.py:1011)
DEBUG:- Importing pre_sch_replace (kibot - kiplot.py:92)
DEBUG:- Processing dependencies for `pre_sch_replace` (kibot - dep_downloader.py:1071)
DEBUG: - Data: {'Dependencies': [{'from': 'Git', 'role': 'Find commit hash and/or date'}, {'from': 'Bash', 'role': 'Run external commands to create replacement text'}]} (kibot - dep_downloader.py:1072)
DEBUG: - Registering dep {'from': 'Git', 'role': 'Find commit hash and/or date'} (kibot - dep_downloader.py:1083)
DEBUG: - Dep after applying from Git: {'name': 'Git', 'url': 'https://git-scm.com/', 'downloader': 'git', 'debian': 'git', 'arch': 'git', 'from': 'Git', 'role': 'Find commit hash and/or date'} (kibot - dep_downloader.py:1011)
DEBUG: - Registering dep {'from': 'Bash', 'role': 'Run external commands to create replacement text'} (kibot - dep_downloader.py:1083)
DEBUG: - Dep after applying from Bash: {'name': 'Bash', 'url': 'https://www.gnu.org/software/bash/', 'debian': 'bash', 'arch': 'bash', 'from': 'Bash', 'role': 'Run external commands to create replacement text'} (kibot - dep_downloader.py:1011)
DEBUG:- Importing pre_set_text_variables (kibot - kiplot.py:92)
DEBUG:- Processing dependencies for `pre_set_text_variables` (kibot - dep_downloader.py:1071)
DEBUG: - Data: {'Dependencies': [{'from': 'Git', 'role': 'Find commit hash and/or date'}, {'from': 'Bash', 'role': 'Run external commands to create replacement text'}]} (kibot - dep_downloader.py:1072)
DEBUG: - Registering dep {'from': 'Git', 'role': 'Find commit hash and/or date'} (kibot - dep_downloader.py:1083)
DEBUG: - Dep after applying from Git: {'name': 'Git', 'url': 'https://git-scm.com/', 'downloader': 'git', 'debian': 'git', 'arch': 'git', 'from': 'Git', 'role': 'Find commit hash and/or date'} (kibot - dep_downloader.py:1011)
DEBUG: - Registering dep {'from': 'Bash', 'role': 'Run external commands to create replacement text'} (kibot - dep_downloader.py:1083)
DEBUG: - Dep after applying from Bash: {'name': 'Bash', 'url': 'https://www.gnu.org/software/bash/', 'debian': 'bash', 'arch': 'bash', 'from': 'Bash', 'role': 'Run external commands to create replacement text'} (kibot - dep_downloader.py:1011)
DEBUG:- Importing pre_update_footprint (kibot - kiplot.py:92)
DEBUG:- Importing pre_update_pcb_characteristics (kibot - kiplot.py:92)
DEBUG:- Importing pre_update_qr (kibot - kiplot.py:92)
DEBUG:- Importing pre_update_stackup (kibot - kiplot.py:92)
DEBUG:- Importing pre_update_xml (kibot - kiplot.py:92)
DEBUG:- Processing dependencies for `pre_update_xml` (kibot - dep_downloader.py:1071)
DEBUG: - Data: {'Dependencies': [{'from': 'KiAuto', 'role': 'mandatory', 'command': 'eeschema_do', 'version': '1.5.4'}]} (kibot - dep_downloader.py:1072)
DEBUG: - Registering dep {'from': 'KiAuto', 'role': 'mandatory', 'command': 'eeschema_do', 'version': '1.5.4'} (kibot - dep_downloader.py:1083)
DEBUG: - Dep after applying from KiAuto: {'name': 'KiCad Automation tools', 'github': 'INTI-CMNB/KiAuto', 'command': 'eeschema_do', 'pypi': 'kiauto', 'downloader': 'pytool', 'id': 'KiAuto', 'from': 'KiAuto', 'role': 'mandatory', 'version': '1.5.4'} (kibot - dep_downloader.py:1011)
DEBUG:- Importing var_base (kibot - kiplot.py:92)
DEBUG:- Importing var_ibom (kibot - kiplot.py:92)
DEBUG:- Importing var_kibom (kibot - kiplot.py:92)
DEBUG:- Importing var_kicad (kibot - kiplot.py:92)
DEBUG:- Importing var_kicost (kibot - kiplot.py:92)
DEBUG:Deactivating macros (kibot - kiplot.py:118)
DEBUG:End of initialization (kibot - __main__.py:551)
DEBUG:Using configuration file: `kibot_yaml/kibot_main.yaml` (kibot - __main__.py:280)
DEBUG:Silly warning: (W044) More than one SCH file found in `.`.
  Using ./LE_BMS_A_V2.kicad_sch if you want to use another use -e option. (kibot - log.py:135)
DEBUG:Using schematic: `/github/workspace/LE_BMS_A_V2.kicad_sch` (kibot - kiplot.py:1057)
DEBUG:Real schematic name: `/github/workspace/LE_BMS_A_V2.kicad_sch` (kibot - kiplot.py:1058)
DEBUG:Using PCB: `/github/workspace/LE_BMS_A_V2.kicad_pcb` (kibot - kiplot.py:1088)
DEBUG:Real PCB name: `/github/workspace/LE_BMS_A_V2.kicad_pcb` (kibot - kiplot.py:1089)
DEBUG:Starting to load the configuration (kibot - __main__.py:624)
DEBUG:Found local definitions (kibot - config_reader.py:651)
DEBUG:- Local definitions: {'PROJECT_NAME': 'LE_V2', 'BOARD_NAME': 'LE_BMS_A_V2', 'COMPANY': 'Company Name', 'DESIGNER': 'Author', 'LOGO': 'Logos/dummy_logo.png', 'GIT_URL': 'https://github.com/nguyen-v/KDT_Hierarchical_KiBot', 'CHECK_ZONE_FILLS': False, 'STACKUP_TABLE_NOTE': 'external layer thicknesses are specified after plating', 'MPN_FIELD': 'Manufacturer Part Number', 'MAN_FIELD': 'Manufacturer', 'GROUP_ROUND_SLOTS': True, 'GROUP_PTH_NPTH': 'no', 'GROUP_PTH_NPTH_DRL': False, 'PLOT_REFS': True, 'COLOR_THEME': 'Altium_Theme', 'SHEET_WKS': '${KIPRJMOD}/Templates/KDT_Template_PCB_GIT_A4.kicad_wks', 'FAB_SCALING': 1, 'ASSEMBLY_SCALING': 1, 'EXCLUDE_REFS': '[MB*]', '3D_VIEWER_ROT_X': 2, '3D_VIEWER_ROT_Y': -1, '3D_VIEWER_ROT_Z': 1, '3D_VIEWER_ZOOM': -1, 'KEY_COLOR': '#00FF00', 'OUTPUT_DIR': './', 'REPORT_DIR': 'Reports', 'SCHEMATIC_DIR': 'Schematic', 'MANUFACTURING_DIR': 'Manufacturing', 'ASSEMBLY_DIR': '@MANUFACTURING_DIR@/Assembly', 'FABRICATION_DIR': '@MANUFACTURING_DIR@/Fabrication', 'GERBERS_DIR': '@FABRICATION_DIR@/Gerbers', 'FAB_DRILL_TABLES_DIR': '@FABRICATION_DIR@/Drill Tables', 'TESTING_DIR': 'Testing', 'TESTPOINTS_DIR': '@TESTING_DIR@/Testpoints', 'IMAGES_DIR': 'Images', '3D_DIR': '3D', 'RESOURCES_DIR': 'kibot_resources', 'REPORT_TEMPLATE_DIR': '@RESOURCES_DIR@/templates', 'SCRIPTS_DIR': '@RESOURCES_DIR@/scripts', 'LAYER_TITLE_PAGE': 'TitlePage', 'LAYER_DNP_TOP': 'F.DNP', 'LAYER_DNP_BOTTOM': 'B.DNP', 'LAYER_DRILL_MAP': 'DrillMap', 'LAYER_TP_LIST_TOP': 'F.TestPointList', 'LAYER_TP_LIST_BOTTOM': 'B.TestPointList', 'LAYER_ASSEMBLY_TEXT_TOP': 'F.AssemblyText', 'LAYER_ASSEMBLY_TEXT_BOTTOM': 'B.AssemblyText', 'LAYER_DNP_CROSS_TOP': 'F.DNP', 'LAYER_DNP_CROSS_BOTTOM': 'B.DNP', 'FILT_FIELD_RENAME': 'field_rename', 'FILT_TP_ONLY': 'only_testpoints', 'FILT_TP_EXCLUDE': 'exclude_testpoints', 'FILT_TP_TOP_ONLY': 'only_testpoints_top', 'FILT_TP_BOTTOM_ONLY': 'only_testpoints_bottom', 'SCH_VARIANT_OUTPUT': 'value_split', 'NETLIST_OUTPUT': 'netlist', 'GERBER_OUTPUT': 'gbr_gerbers', 'ODB_OUTPUT': 'zip_odb', 'EXCELLON_DRILL_OUTPUT': 'drl_excellon', 'PDF_DRILL_MAP_OUTPUT': 'pdf_drill_map', 'DXF_DRILL_MAP_OUTPUT': 'dxf_drill_map', 'CSV_DRILL_TABLE_OUTPUT': 'csv_drill_table', 'CSV_POS_OUTPUT': 'csv_position', 'CSV_TP_OUTPUT': 'csv_testpoints', 'CSV_TP_TOP_OUTPUT': 'csv_testpoints_top', 'CSV_TP_BOTTOM_OUTPUT': 'csv_testpoints_bottom', 'CSV_BOM_OUTPUT': 'csv_bom', 'XLSX_BOM_OUTPUT': 'xlsx_bom', 'HTML_IBOM_OUTPUT': 'html_bom_interactive', 'HTML_BOM_OUTPUT': 'html_bom', 'CSV_COMP_COUNT_OUPUT': 'csv_comp_count', 'CSV_IMPEDANCE_TABLE_OUTPUT': 'csv_impedance_table', 'TXT_FAB_NOTES_OUTPUT': 'txt_fabrication_notes', 'TXT_ASSEMBLY_NOTES_OUTPUT': 'txt_assembly_notes', 'PNG_3D_VIEWER_TOP': 'png_3d_viewer_top', 'PNG_3D_VIEWER_BOTTOM': 'png_3d_viewer_bottom', 'PNG_3D_VIEWER_ANGLED_TOP': 'png_3d_viewer_angled_top', 'PNG_3D_VIEWER_ANGLED_BOTTOM': 'png_3d_viewer_angled_bottom', 'STEP_OUTPUT': 'step', 'BLENDER_OUTPUT': 'blender', 'PDF_SCHEMATIC_OUTPUT': 'pdf_schematic', 'PDF_FABRICATION_OUTPUT': 'pdf_fabrication', 'PDF_ASSEMBLY_OUTPUT': 'pdf_assembly', 'ZIP_COMPRESS_FAB_OUTPUT': 'zip_compress_fab', 'HTML_KICANVAS_OUTPUT': 'html_kicanvas', 'HTML_KIRI_OUTPUT': 'html_kiri', 'MD_README_OUTPUT': 'md_readme', 'HTML_NAV_RES_OUTPUT': 'html_navigate_results'} (kibot - config_reader.py:661)
DEBUG:- Current definitions: {} (kibot - config_reader.py:662)
DEBUG:- Updated definitions: {'PROJECT_NAME': 'LE_V2', 'BOARD_NAME': 'LE_BMS_A_V2', 'COMPANY': 'Company Name', 'DESIGNER': 'Author', 'LOGO': 'Logos/dummy_logo.png', 'GIT_URL': 'https://github.com/nguyen-v/KDT_Hierarchical_KiBot', 'CHECK_ZONE_FILLS': False, 'STACKUP_TABLE_NOTE': 'external layer thicknesses are specified after plating', 'MPN_FIELD': 'Manufacturer Part Number', 'MAN_FIELD': 'Manufacturer', 'GROUP_ROUND_SLOTS': True, 'GROUP_PTH_NPTH': 'no', 'GROUP_PTH_NPTH_DRL': False, 'PLOT_REFS': True, 'COLOR_THEME': 'Altium_Theme', 'SHEET_WKS': '${KIPRJMOD}/Templates/KDT_Template_PCB_GIT_A4.kicad_wks', 'FAB_SCALING': 1, 'ASSEMBLY_SCALING': 1, 'EXCLUDE_REFS': '[MB*]', '3D_VIEWER_ROT_X': 2, '3D_VIEWER_ROT_Y': -1, '3D_VIEWER_ROT_Z': 1, '3D_VIEWER_ZOOM': -1, 'KEY_COLOR': '#00FF00', 'OUTPUT_DIR': './', 'REPORT_DIR': 'Reports', 'SCHEMATIC_DIR': 'Schematic', 'MANUFACTURING_DIR': 'Manufacturing', 'ASSEMBLY_DIR': '@MANUFACTURING_DIR@/Assembly', 'FABRICATION_DIR': '@MANUFACTURING_DIR@/Fabrication', 'GERBERS_DIR': '@FABRICATION_DIR@/Gerbers', 'FAB_DRILL_TABLES_DIR': '@FABRICATION_DIR@/Drill Tables', 'TESTING_DIR': 'Testing', 'TESTPOINTS_DIR': '@TESTING_DIR@/Testpoints', 'IMAGES_DIR': 'Images', '3D_DIR': '3D', 'RESOURCES_DIR': 'kibot_resources', 'REPORT_TEMPLATE_DIR': '@RESOURCES_DIR@/templates', 'SCRIPTS_DIR': '@RESOURCES_DIR@/scripts', 'LAYER_TITLE_PAGE': 'TitlePage', 'LAYER_DNP_TOP': 'F.DNP', 'LAYER_DNP_BOTTOM': 'B.DNP', 'LAYER_DRILL_MAP': 'DrillMap', 'LAYER_TP_LIST_TOP': 'F.TestPointList', 'LAYER_TP_LIST_BOTTOM': 'B.TestPointList', 'LAYER_ASSEMBLY_TEXT_TOP': 'F.AssemblyText', 'LAYER_ASSEMBLY_TEXT_BOTTOM': 'B.AssemblyText', 'LAYER_DNP_CROSS_TOP': 'F.DNP', 'LAYER_DNP_CROSS_BOTTOM': 'B.DNP', 'FILT_FIELD_RENAME': 'field_rename', 'FILT_TP_ONLY': 'only_testpoints', 'FILT_TP_EXCLUDE': 'exclude_testpoints', 'FILT_TP_TOP_ONLY': 'only_testpoints_top', 'FILT_TP_BOTTOM_ONLY': 'only_testpoints_bottom', 'SCH_VARIANT_OUTPUT': 'value_split', 'NETLIST_OUTPUT': 'netlist', 'GERBER_OUTPUT': 'gbr_gerbers', 'ODB_OUTPUT': 'zip_odb', 'EXCELLON_DRILL_OUTPUT': 'drl_excellon', 'PDF_DRILL_MAP_OUTPUT': 'pdf_drill_map', 'DXF_DRILL_MAP_OUTPUT': 'dxf_drill_map', 'CSV_DRILL_TABLE_OUTPUT': 'csv_drill_table', 'CSV_POS_OUTPUT': 'csv_position', 'CSV_TP_OUTPUT': 'csv_testpoints', 'CSV_TP_TOP_OUTPUT': 'csv_testpoints_top', 'CSV_TP_BOTTOM_OUTPUT': 'csv_testpoints_bottom', 'CSV_BOM_OUTPUT': 'csv_bom', 'XLSX_BOM_OUTPUT': 'xlsx_bom', 'HTML_IBOM_OUTPUT': 'html_bom_interactive', 'HTML_BOM_OUTPUT': 'html_bom', 'CSV_COMP_COUNT_OUPUT': 'csv_comp_count', 'CSV_IMPEDANCE_TABLE_OUTPUT': 'csv_impedance_table', 'TXT_FAB_NOTES_OUTPUT': 'txt_fabrication_notes', 'TXT_ASSEMBLY_NOTES_OUTPUT': 'txt_assembly_notes', 'PNG_3D_VIEWER_TOP': 'png_3d_viewer_top', 'PNG_3D_VIEWER_BOTTOM': 'png_3d_viewer_bottom', 'PNG_3D_VIEWER_ANGLED_TOP': 'png_3d_viewer_angled_top', 'PNG_3D_VIEWER_ANGLED_BOTTOM': 'png_3d_viewer_angled_bottom', 'STEP_OUTPUT': 'step', 'BLENDER_OUTPUT': 'blender', 'PDF_SCHEMATIC_OUTPUT': 'pdf_schematic', 'PDF_FABRICATION_OUTPUT': 'pdf_fabrication', 'PDF_ASSEMBLY_OUTPUT': 'pdf_assembly', 'ZIP_COMPRESS_FAB_OUTPUT': 'zip_compress_fab', 'HTML_KICANVAS_OUTPUT': 'html_kicanvas', 'HTML_KIRI_OUTPUT': 'html_kiri', 'MD_README_OUTPUT': 'md_readme', 'HTML_NAV_RES_OUTPUT': 'html_navigate_results'} (kibot - config_reader.py:665)
DEBUG:Applying preprocessor definitions (kibot - config_reader.py:670)
DEBUG:- Applying CLI definitions: {} (kibot - config_reader.py:677)
DEBUG:- Applying collected definitions: {'PROJECT_NAME': 'LE_V2', 'BOARD_NAME': 'LE_BMS_A_V2', 'COMPANY': 'Company Name', 'DESIGNER': 'Author', 'LOGO': 'Logos/dummy_logo.png', 'GIT_URL': 'https://github.com/nguyen-v/KDT_Hierarchical_KiBot', 'CHECK_ZONE_FILLS': False, 'STACKUP_TABLE_NOTE': 'external layer thicknesses are specified after plating', 'MPN_FIELD': 'Manufacturer Part Number', 'MAN_FIELD': 'Manufacturer', 'GROUP_ROUND_SLOTS': True, 'GROUP_PTH_NPTH': 'no', 'GROUP_PTH_NPTH_DRL': False, 'PLOT_REFS': True, 'COLOR_THEME': 'Altium_Theme', 'SHEET_WKS': '${KIPRJMOD}/Templates/KDT_Template_PCB_GIT_A4.kicad_wks', 'FAB_SCALING': 1, 'ASSEMBLY_SCALING': 1, 'EXCLUDE_REFS': '[MB*]', '3D_VIEWER_ROT_X': 2, '3D_VIEWER_ROT_Y': -1, '3D_VIEWER_ROT_Z': 1, '3D_VIEWER_ZOOM': -1, 'KEY_COLOR': '#00FF00', 'OUTPUT_DIR': './', 'REPORT_DIR': 'Reports', 'SCHEMATIC_DIR': 'Schematic', 'MANUFACTURING_DIR': 'Manufacturing', 'ASSEMBLY_DIR': '@MANUFACTURING_DIR@/Assembly', 'FABRICATION_DIR': '@MANUFACTURING_DIR@/Fabrication', 'GERBERS_DIR': '@FABRICATION_DIR@/Gerbers', 'FAB_DRILL_TABLES_DIR': '@FABRICATION_DIR@/Drill Tables', 'TESTING_DIR': 'Testing', 'TESTPOINTS_DIR': '@TESTING_DIR@/Testpoints', 'IMAGES_DIR': 'Images', '3D_DIR': '3D', 'RESOURCES_DIR': 'kibot_resources', 'REPORT_TEMPLATE_DIR': '@RESOURCES_DIR@/templates', 'SCRIPTS_DIR': '@RESOURCES_DIR@/scripts', 'LAYER_TITLE_PAGE': 'TitlePage', 'LAYER_DNP_TOP': 'F.DNP', 'LAYER_DNP_BOTTOM': 'B.DNP', 'LAYER_DRILL_MAP': 'DrillMap', 'LAYER_TP_LIST_TOP': 'F.TestPointList', 'LAYER_TP_LIST_BOTTOM': 'B.TestPointList', 'LAYER_ASSEMBLY_TEXT_TOP': 'F.AssemblyText', 'LAYER_ASSEMBLY_TEXT_BOTTOM': 'B.AssemblyText', 'LAYER_DNP_CROSS_TOP': 'F.DNP', 'LAYER_DNP_CROSS_BOTTOM': 'B.DNP', 'FILT_FIELD_RENAME': 'field_rename', 'FILT_TP_ONLY': 'only_testpoints', 'FILT_TP_EXCLUDE': 'exclude_testpoints', 'FILT_TP_TOP_ONLY': 'only_testpoints_top', 'FILT_TP_BOTTOM_ONLY': 'only_testpoints_bottom', 'SCH_VARIANT_OUTPUT': 'value_split', 'NETLIST_OUTPUT': 'netlist', 'GERBER_OUTPUT': 'gbr_gerbers', 'ODB_OUTPUT': 'zip_odb', 'EXCELLON_DRILL_OUTPUT': 'drl_excellon', 'PDF_DRILL_MAP_OUTPUT': 'pdf_drill_map', 'DXF_DRILL_MAP_OUTPUT': 'dxf_drill_map', 'CSV_DRILL_TABLE_OUTPUT': 'csv_drill_table', 'CSV_POS_OUTPUT': 'csv_position', 'CSV_TP_OUTPUT': 'csv_testpoints', 'CSV_TP_TOP_OUTPUT': 'csv_testpoints_top', 'CSV_TP_BOTTOM_OUTPUT': 'csv_testpoints_bottom', 'CSV_BOM_OUTPUT': 'csv_bom', 'XLSX_BOM_OUTPUT': 'xlsx_bom', 'HTML_IBOM_OUTPUT': 'html_bom_interactive', 'HTML_BOM_OUTPUT': 'html_bom', 'CSV_COMP_COUNT_OUPUT': 'csv_comp_count', 'CSV_IMPEDANCE_TABLE_OUTPUT': 'csv_impedance_table', 'TXT_FAB_NOTES_OUTPUT': 'txt_fabrication_notes', 'TXT_ASSEMBLY_NOTES_OUTPUT': 'txt_assembly_notes', 'PNG_3D_VIEWER_TOP': 'png_3d_viewer_top', 'PNG_3D_VIEWER_BOTTOM': 'png_3d_viewer_bottom', 'PNG_3D_VIEWER_ANGLED_TOP': 'png_3d_viewer_angled_top', 'PNG_3D_VIEWER_ANGLED_BOTTOM': 'png_3d_viewer_angled_bottom', 'STEP_OUTPUT': 'step', 'BLENDER_OUTPUT': 'blender', 'PDF_SCHEMATIC_OUTPUT': 'pdf_schematic', 'PDF_FABRICATION_OUTPUT': 'pdf_fabrication', 'PDF_ASSEMBLY_OUTPUT': 'pdf_assembly', 'ZIP_COMPRESS_FAB_OUTPUT': 'zip_compress_fab', 'HTML_KICANVAS_OUTPUT': 'html_kicanvas', 'HTML_KIRI_OUTPUT': 'html_kiri', 'MD_README_OUTPUT': 'md_readme', 'HTML_NAV_RES_OUTPUT': 'html_navigate_results'} (kibot - config_reader.py:680)
DEBUG:- Replacing @PROJECT_NAME@ -> LE_V2 (<class 'str'>) (kibot - config_reader.py:78)
DEBUG:- Replacing @BOARD_NAME@ -> LE_BMS_A_V2 (<class 'str'>) (kibot - config_reader.py:78)
DEBUG:- Replacing @COMPANY@ -> Company Name (<class 'str'>) (kibot - config_reader.py:78)
DEBUG:- Replacing @DESIGNER@ -> Author (<class 'str'>) (kibot - config_reader.py:78)
DEBUG:- Replacing @LOGO@ -> Logos/dummy_logo.png (<class 'str'>) (kibot - config_reader.py:78)
DEBUG:- Replacing @GIT_URL@ -> https://github.com/nguyen-v/KDT_Hierarchical_KiBot (<class 'str'>) (kibot - config_reader.py:78)
DEBUG:- Replacing @CHECK_ZONE_FILLS@ -> false (<class 'str'>) (kibot - config_reader.py:78)
DEBUG:- Replacing @STACKUP_TABLE_NOTE@ -> external layer thicknesses are specified after plating (<class 'str'>) (kibot - config_reader.py:78)
DEBUG:- Replacing @MPN_FIELD@ -> Manufacturer Part Number (<class 'str'>) (kibot - config_reader.py:78)
DEBUG:- Replacing @MAN_FIELD@ -> Manufacturer (<class 'str'>) (kibot - config_reader.py:78)
DEBUG:- Replacing @GROUP_ROUND_SLOTS@ -> true (<class 'str'>) (kibot - config_reader.py:78)
DEBUG:- Replacing @GROUP_PTH_NPTH@ -> no (<class 'str'>) (kibot - config_reader.py:78)
DEBUG:- Replacing @GROUP_PTH_NPTH_DRL@ -> false (<class 'str'>) (kibot - config_reader.py:78)
DEBUG:- Replacing @PLOT_REFS@ -> true (<class 'str'>) (kibot - config_reader.py:78)
DEBUG:- Replacing @COLOR_THEME@ -> Altium_Theme (<class 'str'>) (kibot - config_reader.py:78)
DEBUG:- Replacing @SHEET_WKS@ -> ${KIPRJMOD}/Templates/KDT_Template_PCB_GIT_A4.kicad_wks (<class 'str'>) (kibot - config_reader.py:78)
DEBUG:- Replacing @FAB_SCALING@ -> 1 (<class 'str'>) (kibot - config_reader.py:78)
DEBUG:- Replacing @ASSEMBLY_SCALING@ -> 1 (<class 'str'>) (kibot - config_reader.py:78)
DEBUG:- Replacing @EXCLUDE_REFS@ -> [MB*] (<class 'str'>) (kibot - config_reader.py:78)
DEBUG:- Replacing @3D_VIEWER_ROT_X@ -> 2 (<class 'str'>) (kibot - config_reader.py:78)
DEBUG:- Replacing @3D_VIEWER_ROT_Y@ -> -1 (<class 'str'>) (kibot - config_reader.py:78)
DEBUG:- Replacing @3D_VIEWER_ROT_Z@ -> 1 (<class 'str'>) (kibot - config_reader.py:78)
DEBUG:- Replacing @3D_VIEWER_ZOOM@ -> -1 (<class 'str'>) (kibot - config_reader.py:78)
DEBUG:- Replacing @KEY_COLOR@ -> #00FF00 (<class 'str'>) (kibot - config_reader.py:78)
DEBUG:- Replacing @OUTPUT_DIR@ -> ./ (<class 'str'>) (kibot - config_reader.py:78)
DEBUG:- Replacing @REPORT_DIR@ -> Reports (<class 'str'>) (kibot - config_reader.py:78)
DEBUG:- Replacing @SCHEMATIC_DIR@ -> Schematic (<class 'str'>) (kibot - config_reader.py:78)
DEBUG:- Replacing @ASSEMBLY_DIR@ -> @MANUFACTURING_DIR@/Assembly (<class 'str'>) (kibot - config_reader.py:78)
DEBUG:- Replacing @FABRICATION_DIR@ -> @MANUFACTURING_DIR@/Fabrication (<class 'str'>) (kibot - config_reader.py:78)
DEBUG:- Replacing @GERBERS_DIR@ -> @FABRICATION_DIR@/Gerbers (<class 'str'>) (kibot - config_reader.py:78)
DEBUG:- Replacing @FAB_DRILL_TABLES_DIR@ -> @FABRICATION_DIR@/Drill Tables (<class 'str'>) (kibot - config_reader.py:78)
DEBUG:- Replacing @TESTPOINTS_DIR@ -> @TESTING_DIR@/Testpoints (<class 'str'>) (kibot - config_reader.py:78)
DEBUG:- Replacing @IMAGES_DIR@ -> Images (<class 'str'>) (kibot - config_reader.py:78)
DEBUG:- Replacing @3D_DIR@ -> 3D (<class 'str'>) (kibot - config_reader.py:78)
DEBUG:- Replacing @REPORT_TEMPLATE_DIR@ -> @RESOURCES_DIR@/templates (<class 'str'>) (kibot - config_reader.py:78)
DEBUG:- Replacing @SCRIPTS_DIR@ -> @RESOURCES_DIR@/scripts (<class 'str'>) (kibot - config_reader.py:78)
DEBUG:- Replacing @LAYER_TITLE_PAGE@ -> TitlePage (<class 'str'>) (kibot - config_reader.py:78)
DEBUG:- Replacing @LAYER_DNP_TOP@ -> F.DNP (<class 'str'>) (kibot - config_reader.py:78)
DEBUG:- Replacing @LAYER_DNP_BOTTOM@ -> B.DNP (<class 'str'>) (kibot - config_reader.py:78)
DEBUG:- Replacing @LAYER_DRILL_MAP@ -> DrillMap (<class 'str'>) (kibot - config_reader.py:78)
DEBUG:- Replacing @LAYER_TP_LIST_TOP@ -> F.TestPointList (<class 'str'>) (kibot - config_reader.py:78)
DEBUG:- Replacing @LAYER_TP_LIST_BOTTOM@ -> B.TestPointList (<class 'str'>) (kibot - config_reader.py:78)
DEBUG:- Replacing @LAYER_ASSEMBLY_TEXT_TOP@ -> F.AssemblyText (<class 'str'>) (kibot - config_reader.py:78)
DEBUG:- Replacing @LAYER_ASSEMBLY_TEXT_BOTTOM@ -> B.AssemblyText (<class 'str'>) (kibot - config_reader.py:78)
DEBUG:- Replacing @LAYER_DNP_CROSS_TOP@ -> F.DNP (<class 'str'>) (kibot - config_reader.py:78)
DEBUG:- Replacing @LAYER_DNP_CROSS_BOTTOM@ -> B.DNP (<class 'str'>) (kibot - config_reader.py:78)
DEBUG:- Replacing @FILT_FIELD_RENAME@ -> field_rename (<class 'str'>) (kibot - config_reader.py:78)
DEBUG:- Replacing @FILT_TP_ONLY@ -> only_testpoints (<class 'str'>) (kibot - config_reader.py:78)
DEBUG:- Replacing @FILT_TP_EXCLUDE@ -> exclude_testpoints (<class 'str'>) (kibot - config_reader.py:78)
DEBUG:- Replacing @FILT_TP_TOP_ONLY@ -> only_testpoints_top (<class 'str'>) (kibot - config_reader.py:78)
DEBUG:- Replacing @FILT_TP_BOTTOM_ONLY@ -> only_testpoints_bottom (<class 'str'>) (kibot - config_reader.py:78)
DEBUG:- Replacing @SCH_VARIANT_OUTPUT@ -> value_split (<class 'str'>) (kibot - config_reader.py:78)
DEBUG:- Replacing @NETLIST_OUTPUT@ -> netlist (<class 'str'>) (kibot - config_reader.py:78)
DEBUG:- Replacing @GERBER_OUTPUT@ -> gbr_gerbers (<class 'str'>) (kibot - config_reader.py:78)
DEBUG:- Replacing @ODB_OUTPUT@ -> zip_odb (<class 'str'>) (kibot - config_reader.py:78)
DEBUG:- Replacing @EXCELLON_DRILL_OUTPUT@ -> drl_excellon (<class 'str'>) (kibot - config_reader.py:78)
DEBUG:- Replacing @PDF_DRILL_MAP_OUTPUT@ -> pdf_drill_map (<class 'str'>) (kibot - config_reader.py:78)
DEBUG:- Replacing @DXF_DRILL_MAP_OUTPUT@ -> dxf_drill_map (<class 'str'>) (kibot - config_reader.py:78)
DEBUG:- Replacing @CSV_DRILL_TABLE_OUTPUT@ -> csv_drill_table (<class 'str'>) (kibot - config_reader.py:78)
DEBUG:- Replacing @CSV_POS_OUTPUT@ -> csv_position (<class 'str'>) (kibot - config_reader.py:78)
DEBUG:- Replacing @CSV_TP_OUTPUT@ -> csv_testpoints (<class 'str'>) (kibot - config_reader.py:78)
DEBUG:- Replacing @CSV_TP_TOP_OUTPUT@ -> csv_testpoints_top (<class 'str'>) (kibot - config_reader.py:78)
DEBUG:- Replacing @CSV_TP_BOTTOM_OUTPUT@ -> csv_testpoints_bottom (<class 'str'>) (kibot - config_reader.py:78)
DEBUG:- Replacing @CSV_BOM_OUTPUT@ -> csv_bom (<class 'str'>) (kibot - config_reader.py:78)
DEBUG:- Replacing @XLSX_BOM_OUTPUT@ -> xlsx_bom (<class 'str'>) (kibot - config_reader.py:78)
DEBUG:- Replacing @HTML_IBOM_OUTPUT@ -> html_bom_interactive (<class 'str'>) (kibot - config_reader.py:78)
DEBUG:- Replacing @HTML_BOM_OUTPUT@ -> html_bom (<class 'str'>) (kibot - config_reader.py:78)
DEBUG:- Replacing @CSV_COMP_COUNT_OUPUT@ -> csv_comp_count (<class 'str'>) (kibot - config_reader.py:78)
DEBUG:- Replacing @CSV_IMPEDANCE_TABLE_OUTPUT@ -> csv_impedance_table (<class 'str'>) (kibot - config_reader.py:78)
DEBUG:- Replacing @TXT_FAB_NOTES_OUTPUT@ -> txt_fabrication_notes (<class 'str'>) (kibot - config_reader.py:78)
DEBUG:- Replacing @TXT_ASSEMBLY_NOTES_OUTPUT@ -> txt_assembly_notes (<class 'str'>) (kibot - config_reader.py:78)
DEBUG:- Replacing @PNG_3D_VIEWER_TOP@ -> png_3d_viewer_top (<class 'str'>) (kibot - config_reader.py:78)
DEBUG:- Replacing @PNG_3D_VIEWER_BOTTOM@ -> png_3d_viewer_bottom (<class 'str'>) (kibot - config_reader.py:78)
DEBUG:- Replacing @PNG_3D_VIEWER_ANGLED_TOP@ -> png_3d_viewer_angled_top (<class 'str'>) (kibot - config_reader.py:78)
DEBUG:- Replacing @PNG_3D_VIEWER_ANGLED_BOTTOM@ -> png_3d_viewer_angled_bottom (<class 'str'>) (kibot - config_reader.py:78)
DEBUG:- Replacing @STEP_OUTPUT@ -> step (<class 'str'>) (kibot - config_reader.py:78)
DEBUG:- Replacing @BLENDER_OUTPUT@ -> blender (<class 'str'>) (kibot - config_reader.py:78)
DEBUG:- Replacing @PDF_SCHEMATIC_OUTPUT@ -> pdf_schematic (<class 'str'>) (kibot - config_reader.py:78)
DEBUG:- Replacing @PDF_FABRICATION_OUTPUT@ -> pdf_fabrication (<class 'str'>) (kibot - config_reader.py:78)
DEBUG:- Replacing @PDF_ASSEMBLY_OUTPUT@ -> pdf_assembly (<class 'str'>) (kibot - config_reader.py:78)
DEBUG:- Replacing @ZIP_COMPRESS_FAB_OUTPUT@ -> zip_compress_fab (<class 'str'>) (kibot - config_reader.py:78)
DEBUG:- Replacing @HTML_KICANVAS_OUTPUT@ -> html_kicanvas (<class 'str'>) (kibot - config_reader.py:78)
DEBUG:- Replacing @HTML_KIRI_OUTPUT@ -> html_kiri (<class 'str'>) (kibot - config_reader.py:78)
DEBUG:- Replacing @MD_README_OUTPUT@ -> md_readme (<class 'str'>) (kibot - config_reader.py:78)
DEBUG:- Replacing @HTML_NAV_RES_OUTPUT@ -> html_navigate_results (<class 'str'>) (kibot - config_reader.py:78)
DEBUG:- Applying CLI definitions: {} (kibot - config_reader.py:677)
DEBUG:- Applying collected definitions: {'PROJECT_NAME': 'LE_V2', 'BOARD_NAME': 'LE_BMS_A_V2', 'COMPANY': 'Company Name', 'DESIGNER': 'Author', 'LOGO': 'Logos/dummy_logo.png', 'GIT_URL': 'https://github.com/nguyen-v/KDT_Hierarchical_KiBot', 'CHECK_ZONE_FILLS': False, 'STACKUP_TABLE_NOTE': 'external layer thicknesses are specified after plating', 'MPN_FIELD': 'Manufacturer Part Number', 'MAN_FIELD': 'Manufacturer', 'GROUP_ROUND_SLOTS': True, 'GROUP_PTH_NPTH': 'no', 'GROUP_PTH_NPTH_DRL': False, 'PLOT_REFS': True, 'COLOR_THEME': 'Altium_Theme', 'SHEET_WKS': '${KIPRJMOD}/Templates/KDT_Template_PCB_GIT_A4.kicad_wks', 'FAB_SCALING': 1, 'ASSEMBLY_SCALING': 1, 'EXCLUDE_REFS': '[MB*]', '3D_VIEWER_ROT_X': 2, '3D_VIEWER_ROT_Y': -1, '3D_VIEWER_ROT_Z': 1, '3D_VIEWER_ZOOM': -1, 'KEY_COLOR': '#00FF00', 'OUTPUT_DIR': './', 'REPORT_DIR': 'Reports', 'SCHEMATIC_DIR': 'Schematic', 'MANUFACTURING_DIR': 'Manufacturing', 'ASSEMBLY_DIR': '@MANUFACTURING_DIR@/Assembly', 'FABRICATION_DIR': '@MANUFACTURING_DIR@/Fabrication', 'GERBERS_DIR': '@FABRICATION_DIR@/Gerbers', 'FAB_DRILL_TABLES_DIR': '@FABRICATION_DIR@/Drill Tables', 'TESTING_DIR': 'Testing', 'TESTPOINTS_DIR': '@TESTING_DIR@/Testpoints', 'IMAGES_DIR': 'Images', '3D_DIR': '3D', 'RESOURCES_DIR': 'kibot_resources', 'REPORT_TEMPLATE_DIR': '@RESOURCES_DIR@/templates', 'SCRIPTS_DIR': '@RESOURCES_DIR@/scripts', 'LAYER_TITLE_PAGE': 'TitlePage', 'LAYER_DNP_TOP': 'F.DNP', 'LAYER_DNP_BOTTOM': 'B.DNP', 'LAYER_DRILL_MAP': 'DrillMap', 'LAYER_TP_LIST_TOP': 'F.TestPointList', 'LAYER_TP_LIST_BOTTOM': 'B.TestPointList', 'LAYER_ASSEMBLY_TEXT_TOP': 'F.AssemblyText', 'LAYER_ASSEMBLY_TEXT_BOTTOM': 'B.AssemblyText', 'LAYER_DNP_CROSS_TOP': 'F.DNP', 'LAYER_DNP_CROSS_BOTTOM': 'B.DNP', 'FILT_FIELD_RENAME': 'field_rename', 'FILT_TP_ONLY': 'only_testpoints', 'FILT_TP_EXCLUDE': 'exclude_testpoints', 'FILT_TP_TOP_ONLY': 'only_testpoints_top', 'FILT_TP_BOTTOM_ONLY': 'only_testpoints_bottom', 'SCH_VARIANT_OUTPUT': 'value_split', 'NETLIST_OUTPUT': 'netlist', 'GERBER_OUTPUT': 'gbr_gerbers', 'ODB_OUTPUT': 'zip_odb', 'EXCELLON_DRILL_OUTPUT': 'drl_excellon', 'PDF_DRILL_MAP_OUTPUT': 'pdf_drill_map', 'DXF_DRILL_MAP_OUTPUT': 'dxf_drill_map', 'CSV_DRILL_TABLE_OUTPUT': 'csv_drill_table', 'CSV_POS_OUTPUT': 'csv_position', 'CSV_TP_OUTPUT': 'csv_testpoints', 'CSV_TP_TOP_OUTPUT': 'csv_testpoints_top', 'CSV_TP_BOTTOM_OUTPUT': 'csv_testpoints_bottom', 'CSV_BOM_OUTPUT': 'csv_bom', 'XLSX_BOM_OUTPUT': 'xlsx_bom', 'HTML_IBOM_OUTPUT': 'html_bom_interactive', 'HTML_BOM_OUTPUT': 'html_bom', 'CSV_COMP_COUNT_OUPUT': 'csv_comp_count', 'CSV_IMPEDANCE_TABLE_OUTPUT': 'csv_impedance_table', 'TXT_FAB_NOTES_OUTPUT': 'txt_fabrication_notes', 'TXT_ASSEMBLY_NOTES_OUTPUT': 'txt_assembly_notes', 'PNG_3D_VIEWER_TOP': 'png_3d_viewer_top', 'PNG_3D_VIEWER_BOTTOM': 'png_3d_viewer_bottom', 'PNG_3D_VIEWER_ANGLED_TOP': 'png_3d_viewer_angled_top', 'PNG_3D_VIEWER_ANGLED_BOTTOM': 'png_3d_viewer_angled_bottom', 'STEP_OUTPUT': 'step', 'BLENDER_OUTPUT': 'blender', 'PDF_SCHEMATIC_OUTPUT': 'pdf_schematic', 'PDF_FABRICATION_OUTPUT': 'pdf_fabrication', 'PDF_ASSEMBLY_OUTPUT': 'pdf_assembly', 'ZIP_COMPRESS_FAB_OUTPUT': 'zip_compress_fab', 'HTML_KICANVAS_OUTPUT': 'html_kicanvas', 'HTML_KIRI_OUTPUT': 'html_kiri', 'MD_README_OUTPUT': 'md_readme', 'HTML_NAV_RES_OUTPUT': 'html_navigate_results'} (kibot - config_reader.py:680)
DEBUG:- Replacing @MANUFACTURING_DIR@ -> Manufacturing (<class 'str'>) (kibot - config_reader.py:78)
DEBUG:- Replacing @FABRICATION_DIR@ -> @MANUFACTURING_DIR@/Fabrication (<class 'str'>) (kibot - config_reader.py:78)
DEBUG:- Replacing @TESTING_DIR@ -> Testing (<class 'str'>) (kibot - config_reader.py:78)
DEBUG:- Replacing @RESOURCES_DIR@ -> kibot_resources (<class 'str'>) (kibot - config_reader.py:78)
DEBUG:- Applying CLI definitions: {} (kibot - config_reader.py:677)
DEBUG:- Applying collected definitions: {'PROJECT_NAME': 'LE_V2', 'BOARD_NAME': 'LE_BMS_A_V2', 'COMPANY': 'Company Name', 'DESIGNER': 'Author', 'LOGO': 'Logos/dummy_logo.png', 'GIT_URL': 'https://github.com/nguyen-v/KDT_Hierarchical_KiBot', 'CHECK_ZONE_FILLS': False, 'STACKUP_TABLE_NOTE': 'external layer thicknesses are specified after plating', 'MPN_FIELD': 'Manufacturer Part Number', 'MAN_FIELD': 'Manufacturer', 'GROUP_ROUND_SLOTS': True, 'GROUP_PTH_NPTH': 'no', 'GROUP_PTH_NPTH_DRL': False, 'PLOT_REFS': True, 'COLOR_THEME': 'Altium_Theme', 'SHEET_WKS': '${KIPRJMOD}/Templates/KDT_Template_PCB_GIT_A4.kicad_wks', 'FAB_SCALING': 1, 'ASSEMBLY_SCALING': 1, 'EXCLUDE_REFS': '[MB*]', '3D_VIEWER_ROT_X': 2, '3D_VIEWER_ROT_Y': -1, '3D_VIEWER_ROT_Z': 1, '3D_VIEWER_ZOOM': -1, 'KEY_COLOR': '#00FF00', 'OUTPUT_DIR': './', 'REPORT_DIR': 'Reports', 'SCHEMATIC_DIR': 'Schematic', 'MANUFACTURING_DIR': 'Manufacturing', 'ASSEMBLY_DIR': '@MANUFACTURING_DIR@/Assembly', 'FABRICATION_DIR': '@MANUFACTURING_DIR@/Fabrication', 'GERBERS_DIR': '@FABRICATION_DIR@/Gerbers', 'FAB_DRILL_TABLES_DIR': '@FABRICATION_DIR@/Drill Tables', 'TESTING_DIR': 'Testing', 'TESTPOINTS_DIR': '@TESTING_DIR@/Testpoints', 'IMAGES_DIR': 'Images', '3D_DIR': '3D', 'RESOURCES_DIR': 'kibot_resources', 'REPORT_TEMPLATE_DIR': '@RESOURCES_DIR@/templates', 'SCRIPTS_DIR': '@RESOURCES_DIR@/scripts', 'LAYER_TITLE_PAGE': 'TitlePage', 'LAYER_DNP_TOP': 'F.DNP', 'LAYER_DNP_BOTTOM': 'B.DNP', 'LAYER_DRILL_MAP': 'DrillMap', 'LAYER_TP_LIST_TOP': 'F.TestPointList', 'LAYER_TP_LIST_BOTTOM': 'B.TestPointList', 'LAYER_ASSEMBLY_TEXT_TOP': 'F.AssemblyText', 'LAYER_ASSEMBLY_TEXT_BOTTOM': 'B.AssemblyText', 'LAYER_DNP_CROSS_TOP': 'F.DNP', 'LAYER_DNP_CROSS_BOTTOM': 'B.DNP', 'FILT_FIELD_RENAME': 'field_rename', 'FILT_TP_ONLY': 'only_testpoints', 'FILT_TP_EXCLUDE': 'exclude_testpoints', 'FILT_TP_TOP_ONLY': 'only_testpoints_top', 'FILT_TP_BOTTOM_ONLY': 'only_testpoints_bottom', 'SCH_VARIANT_OUTPUT': 'value_split', 'NETLIST_OUTPUT': 'netlist', 'GERBER_OUTPUT': 'gbr_gerbers', 'ODB_OUTPUT': 'zip_odb', 'EXCELLON_DRILL_OUTPUT': 'drl_excellon', 'PDF_DRILL_MAP_OUTPUT': 'pdf_drill_map', 'DXF_DRILL_MAP_OUTPUT': 'dxf_drill_map', 'CSV_DRILL_TABLE_OUTPUT': 'csv_drill_table', 'CSV_POS_OUTPUT': 'csv_position', 'CSV_TP_OUTPUT': 'csv_testpoints', 'CSV_TP_TOP_OUTPUT': 'csv_testpoints_top', 'CSV_TP_BOTTOM_OUTPUT': 'csv_testpoints_bottom', 'CSV_BOM_OUTPUT': 'csv_bom', 'XLSX_BOM_OUTPUT': 'xlsx_bom', 'HTML_IBOM_OUTPUT': 'html_bom_interactive', 'HTML_BOM_OUTPUT': 'html_bom', 'CSV_COMP_COUNT_OUPUT': 'csv_comp_count', 'CSV_IMPEDANCE_TABLE_OUTPUT': 'csv_impedance_table', 'TXT_FAB_NOTES_OUTPUT': 'txt_fabrication_notes', 'TXT_ASSEMBLY_NOTES_OUTPUT': 'txt_assembly_notes', 'PNG_3D_VIEWER_TOP': 'png_3d_viewer_top', 'PNG_3D_VIEWER_BOTTOM': 'png_3d_viewer_bottom', 'PNG_3D_VIEWER_ANGLED_TOP': 'png_3d_viewer_angled_top', 'PNG_3D_VIEWER_ANGLED_BOTTOM': 'png_3d_viewer_angled_bottom', 'STEP_OUTPUT': 'step', 'BLENDER_OUTPUT': 'blender', 'PDF_SCHEMATIC_OUTPUT': 'pdf_schematic', 'PDF_FABRICATION_OUTPUT': 'pdf_fabrication', 'PDF_ASSEMBLY_OUTPUT': 'pdf_assembly', 'ZIP_COMPRESS_FAB_OUTPUT': 'zip_compress_fab', 'HTML_KICANVAS_OUTPUT': 'html_kicanvas', 'HTML_KIRI_OUTPUT': 'html_kiri', 'MD_README_OUTPUT': 'md_readme', 'HTML_NAV_RES_OUTPUT': 'html_navigate_results'} (kibot - config_reader.py:680)
DEBUG:- Replacing @MANUFACTURING_DIR@ -> Manufacturing (<class 'str'>) (kibot - config_reader.py:78)
DEBUG:- Applying CLI definitions: {} (kibot - config_reader.py:677)
DEBUG:- Applying collected definitions: {'PROJECT_NAME': 'LE_V2', 'BOARD_NAME': 'LE_BMS_A_V2', 'COMPANY': 'Company Name', 'DESIGNER': 'Author', 'LOGO': 'Logos/dummy_logo.png', 'GIT_URL': 'https://github.com/nguyen-v/KDT_Hierarchical_KiBot', 'CHECK_ZONE_FILLS': False, 'STACKUP_TABLE_NOTE': 'external layer thicknesses are specified after plating', 'MPN_FIELD': 'Manufacturer Part Number', 'MAN_FIELD': 'Manufacturer', 'GROUP_ROUND_SLOTS': True, 'GROUP_PTH_NPTH': 'no', 'GROUP_PTH_NPTH_DRL': False, 'PLOT_REFS': True, 'COLOR_THEME': 'Altium_Theme', 'SHEET_WKS': '${KIPRJMOD}/Templates/KDT_Template_PCB_GIT_A4.kicad_wks', 'FAB_SCALING': 1, 'ASSEMBLY_SCALING': 1, 'EXCLUDE_REFS': '[MB*]', '3D_VIEWER_ROT_X': 2, '3D_VIEWER_ROT_Y': -1, '3D_VIEWER_ROT_Z': 1, '3D_VIEWER_ZOOM': -1, 'KEY_COLOR': '#00FF00', 'OUTPUT_DIR': './', 'REPORT_DIR': 'Reports', 'SCHEMATIC_DIR': 'Schematic', 'MANUFACTURING_DIR': 'Manufacturing', 'ASSEMBLY_DIR': '@MANUFACTURING_DIR@/Assembly', 'FABRICATION_DIR': '@MANUFACTURING_DIR@/Fabrication', 'GERBERS_DIR': '@FABRICATION_DIR@/Gerbers', 'FAB_DRILL_TABLES_DIR': '@FABRICATION_DIR@/Drill Tables', 'TESTING_DIR': 'Testing', 'TESTPOINTS_DIR': '@TESTING_DIR@/Testpoints', 'IMAGES_DIR': 'Images', '3D_DIR': '3D', 'RESOURCES_DIR': 'kibot_resources', 'REPORT_TEMPLATE_DIR': '@RESOURCES_DIR@/templates', 'SCRIPTS_DIR': '@RESOURCES_DIR@/scripts', 'LAYER_TITLE_PAGE': 'TitlePage', 'LAYER_DNP_TOP': 'F.DNP', 'LAYER_DNP_BOTTOM': 'B.DNP', 'LAYER_DRILL_MAP': 'DrillMap', 'LAYER_TP_LIST_TOP': 'F.TestPointList', 'LAYER_TP_LIST_BOTTOM': 'B.TestPointList', 'LAYER_ASSEMBLY_TEXT_TOP': 'F.AssemblyText', 'LAYER_ASSEMBLY_TEXT_BOTTOM': 'B.AssemblyText', 'LAYER_DNP_CROSS_TOP': 'F.DNP', 'LAYER_DNP_CROSS_BOTTOM': 'B.DNP', 'FILT_FIELD_RENAME': 'field_rename', 'FILT_TP_ONLY': 'only_testpoints', 'FILT_TP_EXCLUDE': 'exclude_testpoints', 'FILT_TP_TOP_ONLY': 'only_testpoints_top', 'FILT_TP_BOTTOM_ONLY': 'only_testpoints_bottom', 'SCH_VARIANT_OUTPUT': 'value_split', 'NETLIST_OUTPUT': 'netlist', 'GERBER_OUTPUT': 'gbr_gerbers', 'ODB_OUTPUT': 'zip_odb', 'EXCELLON_DRILL_OUTPUT': 'drl_excellon', 'PDF_DRILL_MAP_OUTPUT': 'pdf_drill_map', 'DXF_DRILL_MAP_OUTPUT': 'dxf_drill_map', 'CSV_DRILL_TABLE_OUTPUT': 'csv_drill_table', 'CSV_POS_OUTPUT': 'csv_position', 'CSV_TP_OUTPUT': 'csv_testpoints', 'CSV_TP_TOP_OUTPUT': 'csv_testpoints_top', 'CSV_TP_BOTTOM_OUTPUT': 'csv_testpoints_bottom', 'CSV_BOM_OUTPUT': 'csv_bom', 'XLSX_BOM_OUTPUT': 'xlsx_bom', 'HTML_IBOM_OUTPUT': 'html_bom_interactive', 'HTML_BOM_OUTPUT': 'html_bom', 'CSV_COMP_COUNT_OUPUT': 'csv_comp_count', 'CSV_IMPEDANCE_TABLE_OUTPUT': 'csv_impedance_table', 'TXT_FAB_NOTES_OUTPUT': 'txt_fabrication_notes', 'TXT_ASSEMBLY_NOTES_OUTPUT': 'txt_assembly_notes', 'PNG_3D_VIEWER_TOP': 'png_3d_viewer_top', 'PNG_3D_VIEWER_BOTTOM': 'png_3d_viewer_bottom', 'PNG_3D_VIEWER_ANGLED_TOP': 'png_3d_viewer_angled_top', 'PNG_3D_VIEWER_ANGLED_BOTTOM': 'png_3d_viewer_angled_bottom', 'STEP_OUTPUT': 'step', 'BLENDER_OUTPUT': 'blender', 'PDF_SCHEMATIC_OUTPUT': 'pdf_schematic', 'PDF_FABRICATION_OUTPUT': 'pdf_fabrication', 'PDF_ASSEMBLY_OUTPUT': 'pdf_assembly', 'ZIP_COMPRESS_FAB_OUTPUT': 'zip_compress_fab', 'HTML_KICANVAS_OUTPUT': 'html_kicanvas', 'HTML_KIRI_OUTPUT': 'html_kiri', 'MD_README_OUTPUT': 'md_readme', 'HTML_NAV_RES_OUTPUT': 'html_navigate_results'} (kibot - config_reader.py:680)
DEBUG:YAML after expanding definitions:
# KiBot configuration file for KDT_Hierarchical Template
# KiCad 8.0

kibot:
  version: 1

variants:

  # Project variants

  - name: 'DRAFT'
    comment: "Very early stage of schematic, ignore details."
    type: kibom
    variant: DRAFT
    exclude_filter: '_null'

  - name: 'PRELIMINARY'
    comment: "Close to final schematic."
    type: kibom
    variant: PRELIMINARY
    exclude_filter: '_null'

  - name: 'CHECKED'
    comment: "There shouldn't be any mistakes. Contact the engineer if you find any."
    type: kibom
    variant: CHECKED
    exclude_filter: '_null'
    
  - name: 'RELEASED'
    comment: "A board with this schematic has been sent to production."
    type: kibom
    variant: RELEASED
    exclude_filter: '_null'

  # Assembly variants (are executed with the same flags as RELEASED)

  # - name: 'EXAMPLE'
  #   comment: 'Example'
  #   type: kibom
  #   file_id: _(EXAMPLE)
  #   variant: EXAMPLE
  #   exclude_filter: '_null'

  # - name: 'NONE'
  #   comment: 'None'
  #   type: kibom
  #   file_id: _(NONE)
  #   variant: NONE
  #   exclude_filter: '_null'

groups:

  - name: all_group
    outputs:
      - netlist
      - bom
      - 3d
      - fab
      - assembly
      - pdf_schematic
      - md_readme
      # - html_kicanvas # Very experimental, we exclude it for now
      - html_kiri
      - html_navigate_results

  - name: all_group_k9
    outputs:
      - netlist
      - bom
      - 3d
      - fab_k9
      - assembly
      - pdf_schematic
      - md_readme
      # - html_kicanvas # Very experimental, we exclude it for now
      - html_kiri
      - html_navigate_results

  - name: draft_group
    outputs:
      - netlist
      - pdf_schematic
      - csv_bom
      - html_bom

  - name: fab
    outputs:
      - tables
      - gbr_gerbers
      - drl_excellon
      # - dxf_drill_map
      - pdf_drill_map
      - pdf_fabrication
      - zip_compress_fab

  - name: fab_k9
    outputs:
      - tables
      - gbr_gerbers
      - zip_odb
      - drl_excellon
      # - dxf_drill_map
      - pdf_drill_map
      - pdf_fabrication
      - zip_compress_fab

  - name: assembly
    outputs:
      - 3d_render
      - csv_position
      - pdf_assembly

  - name: 3d_render
    outputs:
      - png_3d_viewer_top
      - png_3d_viewer_bottom
      - png_3d_viewer_angled_top
      - png_3d_viewer_angled_bottom

  - name: bom
    outputs:
      - csv_bom
      # - xlsx_bom
      - html_bom_interactive
      - html_bom

  - name: tables
    outputs:
      - csv_comp_count
      - csv_impedance_table
      - csv_drill_table
      - testpoints
      - notes

  - name: testpoints
    outputs:
      - csv_testpoints
      - csv_testpoints_top
      - csv_testpoints_bottom

  - name: notes
    outputs:
      - txt_fabrication_notes
      - txt_assembly_notes

  - name: 3d
    outputs:
      - step
      # - blender # looks kinda bad

import:

  # Global parameters ==========================================================
  
  - file: kibot_globals.yaml
    definitions:
      OUTPUT_DIR: ./
      LAYER_DNP_TOP: F.DNP
      LAYER_DNP_BOTTOM: B.DNP

  # Filters ====================================================================
  
  - file: kibot_filt_field_rename.yaml
    definitions:
      NAME: field_rename
      COMMENT: Rename fields
      MPN_FIELD: Manufacturer Part Number
      MAN_FIELD: Manufacturer

  - file: kibot_filt_testpoints.yaml
    definitions:
      NAME: only_testpoints
      COMMENT: Include only testpoints

  - file: kibot_filt_exclude_testpoints.yaml
    definitions:
      NAME: exclude_testpoints
      COMMENT: Exclude only testpoints
    
  - file: kibot_filt_testpoints.yaml
    definitions:
      NAME: only_testpoints_top
      COMMENT: Select only top testpoints
      EXCLUDE_BOTTOM: true
      EXCLUDE_REFS: "[MB*]"

  - file: kibot_filt_testpoints.yaml
    definitions:
      NAME: only_testpoints_bottom
      COMMENT: Select only bottom testpoints
      EXCLUDE_TOP: true
      EXCLUDE_REFS: "[MB*]"

  # Preflights =================================================================

  # Set text variables
  - file: kibot_pre_set_text_variables.yaml
    definitions:
      PROJECT_NAME: LE_V2
      BOARD_NAME: LE_BMS_A_V2
      COMPANY: Company Name
      DESIGNER: Author
      SCRIPTS_DIR: kibot_resources/scripts
      FABRICATION_DIR: Manufacturing/Fabrication
      ASSEMBLY_DIR: Manufacturing/Assembly

  # Generate ERC Report
  - file: kibot_pre_erc_report.yaml
    definitions:
      DIR: Reports

  # Generate DRC Report
  - file: kibot_pre_drc_report.yaml
    definitions:
      CHECK_ZONE_FILLS: false
      DIR: Reports

  # Draw stackup table in PCB. Needs gerber output
  - file: kibot_pre_draw_stackup.yaml
    definitions:
      GERBER_OUTPUT: gbr_gerbers
      NOTE: external layer thicknesses are specified after plating

  # Include tables in PCB for testpoint lists
  # - file: kibot_pre_include_table.yaml
  #   definitions:
  #     NAME_TP_TOP: csv_testpoints_top
  #     NAME_TP_BOTTOM: csv_testpoints_bottom
  #     NAME_COMP_COUNT: csv_comp_count
  #     NAME_IMPEDANCE_TABLE: csv_impedance_table

# Generated outputs ============================================================

  # Schematic variant with split fields ----------------------------------------
  # - file: kibot_out_sch_variant.yaml
  #   definitions:
  #     NAME: value_split
  #     COMMENT: Split component Value field of components
  #     DIR: 'Schematic/value_split'

  # Netlist --------------------------------------------------------------------
  - file: kibot_out_netlist.yaml
    definitions:
      NAME: netlist
      COMMENT: Schematic netlist in KiCad format

  # Generic manufacturing outputs ==============================================

  # Gerbers --------------------------------------------------------------------
  - file: kibot_out_gerber.yaml
    definitions:
      NAME: gbr_gerbers
      COMMENT: Gerbers in GBR format
      DIR: Manufacturing/Fabrication/Gerbers
      PLOT_REFS: true

  # ODB++ ----------------------------------------------------------------------
  - file: kibot_out_odb.yaml
    definitions:
      NAME: zip_odb
      COMMENT: ODB++ in ZIP format
      DIR: Manufacturing/Fabrication

  # Drill files
  - file: kibot_out_excellon_drill.yaml
    definitions:
      NAME: drl_excellon
      COMMENT: Drill in Excellon format
      DIR: Manufacturing/Fabrication/Gerbers

  # Drill Map (PDF)
  - file: kibot_out_excellon_drill.yaml
    definitions:
      NAME: pdf_drill_map
      COMMENT: Drill Map in PDF format
      DIR: Manufacturing/Fabrication/Gerbers
      GENERATE_DRILL: false
      PTH_NPTH: false
      MAP_FORMAT: pdf

  # Drill Map (DXF)
  # - file: kibot_out_excellon_drill.yaml
  #   definitions:
  #     NAME: dxf_drill_map
  #     COMMENT: Drill Map in DXF format
  #     DIR: Manufacturing/Fabrication/Gerbers
  #     GENERATE_DRILL: false
  #     PTH_NPTH: false
  #     MAP_FORMAT: dxf

  # Drill Table (CSV)
  - file: kibot_out_csv_drill_table.yaml
    definitions:
      NAME: csv_drill_table
      COMMENT: Drill Table in CSV format
      DIR: Manufacturing/Fabrication/Drill Tables
      PTH_NPTH: 'no'
      GROUP_ROUND_SLOTS: true

  # Position file --------------------------------------------------------------

  - file: kibot_out_csv_pos.yaml
    definitions:
      NAME: csv_position
      COMMENT: Position file in CSV format
      DIR: Manufacturing/Assembly

  # Manufacturer-specific manufacturing outputs ================================

  # Testpoint lists ------------------------------------------------------------
  - file: kibot_out_csv_testpoints.yaml
    definitions:
      NAME: csv_testpoints
      COMMENT: Testpoint report in CSV format
      DIR: Testing/Testpoints
      EXCLUDE_FILTER: only_testpoints

  - file: kibot_out_csv_testpoints_simple.yaml
    definitions:
      NAME: csv_testpoints_top
      COMMENT: Top testpoint report in CSV format
      DIR: Testing/Testpoints
      SUFFIX: -top
      EXCLUDE_FILTER: only_testpoints_top

  - file: kibot_out_csv_testpoints_simple.yaml
    definitions:
      NAME: csv_testpoints_bottom
      COMMENT: Bottom testpoint report in CSV format
      DIR: Testing/Testpoints
      SUFFIX: -bottom
      EXCLUDE_FILTER: only_testpoints_bottom

  # CSV Bill of Materials (BoM) ------------------------------------------------
  - file: kibot_out_csv_bom.yaml
    definitions:
      NAME: csv_bom
      COMMENT: Bill of Materials in CSV format
      DIR: Manufacturing/Assembly
      MPN_FIELD: Manufacturer Part Number
      MAN_FIELD: Manufacturer

  - file: kibot_out_html_bom.yaml
    definitions:
      NAME: html_bom
      COMMENT: Bill of Materials in HTML format
      DIR: Manufacturing/Assembly
      MPN_FIELD: Manufacturer Part Number
      MAN_FIELD: Manufacturer

  # XLSX Bill of Materials (BoM)
  - file: kibot_out_xlsx_bom.yaml
    definitions:
      NAME: xlsx_bom
      COMMENT: Bill of Materials in XLSX format
      DIR: Manufacturing/Assembly
      FILT_PRE_TRANSFORM: field_rename

  # Interactive HTML BOM. Needs netlist.
  - file: kibot_out_html_ibom.yaml
    definitions:
      NAME: html_bom_interactive
      COMMENT: Interactive BOM in HTML format
      DIR: Manufacturing/Assembly
      EXCLUDE_FILTER: exclude_testpoints
      TITLE: LE_BMS_A_V2 Assembly
      MPN_FIELD: Manufacturer Part Number

  # CSV components count report ------------------------------------------------
  - file: kibot_out_csv_report.yaml
    definitions:
      NAME: csv_comp_count
      COMMENT: Component report (count) in CSV format
      DIR: Manufacturing/Assembly
      OUTPUT_ID: components_count
      TEMPLATE: total_components

  # CSV Impedance/Transmission line table
  - file: kibot_out_csv_report.yaml
    definitions:
      NAME: csv_impedance_table
      COMMENT: Impedance table in CSV format
      DIR: Manufacturing/Fabrication
      OUTPUT_ID: impedance_table
      TEMPLATE: kibot_resources/templates/impedance_table.txt

  # TXT fabrication notes ------------------------------------------------------
  - file: kibot_out_txt_report.yaml
    definitions:
      NAME: txt_fabrication_notes
      COMMENT: Fabrication notes in TXT format
      DIR: Manufacturing/Fabrication
      OUTPUT_ID: fabrication_notes
      TEMPLATE: kibot_resources/templates/fabrication_notes.txt

  # TXT assembly notes
  - file: kibot_out_txt_report.yaml
    definitions:
      NAME: txt_assembly_notes
      COMMENT: Assembly notes in TXT format
      DIR: Manufacturing/Assembly
      OUTPUT_ID: assembly_notes
      TEMPLATE: kibot_resources/templates/assembly_notes.txt

  # PNG 3D Viewer renders ------------------------------------------------------
  - file: kibot_out_png_3d_viewer.yaml
    definitions:
      NAME: png_3d_viewer_top
      COMMENT: Top 3D viewer PCB render in PNG format
      DIR: Images
      SUFFIX: top
      VIEW: top
      KEY_COLOR: '#00FF00'

  - file: kibot_out_png_3d_viewer.yaml
    definitions:
      NAME: png_3d_viewer_bottom
      COMMENT: Bottom 3D viewer PCB render in PNG format
      DIR: Images
      SUFFIX: bottom
      VIEW: bottom
      KEY_COLOR: '#00FF00'

  - file: kibot_out_png_3d_viewer.yaml
    definitions:
      NAME: png_3d_viewer_angled_top
      COMMENT: Top (angled) 3D viewer PCB render in PNG format
      DIR: Images
      SUFFIX: angled_top
      VIEW: top
      ROTATE_X: 2
      ROTATE_Y: -1
      ROTATE_Z: 1
      ZOOM: -1
      KEY_COLOR: '#00FF00'

  - file: kibot_out_png_3d_viewer.yaml
    definitions:
      NAME: png_3d_viewer_angled_bottom
      COMMENT: Bottom (angled) 3D viewer PCB render in PNG format
      DIR: Images
      SUFFIX: angled_bottom
      VIEW: bottom
      ROTATE_X: 2
      ROTATE_Y: -1
      ROTATE_Z: -1
      ZOOM: -1
      KEY_COLOR: '#00FF00'

  # STEP file ------------------------------------------------------------------
  - file: kibot_out_step.yaml
    definitions:
      NAME: step
      COMMENT: PCB 3D model in STEP format
      DIR: 3D
      
  # - file: kibot_out_blender.yaml
  #   definitions:
  #     NAME: blender
  #     COMMENT: PCB 3D model in PCB3D Blender format
  #     DIR: Images

  # Schematic in PDF format ----------------------------------------------------
  - file: kibot_out_pdf_schematic.yaml
    definitions:
      NAME: pdf_schematic
      COMMENT: Schematic in PDF format
      COLOR_THEME: Altium_Theme
      DIR: Schematic
      DEFAULT_FONT: 'Times New Roman'

  # Fabrication Document in PDF format
  - file: kibot_out_pdf_fabrication.yaml
    definitions:
      NAME: pdf_fabrication
      COMMENT: Fabrication document in PDF format
      DIR: Manufacturing/Fabrication
      COLOR_THEME: Altium_Theme
      SHEET_WKS: ${KIPRJMOD}/Templates/KDT_Template_PCB_GIT_A4.kicad_wks
      SCALING: 1
      PTH_NPTH: 'no'
      GROUP_ROUND_SLOTS: true
      FAB_EXCLUDE_FILTER: only_testpoints
      LAYER_DRILL_MAP: DrillMap
      LAYER_TP_LIST_TOP: F.TestPointList
      LAYER_TP_LIST_BOTTOM: B.TestPointList
      NAME_TP_TOP: csv_testpoints_top
      NAME_TP_BOTTOM: csv_testpoints_bottom
      NAME_IMPEDANCE_TABLE: csv_impedance_table
      NAME_DRILL_TABLE: csv_drill_table

  # Assembly Document in PDF format
  - file: kibot_out_pdf_assembly.yaml
    definitions:
      NAME: pdf_assembly
      COMMENT: Assembly document in PDF format
      DIR: Manufacturing/Assembly
      COLOR_THEME: Altium_Theme
      SHEET_WKS: ${KIPRJMOD}/Templates/KDT_Template_PCB_GIT_A4.kicad_wks
      SCALING: 1
      FAB_EXCLUDE_FILTER: exclude_testpoints
      LAYER_TITLE_PAGE: TitlePage
      LAYER_ASSEMBLY_TEXT_TOP: F.AssemblyText
      LAYER_ASSEMBLY_TEXT_BOTTOM: B.AssemblyText
      LAYER_DNP_CROSS_TOP: F.DNP
      LAYER_DNP_CROSS_BOTTOM: B.DNP
      NAME_COMP_COUNT: csv_comp_count

  # Compress fabrication files into ZIP archive --------------------------------
  - file: kibot_out_compress_fab.yaml
    definitions:
      NAME: zip_compress_fab
      COMMENT: Generates a ZIP file with gerbers, drill and fabrication document
      DIR: Manufacturing/Fabrication
      GERBER_OUTPUT: gbr_gerbers
      DRILL_MAP_OUTPUT: pdf_drill_map
      DRILL_OUTPUT: drl_excellon
      FABRICATION_OUTPUT: pdf_fabrication

  # Generate webpage for exploring PCB/SCH files
  - file: kibot_out_html_kicanvas.yaml
    definitions:
      NAME: html_kicanvas
      COMMENT: KiCanvas webpage
      DIR: KiCanvas

  # Generate webpage with diffs between commits
  - file: kibot_out_html_kiri.yaml
    definitions:
      NAME: html_kiri
      COMMENT: KiRI webpage
      DIR: KiRI

  # README.md file generation
  - file: kibot_out_md_report.yaml
    definitions:
      NAME: md_readme
      COMMENT: README file in Markdown format
      DIR: ./
      CATEGORY: '.'
      OUTPUT_NAME: README
      TEMPLATE: kibot_resources/templates/readme.txt

  - file: kibot_out_navigate_results.yaml
    definitions:
      NAME: html_navigate_results
      COMMENT: Results webpage in HTML format
      DIR: HTML
      TITLE: LE_BMS_A_V2
      LOGO: Logos/dummy_logo.png
      LOGO_URL: https://github.com/nguyen-v/KDT_Hierarchical_KiBot

# ==============================================================================

 (kibot - config_reader.py:686)
DEBUG:Parsing imports: [{'file': 'kibot_globals.yaml', 'definitions': {'OUTPUT_DIR': './', 'LAYER_DNP_TOP': 'F.DNP', 'LAYER_DNP_BOTTOM': 'B.DNP'}}, {'file': 'kibot_filt_field_rename.yaml', 'definitions': {'NAME': 'field_rename', 'COMMENT': 'Rename fields', 'MPN_FIELD': 'Manufacturer Part Number', 'MAN_FIELD': 'Manufacturer'}}, {'file': 'kibot_filt_testpoints.yaml', 'definitions': {'NAME': 'only_testpoints', 'COMMENT': 'Include only testpoints'}}, {'file': 'kibot_filt_exclude_testpoints.yaml', 'definitions': {'NAME': 'exclude_testpoints', 'COMMENT': 'Exclude only testpoints'}}, {'file': 'kibot_filt_testpoints.yaml', 'definitions': {'NAME': 'only_testpoints_top', 'COMMENT': 'Select only top testpoints', 'EXCLUDE_BOTTOM': True, 'EXCLUDE_REFS': '[MB*]'}}, {'file': 'kibot_filt_testpoints.yaml', 'definitions': {'NAME': 'only_testpoints_bottom', 'COMMENT': 'Select only bottom testpoints', 'EXCLUDE_TOP': True, 'EXCLUDE_REFS': '[MB*]'}}, {'file': 'kibot_pre_set_text_variables.yaml', 'definitions': {'PROJECT_NAME': 'LE_V2', 'BOARD_NAME': 'LE_BMS_A_V2', 'COMPANY': 'Company Name', 'DESIGNER': 'Author', 'SCRIPTS_DIR': 'kibot_resources/scripts', 'FABRICATION_DIR': 'Manufacturing/Fabrication', 'ASSEMBLY_DIR': 'Manufacturing/Assembly'}}, {'file': 'kibot_pre_erc_report.yaml', 'definitions': {'DIR': 'Reports'}}, {'file': 'kibot_pre_drc_report.yaml', 'definitions': {'CHECK_ZONE_FILLS': False, 'DIR': 'Reports'}}, {'file': 'kibot_pre_draw_stackup.yaml', 'definitions': {'GERBER_OUTPUT': 'gbr_gerbers', 'NOTE': 'external layer thicknesses are specified after plating'}}, {'file': 'kibot_out_netlist.yaml', 'definitions': {'NAME': 'netlist', 'COMMENT': 'Schematic netlist in KiCad format'}}, {'file': 'kibot_out_gerber.yaml', 'definitions': {'NAME': 'gbr_gerbers', 'COMMENT': 'Gerbers in GBR format', 'DIR': 'Manufacturing/Fabrication/Gerbers', 'PLOT_REFS': True}}, {'file': 'kibot_out_odb.yaml', 'definitions': {'NAME': 'zip_odb', 'COMMENT': 'ODB++ in ZIP format', 'DIR': 'Manufacturing/Fabrication'}}, {'file': 'kibot_out_excellon_drill.yaml', 'definitions': {'NAME': 'drl_excellon', 'COMMENT': 'Drill in Excellon format', 'DIR': 'Manufacturing/Fabrication/Gerbers'}}, {'file': 'kibot_out_excellon_drill.yaml', 'definitions': {'NAME': 'pdf_drill_map', 'COMMENT': 'Drill Map in PDF format', 'DIR': 'Manufacturing/Fabrication/Gerbers', 'GENERATE_DRILL': False, 'PTH_NPTH': False, 'MAP_FORMAT': 'pdf'}}, {'file': 'kibot_out_csv_drill_table.yaml', 'definitions': {'NAME': 'csv_drill_table', 'COMMENT': 'Drill Table in CSV format', 'DIR': 'Manufacturing/Fabrication/Drill Tables', 'PTH_NPTH': 'no', 'GROUP_ROUND_SLOTS': True}}, {'file': 'kibot_out_csv_pos.yaml', 'definitions': {'NAME': 'csv_position', 'COMMENT': 'Position file in CSV format', 'DIR': 'Manufacturing/Assembly'}}, {'file': 'kibot_out_csv_testpoints.yaml', 'definitions': {'NAME': 'csv_testpoints', 'COMMENT': 'Testpoint report in CSV format', 'DIR': 'Testing/Testpoints', 'EXCLUDE_FILTER': 'only_testpoints'}}, {'file': 'kibot_out_csv_testpoints_simple.yaml', 'definitions': {'NAME': 'csv_testpoints_top', 'COMMENT': 'Top testpoint report in CSV format', 'DIR': 'Testing/Testpoints', 'SUFFIX': '-top', 'EXCLUDE_FILTER': 'only_testpoints_top'}}, {'file': 'kibot_out_csv_testpoints_simple.yaml', 'definitions': {'NAME': 'csv_testpoints_bottom', 'COMMENT': 'Bottom testpoint report in CSV format', 'DIR': 'Testing/Testpoints', 'SUFFIX': '-bottom', 'EXCLUDE_FILTER': 'only_testpoints_bottom'}}, {'file': 'kibot_out_csv_bom.yaml', 'definitions': {'NAME': 'csv_bom', 'COMMENT': 'Bill of Materials in CSV format', 'DIR': 'Manufacturing/Assembly', 'MPN_FIELD': 'Manufacturer Part Number', 'MAN_FIELD': 'Manufacturer'}}, {'file': 'kibot_out_html_bom.yaml', 'definitions': {'NAME': 'html_bom', 'COMMENT': 'Bill of Materials in HTML format', 'DIR': 'Manufacturing/Assembly', 'MPN_FIELD': 'Manufacturer Part Number', 'MAN_FIELD': 'Manufacturer'}}, {'file': 'kibot_out_xlsx_bom.yaml', 'definitions': {'NAME': 'xlsx_bom', 'COMMENT': 'Bill of Materials in XLSX format', 'DIR': 'Manufacturing/Assembly', 'FILT_PRE_TRANSFORM': 'field_rename'}}, {'file': 'kibot_out_html_ibom.yaml', 'definitions': {'NAME': 'html_bom_interactive', 'COMMENT': 'Interactive BOM in HTML format', 'DIR': 'Manufacturing/Assembly', 'EXCLUDE_FILTER': 'exclude_testpoints', 'TITLE': 'LE_BMS_A_V2 Assembly', 'MPN_FIELD': 'Manufacturer Part Number'}}, {'file': 'kibot_out_csv_report.yaml', 'definitions': {'NAME': 'csv_comp_count', 'COMMENT': 'Component report (count) in CSV format', 'DIR': 'Manufacturing/Assembly', 'OUTPUT_ID': 'components_count', 'TEMPLATE': 'total_components'}}, {'file': 'kibot_out_csv_report.yaml', 'definitions': {'NAME': 'csv_impedance_table', 'COMMENT': 'Impedance table in CSV format', 'DIR': 'Manufacturing/Fabrication', 'OUTPUT_ID': 'impedance_table', 'TEMPLATE': 'kibot_resources/templates/impedance_table.txt'}}, {'file': 'kibot_out_txt_report.yaml', 'definitions': {'NAME': 'txt_fabrication_notes', 'COMMENT': 'Fabrication notes in TXT format', 'DIR': 'Manufacturing/Fabrication', 'OUTPUT_ID': 'fabrication_notes', 'TEMPLATE': 'kibot_resources/templates/fabrication_notes.txt'}}, {'file': 'kibot_out_txt_report.yaml', 'definitions': {'NAME': 'txt_assembly_notes', 'COMMENT': 'Assembly notes in TXT format', 'DIR': 'Manufacturing/Assembly', 'OUTPUT_ID': 'assembly_notes', 'TEMPLATE': 'kibot_resources/templates/assembly_notes.txt'}}, {'file': 'kibot_out_png_3d_viewer.yaml', 'definitions': {'NAME': 'png_3d_viewer_top', 'COMMENT': 'Top 3D viewer PCB render in PNG format', 'DIR': 'Images', 'SUFFIX': 'top', 'VIEW': 'top', 'KEY_COLOR': '#00FF00'}}, {'file': 'kibot_out_png_3d_viewer.yaml', 'definitions': {'NAME': 'png_3d_viewer_bottom', 'COMMENT': 'Bottom 3D viewer PCB render in PNG format', 'DIR': 'Images', 'SUFFIX': 'bottom', 'VIEW': 'bottom', 'KEY_COLOR': '#00FF00'}}, {'file': 'kibot_out_png_3d_viewer.yaml', 'definitions': {'NAME': 'png_3d_viewer_angled_top', 'COMMENT': 'Top (angled) 3D viewer PCB render in PNG format', 'DIR': 'Images', 'SUFFIX': 'angled_top', 'VIEW': 'top', 'ROTATE_X': 2, 'ROTATE_Y': -1, 'ROTATE_Z': 1, 'ZOOM': -1, 'KEY_COLOR': '#00FF00'}}, {'file': 'kibot_out_png_3d_viewer.yaml', 'definitions': {'NAME': 'png_3d_viewer_angled_bottom', 'COMMENT': 'Bottom (angled) 3D viewer PCB render in PNG format', 'DIR': 'Images', 'SUFFIX': 'angled_bottom', 'VIEW': 'bottom', 'ROTATE_X': 2, 'ROTATE_Y': -1, 'ROTATE_Z': -1, 'ZOOM': -1, 'KEY_COLOR': '#00FF00'}}, {'file': 'kibot_out_step.yaml', 'definitions': {'NAME': 'step', 'COMMENT': 'PCB 3D model in STEP format', 'DIR': '3D'}}, {'file': 'kibot_out_pdf_schematic.yaml', 'definitions': {'NAME': 'pdf_schematic', 'COMMENT': 'Schematic in PDF format', 'COLOR_THEME': 'Altium_Theme', 'DIR': 'Schematic', 'DEFAULT_FONT': 'Times New Roman'}}, {'file': 'kibot_out_pdf_fabrication.yaml', 'definitions': {'NAME': 'pdf_fabrication', 'COMMENT': 'Fabrication document in PDF format', 'DIR': 'Manufacturing/Fabrication', 'COLOR_THEME': 'Altium_Theme', 'SHEET_WKS': '${KIPRJMOD}/Templates/KDT_Template_PCB_GIT_A4.kicad_wks', 'SCALING': 1, 'PTH_NPTH': 'no', 'GROUP_ROUND_SLOTS': True, 'FAB_EXCLUDE_FILTER': 'only_testpoints', 'LAYER_DRILL_MAP': 'DrillMap', 'LAYER_TP_LIST_TOP': 'F.TestPointList', 'LAYER_TP_LIST_BOTTOM': 'B.TestPointList', 'NAME_TP_TOP': 'csv_testpoints_top', 'NAME_TP_BOTTOM': 'csv_testpoints_bottom', 'NAME_IMPEDANCE_TABLE': 'csv_impedance_table', 'NAME_DRILL_TABLE': 'csv_drill_table'}}, {'file': 'kibot_out_pdf_assembly.yaml', 'definitions': {'NAME': 'pdf_assembly', 'COMMENT': 'Assembly document in PDF format', 'DIR': 'Manufacturing/Assembly', 'COLOR_THEME': 'Altium_Theme', 'SHEET_WKS': '${KIPRJMOD}/Templates/KDT_Template_PCB_GIT_A4.kicad_wks', 'SCALING': 1, 'FAB_EXCLUDE_FILTER': 'exclude_testpoints', 'LAYER_TITLE_PAGE': 'TitlePage', 'LAYER_ASSEMBLY_TEXT_TOP': 'F.AssemblyText', 'LAYER_ASSEMBLY_TEXT_BOTTOM': 'B.AssemblyText', 'LAYER_DNP_CROSS_TOP': 'F.DNP', 'LAYER_DNP_CROSS_BOTTOM': 'B.DNP', 'NAME_COMP_COUNT': 'csv_comp_count'}}, {'file': 'kibot_out_compress_fab.yaml', 'definitions': {'NAME': 'zip_compress_fab', 'COMMENT': 'Generates a ZIP file with gerbers, drill and fabrication document', 'DIR': 'Manufacturing/Fabrication', 'GERBER_OUTPUT': 'gbr_gerbers', 'DRILL_MAP_OUTPUT': 'pdf_drill_map', 'DRILL_OUTPUT': 'drl_excellon', 'FABRICATION_OUTPUT': 'pdf_fabrication'}}, {'file': 'kibot_out_html_kicanvas.yaml', 'definitions': {'NAME': 'html_kicanvas', 'COMMENT': 'KiCanvas webpage', 'DIR': 'KiCanvas'}}, {'file': 'kibot_out_html_kiri.yaml', 'definitions': {'NAME': 'html_kiri', 'COMMENT': 'KiRI webpage', 'DIR': 'KiRI'}}, {'file': 'kibot_out_md_report.yaml', 'definitions': {'NAME': 'md_readme', 'COMMENT': 'README file in Markdown format', 'DIR': './', 'CATEGORY': '.', 'OUTPUT_NAME': 'README', 'TEMPLATE': 'kibot_resources/templates/readme.txt'}}, {'file': 'kibot_out_navigate_results.yaml', 'definitions': {'NAME': 'html_navigate_results', 'COMMENT': 'Results webpage in HTML format', 'DIR': 'HTML', 'TITLE': 'LE_BMS_A_V2', 'LOGO': 'Logos/dummy_logo.png', 'LOGO_URL': 'https://github.com/nguyen-v/KDT_Hierarchical_KiBot'}}] (kibot - config_reader.py:520)
DEBUG:Found local definitions (kibot - config_reader.py:651)
DEBUG:- Local definitions: {'OUTPUT_DIR': './', 'LAYER_DNP_TOP': 'F.DNP', 'LAYER_DNP_BOTTOM': 'B.DNP'} (kibot - config_reader.py:661)
DEBUG:- Current definitions: {'PROJECT_NAME': 'LE_V2', 'BOARD_NAME': 'LE_BMS_A_V2', 'COMPANY': 'Company Name', 'DESIGNER': 'Author', 'LOGO': 'Logos/dummy_logo.png', 'GIT_URL': 'https://github.com/nguyen-v/KDT_Hierarchical_KiBot', 'CHECK_ZONE_FILLS': False, 'STACKUP_TABLE_NOTE': 'external layer thicknesses are specified after plating', 'MPN_FIELD': 'Manufacturer Part Number', 'MAN_FIELD': 'Manufacturer', 'GROUP_ROUND_SLOTS': True, 'GROUP_PTH_NPTH': 'no', 'GROUP_PTH_NPTH_DRL': False, 'PLOT_REFS': True, 'COLOR_THEME': 'Altium_Theme', 'SHEET_WKS': '${KIPRJMOD}/Templates/KDT_Template_PCB_GIT_A4.kicad_wks', 'FAB_SCALING': 1, 'ASSEMBLY_SCALING': 1, 'EXCLUDE_REFS': '[MB*]', '3D_VIEWER_ROT_X': 2, '3D_VIEWER_ROT_Y': -1, '3D_VIEWER_ROT_Z': 1, '3D_VIEWER_ZOOM': -1, 'KEY_COLOR': '#00FF00', 'OUTPUT_DIR': './', 'REPORT_DIR': 'Reports', 'SCHEMATIC_DIR': 'Schematic', 'MANUFACTURING_DIR': 'Manufacturing', 'ASSEMBLY_DIR': '@MANUFACTURING_DIR@/Assembly', 'FABRICATION_DIR': '@MANUFACTURING_DIR@/Fabrication', 'GERBERS_DIR': '@FABRICATION_DIR@/Gerbers', 'FAB_DRILL_TABLES_DIR': '@FABRICATION_DIR@/Drill Tables', 'TESTING_DIR': 'Testing', 'TESTPOINTS_DIR': '@TESTING_DIR@/Testpoints', 'IMAGES_DIR': 'Images', '3D_DIR': '3D', 'RESOURCES_DIR': 'kibot_resources', 'REPORT_TEMPLATE_DIR': '@RESOURCES_DIR@/templates', 'SCRIPTS_DIR': '@RESOURCES_DIR@/scripts', 'LAYER_TITLE_PAGE': 'TitlePage', 'LAYER_DNP_TOP': 'F.DNP', 'LAYER_DNP_BOTTOM': 'B.DNP', 'LAYER_DRILL_MAP': 'DrillMap', 'LAYER_TP_LIST_TOP': 'F.TestPointList', 'LAYER_TP_LIST_BOTTOM': 'B.TestPointList', 'LAYER_ASSEMBLY_TEXT_TOP': 'F.AssemblyText', 'LAYER_ASSEMBLY_TEXT_BOTTOM': 'B.AssemblyText', 'LAYER_DNP_CROSS_TOP': 'F.DNP', 'LAYER_DNP_CROSS_BOTTOM': 'B.DNP', 'FILT_FIELD_RENAME': 'field_rename', 'FILT_TP_ONLY': 'only_testpoints', 'FILT_TP_EXCLUDE': 'exclude_testpoints', 'FILT_TP_TOP_ONLY': 'only_testpoints_top', 'FILT_TP_BOTTOM_ONLY': 'only_testpoints_bottom', 'SCH_VARIANT_OUTPUT': 'value_split', 'NETLIST_OUTPUT': 'netlist', 'GERBER_OUTPUT': 'gbr_gerbers', 'ODB_OUTPUT': 'zip_odb', 'EXCELLON_DRILL_OUTPUT': 'drl_excellon', 'PDF_DRILL_MAP_OUTPUT': 'pdf_drill_map', 'DXF_DRILL_MAP_OUTPUT': 'dxf_drill_map', 'CSV_DRILL_TABLE_OUTPUT': 'csv_drill_table', 'CSV_POS_OUTPUT': 'csv_position', 'CSV_TP_OUTPUT': 'csv_testpoints', 'CSV_TP_TOP_OUTPUT': 'csv_testpoints_top', 'CSV_TP_BOTTOM_OUTPUT': 'csv_testpoints_bottom', 'CSV_BOM_OUTPUT': 'csv_bom', 'XLSX_BOM_OUTPUT': 'xlsx_bom', 'HTML_IBOM_OUTPUT': 'html_bom_interactive', 'HTML_BOM_OUTPUT': 'html_bom', 'CSV_COMP_COUNT_OUPUT': 'csv_comp_count', 'CSV_IMPEDANCE_TABLE_OUTPUT': 'csv_impedance_table', 'TXT_FAB_NOTES_OUTPUT': 'txt_fabrication_notes', 'TXT_ASSEMBLY_NOTES_OUTPUT': 'txt_assembly_notes', 'PNG_3D_VIEWER_TOP': 'png_3d_viewer_top', 'PNG_3D_VIEWER_BOTTOM': 'png_3d_viewer_bottom', 'PNG_3D_VIEWER_ANGLED_TOP': 'png_3d_viewer_angled_top', 'PNG_3D_VIEWER_ANGLED_BOTTOM': 'png_3d_viewer_angled_bottom', 'STEP_OUTPUT': 'step', 'BLENDER_OUTPUT': 'blender', 'PDF_SCHEMATIC_OUTPUT': 'pdf_schematic', 'PDF_FABRICATION_OUTPUT': 'pdf_fabrication', 'PDF_ASSEMBLY_OUTPUT': 'pdf_assembly', 'ZIP_COMPRESS_FAB_OUTPUT': 'zip_compress_fab', 'HTML_KICANVAS_OUTPUT': 'html_kicanvas', 'HTML_KIRI_OUTPUT': 'html_kiri', 'MD_README_OUTPUT': 'md_readme', 'HTML_NAV_RES_OUTPUT': 'html_navigate_results'} (kibot - config_reader.py:662)
DEBUG:- Updated definitions: {'OUTPUT_DIR': './', 'LAYER_DNP_TOP': 'F.DNP', 'LAYER_DNP_BOTTOM': 'B.DNP', 'PROJECT_NAME': 'LE_V2', 'BOARD_NAME': 'LE_BMS_A_V2', 'COMPANY': 'Company Name', 'DESIGNER': 'Author', 'LOGO': 'Logos/dummy_logo.png', 'GIT_URL': 'https://github.com/nguyen-v/KDT_Hierarchical_KiBot', 'CHECK_ZONE_FILLS': False, 'STACKUP_TABLE_NOTE': 'external layer thicknesses are specified after plating', 'MPN_FIELD': 'Manufacturer Part Number', 'MAN_FIELD': 'Manufacturer', 'GROUP_ROUND_SLOTS': True, 'GROUP_PTH_NPTH': 'no', 'GROUP_PTH_NPTH_DRL': False, 'PLOT_REFS': True, 'COLOR_THEME': 'Altium_Theme', 'SHEET_WKS': '${KIPRJMOD}/Templates/KDT_Template_PCB_GIT_A4.kicad_wks', 'FAB_SCALING': 1, 'ASSEMBLY_SCALING': 1, 'EXCLUDE_REFS': '[MB*]', '3D_VIEWER_ROT_X': 2, '3D_VIEWER_ROT_Y': -1, '3D_VIEWER_ROT_Z': 1, '3D_VIEWER_ZOOM': -1, 'KEY_COLOR': '#00FF00', 'REPORT_DIR': 'Reports', 'SCHEMATIC_DIR': 'Schematic', 'MANUFACTURING_DIR': 'Manufacturing', 'ASSEMBLY_DIR': '@MANUFACTURING_DIR@/Assembly', 'FABRICATION_DIR': '@MANUFACTURING_DIR@/Fabrication', 'GERBERS_DIR': '@FABRICATION_DIR@/Gerbers', 'FAB_DRILL_TABLES_DIR': '@FABRICATION_DIR@/Drill Tables', 'TESTING_DIR': 'Testing', 'TESTPOINTS_DIR': '@TESTING_DIR@/Testpoints', 'IMAGES_DIR': 'Images', '3D_DIR': '3D', 'RESOURCES_DIR': 'kibot_resources', 'REPORT_TEMPLATE_DIR': '@RESOURCES_DIR@/templates', 'SCRIPTS_DIR': '@RESOURCES_DIR@/scripts', 'LAYER_TITLE_PAGE': 'TitlePage', 'LAYER_DRILL_MAP': 'DrillMap', 'LAYER_TP_LIST_TOP': 'F.TestPointList', 'LAYER_TP_LIST_BOTTOM': 'B.TestPointList', 'LAYER_ASSEMBLY_TEXT_TOP': 'F.AssemblyText', 'LAYER_ASSEMBLY_TEXT_BOTTOM': 'B.AssemblyText', 'LAYER_DNP_CROSS_TOP': 'F.DNP', 'LAYER_DNP_CROSS_BOTTOM': 'B.DNP', 'FILT_FIELD_RENAME': 'field_rename', 'FILT_TP_ONLY': 'only_testpoints', 'FILT_TP_EXCLUDE': 'exclude_testpoints', 'FILT_TP_TOP_ONLY': 'only_testpoints_top', 'FILT_TP_BOTTOM_ONLY': 'only_testpoints_bottom', 'SCH_VARIANT_OUTPUT': 'value_split', 'NETLIST_OUTPUT': 'netlist', 'GERBER_OUTPUT': 'gbr_gerbers', 'ODB_OUTPUT': 'zip_odb', 'EXCELLON_DRILL_OUTPUT': 'drl_excellon', 'PDF_DRILL_MAP_OUTPUT': 'pdf_drill_map', 'DXF_DRILL_MAP_OUTPUT': 'dxf_drill_map', 'CSV_DRILL_TABLE_OUTPUT': 'csv_drill_table', 'CSV_POS_OUTPUT': 'csv_position', 'CSV_TP_OUTPUT': 'csv_testpoints', 'CSV_TP_TOP_OUTPUT': 'csv_testpoints_top', 'CSV_TP_BOTTOM_OUTPUT': 'csv_testpoints_bottom', 'CSV_BOM_OUTPUT': 'csv_bom', 'XLSX_BOM_OUTPUT': 'xlsx_bom', 'HTML_IBOM_OUTPUT': 'html_bom_interactive', 'HTML_BOM_OUTPUT': 'html_bom', 'CSV_COMP_COUNT_OUPUT': 'csv_comp_count', 'CSV_IMPEDANCE_TABLE_OUTPUT': 'csv_impedance_table', 'TXT_FAB_NOTES_OUTPUT': 'txt_fabrication_notes', 'TXT_ASSEMBLY_NOTES_OUTPUT': 'txt_assembly_notes', 'PNG_3D_VIEWER_TOP': 'png_3d_viewer_top', 'PNG_3D_VIEWER_BOTTOM': 'png_3d_viewer_bottom', 'PNG_3D_VIEWER_ANGLED_TOP': 'png_3d_viewer_angled_top', 'PNG_3D_VIEWER_ANGLED_BOTTOM': 'png_3d_viewer_angled_bottom', 'STEP_OUTPUT': 'step', 'BLENDER_OUTPUT': 'blender', 'PDF_SCHEMATIC_OUTPUT': 'pdf_schematic', 'PDF_FABRICATION_OUTPUT': 'pdf_fabrication', 'PDF_ASSEMBLY_OUTPUT': 'pdf_assembly', 'ZIP_COMPRESS_FAB_OUTPUT': 'zip_compress_fab', 'HTML_KICANVAS_OUTPUT': 'html_kicanvas', 'HTML_KIRI_OUTPUT': 'html_kiri', 'MD_README_OUTPUT': 'md_readme', 'HTML_NAV_RES_OUTPUT': 'html_navigate_results'} (kibot - config_reader.py:665)
DEBUG:Applying preprocessor definitions (kibot - config_reader.py:670)
DEBUG:- Applying CLI definitions: {} (kibot - config_reader.py:677)
DEBUG:- Applying collected definitions: {'OUTPUT_DIR': './', 'LAYER_DNP_TOP': 'F.DNP', 'LAYER_DNP_BOTTOM': 'B.DNP', 'PROJECT_NAME': 'LE_V2', 'BOARD_NAME': 'LE_BMS_A_V2', 'COMPANY': 'Company Name', 'DESIGNER': 'Author', 'LOGO': 'Logos/dummy_logo.png', 'GIT_URL': 'https://github.com/nguyen-v/KDT_Hierarchical_KiBot', 'CHECK_ZONE_FILLS': False, 'STACKUP_TABLE_NOTE': 'external layer thicknesses are specified after plating', 'MPN_FIELD': 'Manufacturer Part Number', 'MAN_FIELD': 'Manufacturer', 'GROUP_ROUND_SLOTS': True, 'GROUP_PTH_NPTH': 'no', 'GROUP_PTH_NPTH_DRL': False, 'PLOT_REFS': True, 'COLOR_THEME': 'Altium_Theme', 'SHEET_WKS': '${KIPRJMOD}/Templates/KDT_Template_PCB_GIT_A4.kicad_wks', 'FAB_SCALING': 1, 'ASSEMBLY_SCALING': 1, 'EXCLUDE_REFS': '[MB*]', '3D_VIEWER_ROT_X': 2, '3D_VIEWER_ROT_Y': -1, '3D_VIEWER_ROT_Z': 1, '3D_VIEWER_ZOOM': -1, 'KEY_COLOR': '#00FF00', 'REPORT_DIR': 'Reports', 'SCHEMATIC_DIR': 'Schematic', 'MANUFACTURING_DIR': 'Manufacturing', 'ASSEMBLY_DIR': '@MANUFACTURING_DIR@/Assembly', 'FABRICATION_DIR': '@MANUFACTURING_DIR@/Fabrication', 'GERBERS_DIR': '@FABRICATION_DIR@/Gerbers', 'FAB_DRILL_TABLES_DIR': '@FABRICATION_DIR@/Drill Tables', 'TESTING_DIR': 'Testing', 'TESTPOINTS_DIR': '@TESTING_DIR@/Testpoints', 'IMAGES_DIR': 'Images', '3D_DIR': '3D', 'RESOURCES_DIR': 'kibot_resources', 'REPORT_TEMPLATE_DIR': '@RESOURCES_DIR@/templates', 'SCRIPTS_DIR': '@RESOURCES_DIR@/scripts', 'LAYER_TITLE_PAGE': 'TitlePage', 'LAYER_DRILL_MAP': 'DrillMap', 'LAYER_TP_LIST_TOP': 'F.TestPointList', 'LAYER_TP_LIST_BOTTOM': 'B.TestPointList', 'LAYER_ASSEMBLY_TEXT_TOP': 'F.AssemblyText', 'LAYER_ASSEMBLY_TEXT_BOTTOM': 'B.AssemblyText', 'LAYER_DNP_CROSS_TOP': 'F.DNP', 'LAYER_DNP_CROSS_BOTTOM': 'B.DNP', 'FILT_FIELD_RENAME': 'field_rename', 'FILT_TP_ONLY': 'only_testpoints', 'FILT_TP_EXCLUDE': 'exclude_testpoints', 'FILT_TP_TOP_ONLY': 'only_testpoints_top', 'FILT_TP_BOTTOM_ONLY': 'only_testpoints_bottom', 'SCH_VARIANT_OUTPUT': 'value_split', 'NETLIST_OUTPUT': 'netlist', 'GERBER_OUTPUT': 'gbr_gerbers', 'ODB_OUTPUT': 'zip_odb', 'EXCELLON_DRILL_OUTPUT': 'drl_excellon', 'PDF_DRILL_MAP_OUTPUT': 'pdf_drill_map', 'DXF_DRILL_MAP_OUTPUT': 'dxf_drill_map', 'CSV_DRILL_TABLE_OUTPUT': 'csv_drill_table', 'CSV_POS_OUTPUT': 'csv_position', 'CSV_TP_OUTPUT': 'csv_testpoints', 'CSV_TP_TOP_OUTPUT': 'csv_testpoints_top', 'CSV_TP_BOTTOM_OUTPUT': 'csv_testpoints_bottom', 'CSV_BOM_OUTPUT': 'csv_bom', 'XLSX_BOM_OUTPUT': 'xlsx_bom', 'HTML_IBOM_OUTPUT': 'html_bom_interactive', 'HTML_BOM_OUTPUT': 'html_bom', 'CSV_COMP_COUNT_OUPUT': 'csv_comp_count', 'CSV_IMPEDANCE_TABLE_OUTPUT': 'csv_impedance_table', 'TXT_FAB_NOTES_OUTPUT': 'txt_fabrication_notes', 'TXT_ASSEMBLY_NOTES_OUTPUT': 'txt_assembly_notes', 'PNG_3D_VIEWER_TOP': 'png_3d_viewer_top', 'PNG_3D_VIEWER_BOTTOM': 'png_3d_viewer_bottom', 'PNG_3D_VIEWER_ANGLED_TOP': 'png_3d_viewer_angled_top', 'PNG_3D_VIEWER_ANGLED_BOTTOM': 'png_3d_viewer_angled_bottom', 'STEP_OUTPUT': 'step', 'BLENDER_OUTPUT': 'blender', 'PDF_SCHEMATIC_OUTPUT': 'pdf_schematic', 'PDF_FABRICATION_OUTPUT': 'pdf_fabrication', 'PDF_ASSEMBLY_OUTPUT': 'pdf_assembly', 'ZIP_COMPRESS_FAB_OUTPUT': 'zip_compress_fab', 'HTML_KICANVAS_OUTPUT': 'html_kicanvas', 'HTML_KIRI_OUTPUT': 'html_kiri', 'MD_README_OUTPUT': 'md_readme', 'HTML_NAV_RES_OUTPUT': 'html_navigate_results'} (kibot - config_reader.py:680)
DEBUG:- Replacing @OUTPUT_DIR@ -> ./ (<class 'str'>) (kibot - config_reader.py:78)
DEBUG:- Replacing @LAYER_DNP_TOP@ -> F.DNP (<class 'str'>) (kibot - config_reader.py:78)
DEBUG:- Replacing @LAYER_DNP_BOTTOM@ -> B.DNP (<class 'str'>) (kibot - config_reader.py:78)
DEBUG:- Applying CLI definitions: {} (kibot - config_reader.py:677)
DEBUG:- Applying collected definitions: {'OUTPUT_DIR': './', 'LAYER_DNP_TOP': 'F.DNP', 'LAYER_DNP_BOTTOM': 'B.DNP', 'PROJECT_NAME': 'LE_V2', 'BOARD_NAME': 'LE_BMS_A_V2', 'COMPANY': 'Company Name', 'DESIGNER': 'Author', 'LOGO': 'Logos/dummy_logo.png', 'GIT_URL': 'https://github.com/nguyen-v/KDT_Hierarchical_KiBot', 'CHECK_ZONE_FILLS': False, 'STACKUP_TABLE_NOTE': 'external layer thicknesses are specified after plating', 'MPN_FIELD': 'Manufacturer Part Number', 'MAN_FIELD': 'Manufacturer', 'GROUP_ROUND_SLOTS': True, 'GROUP_PTH_NPTH': 'no', 'GROUP_PTH_NPTH_DRL': False, 'PLOT_REFS': True, 'COLOR_THEME': 'Altium_Theme', 'SHEET_WKS': '${KIPRJMOD}/Templates/KDT_Template_PCB_GIT_A4.kicad_wks', 'FAB_SCALING': 1, 'ASSEMBLY_SCALING': 1, 'EXCLUDE_REFS': '[MB*]', '3D_VIEWER_ROT_X': 2, '3D_VIEWER_ROT_Y': -1, '3D_VIEWER_ROT_Z': 1, '3D_VIEWER_ZOOM': -1, 'KEY_COLOR': '#00FF00', 'REPORT_DIR': 'Reports', 'SCHEMATIC_DIR': 'Schematic', 'MANUFACTURING_DIR': 'Manufacturing', 'ASSEMBLY_DIR': '@MANUFACTURING_DIR@/Assembly', 'FABRICATION_DIR': '@MANUFACTURING_DIR@/Fabrication', 'GERBERS_DIR': '@FABRICATION_DIR@/Gerbers', 'FAB_DRILL_TABLES_DIR': '@FABRICATION_DIR@/Drill Tables', 'TESTING_DIR': 'Testing', 'TESTPOINTS_DIR': '@TESTING_DIR@/Testpoints', 'IMAGES_DIR': 'Images', '3D_DIR': '3D', 'RESOURCES_DIR': 'kibot_resources', 'REPORT_TEMPLATE_DIR': '@RESOURCES_DIR@/templates', 'SCRIPTS_DIR': '@RESOURCES_DIR@/scripts', 'LAYER_TITLE_PAGE': 'TitlePage', 'LAYER_DRILL_MAP': 'DrillMap', 'LAYER_TP_LIST_TOP': 'F.TestPointList', 'LAYER_TP_LIST_BOTTOM': 'B.TestPointList', 'LAYER_ASSEMBLY_TEXT_TOP': 'F.AssemblyText', 'LAYER_ASSEMBLY_TEXT_BOTTOM': 'B.AssemblyText', 'LAYER_DNP_CROSS_TOP': 'F.DNP', 'LAYER_DNP_CROSS_BOTTOM': 'B.DNP', 'FILT_FIELD_RENAME': 'field_rename', 'FILT_TP_ONLY': 'only_testpoints', 'FILT_TP_EXCLUDE': 'exclude_testpoints', 'FILT_TP_TOP_ONLY': 'only_testpoints_top', 'FILT_TP_BOTTOM_ONLY': 'only_testpoints_bottom', 'SCH_VARIANT_OUTPUT': 'value_split', 'NETLIST_OUTPUT': 'netlist', 'GERBER_OUTPUT': 'gbr_gerbers', 'ODB_OUTPUT': 'zip_odb', 'EXCELLON_DRILL_OUTPUT': 'drl_excellon', 'PDF_DRILL_MAP_OUTPUT': 'pdf_drill_map', 'DXF_DRILL_MAP_OUTPUT': 'dxf_drill_map', 'CSV_DRILL_TABLE_OUTPUT': 'csv_drill_table', 'CSV_POS_OUTPUT': 'csv_position', 'CSV_TP_OUTPUT': 'csv_testpoints', 'CSV_TP_TOP_OUTPUT': 'csv_testpoints_top', 'CSV_TP_BOTTOM_OUTPUT': 'csv_testpoints_bottom', 'CSV_BOM_OUTPUT': 'csv_bom', 'XLSX_BOM_OUTPUT': 'xlsx_bom', 'HTML_IBOM_OUTPUT': 'html_bom_interactive', 'HTML_BOM_OUTPUT': 'html_bom', 'CSV_COMP_COUNT_OUPUT': 'csv_comp_count', 'CSV_IMPEDANCE_TABLE_OUTPUT': 'csv_impedance_table', 'TXT_FAB_NOTES_OUTPUT': 'txt_fabrication_notes', 'TXT_ASSEMBLY_NOTES_OUTPUT': 'txt_assembly_notes', 'PNG_3D_VIEWER_TOP': 'png_3d_viewer_top', 'PNG_3D_VIEWER_BOTTOM': 'png_3d_viewer_bottom', 'PNG_3D_VIEWER_ANGLED_TOP': 'png_3d_viewer_angled_top', 'PNG_3D_VIEWER_ANGLED_BOTTOM': 'png_3d_viewer_angled_bottom', 'STEP_OUTPUT': 'step', 'BLENDER_OUTPUT': 'blender', 'PDF_SCHEMATIC_OUTPUT': 'pdf_schematic', 'PDF_FABRICATION_OUTPUT': 'pdf_fabrication', 'PDF_ASSEMBLY_OUTPUT': 'pdf_assembly', 'ZIP_COMPRESS_FAB_OUTPUT': 'zip_compress_fab', 'HTML_KICANVAS_OUTPUT': 'html_kicanvas', 'HTML_KIRI_OUTPUT': 'html_kiri', 'MD_README_OUTPUT': 'md_readme', 'HTML_NAV_RES_OUTPUT': 'html_navigate_results'} (kibot - config_reader.py:680)
DEBUG:YAML after expanding definitions:
# KiBot Globals
# https://kibot.readthedocs.io/en/latest/configuration/global.html

kibot:
  version: 1

global:
  out_dir: './'
  dnp_cross_top_layer: 'F.DNP'
  dnp_cross_bottom_layer: 'B.DNP'
  disable_kicad_cross_on_fab: true
  extra_pth_drill: 0 # for annular ring computation.
  filters:
    # 'KiCad config without environment.vars section'
    - number: 9
    # 'Unable to find KiCad 3D models'
    - number: 10
    # 'Malformed value'
    - number: 20
    # 'More than one SCH file found in ...'
    - number: 44
    # Invalid column name
    - number: 62
    # 3D models downloaded or cached
    - number: 98
    # 'Avoid adding extra information in the component value, use separated fields'
    - number: 133
    # 'This output depends on KiCad version, use blender_export instead'
    - number: 143
    # 'Not including component <ref> in filters because it has a malformed reference'
    - number: 147
    # 'No output to handle <output>'
    - number: 168
    # 'Please only use simple data types for definitions'
    - number: 172
    # Can't enable <distributor> without a key
    - number: 1008

 (kibot - config_reader.py:686)
DEBUG:Globals loaded from `kibot_yaml/kibot_globals.yaml`: dict_keys(['out_dir', 'dnp_cross_top_layer', 'dnp_cross_bottom_layer', 'disable_kicad_cross_on_fab', 'extra_pth_drill', 'filters']) (kibot - config_reader.py:480)
DEBUG:Found local definitions (kibot - config_reader.py:651)
DEBUG:- Local definitions: {'COMMENT': 'Rename fields', 'NAME': 'field_rename', 'MPN_FIELD': 'Manufacturer Part Number', 'MAN_FIELD': 'Manufacturer'} (kibot - config_reader.py:661)
DEBUG:- Current definitions: {'PROJECT_NAME': 'LE_V2', 'BOARD_NAME': 'LE_BMS_A_V2', 'COMPANY': 'Company Name', 'DESIGNER': 'Author', 'LOGO': 'Logos/dummy_logo.png', 'GIT_URL': 'https://github.com/nguyen-v/KDT_Hierarchical_KiBot', 'CHECK_ZONE_FILLS': False, 'STACKUP_TABLE_NOTE': 'external layer thicknesses are specified after plating', 'MPN_FIELD': 'Manufacturer Part Number', 'MAN_FIELD': 'Manufacturer', 'GROUP_ROUND_SLOTS': True, 'GROUP_PTH_NPTH': 'no', 'GROUP_PTH_NPTH_DRL': False, 'PLOT_REFS': True, 'COLOR_THEME': 'Altium_Theme', 'SHEET_WKS': '${KIPRJMOD}/Templates/KDT_Template_PCB_GIT_A4.kicad_wks', 'FAB_SCALING': 1, 'ASSEMBLY_SCALING': 1, 'EXCLUDE_REFS': '[MB*]', '3D_VIEWER_ROT_X': 2, '3D_VIEWER_ROT_Y': -1, '3D_VIEWER_ROT_Z': 1, '3D_VIEWER_ZOOM': -1, 'KEY_COLOR': '#00FF00', 'OUTPUT_DIR': './', 'REPORT_DIR': 'Reports', 'SCHEMATIC_DIR': 'Schematic', 'MANUFACTURING_DIR': 'Manufacturing', 'ASSEMBLY_DIR': '@MANUFACTURING_DIR@/Assembly', 'FABRICATION_DIR': '@MANUFACTURING_DIR@/Fabrication', 'GERBERS_DIR': '@FABRICATION_DIR@/Gerbers', 'FAB_DRILL_TABLES_DIR': '@FABRICATION_DIR@/Drill Tables', 'TESTING_DIR': 'Testing', 'TESTPOINTS_DIR': '@TESTING_DIR@/Testpoints', 'IMAGES_DIR': 'Images', '3D_DIR': '3D', 'RESOURCES_DIR': 'kibot_resources', 'REPORT_TEMPLATE_DIR': '@RESOURCES_DIR@/templates', 'SCRIPTS_DIR': '@RESOURCES_DIR@/scripts', 'LAYER_TITLE_PAGE': 'TitlePage', 'LAYER_DNP_TOP': 'F.DNP', 'LAYER_DNP_BOTTOM': 'B.DNP', 'LAYER_DRILL_MAP': 'DrillMap', 'LAYER_TP_LIST_TOP': 'F.TestPointList', 'LAYER_TP_LIST_BOTTOM': 'B.TestPointList', 'LAYER_ASSEMBLY_TEXT_TOP': 'F.AssemblyText', 'LAYER_ASSEMBLY_TEXT_BOTTOM': 'B.AssemblyText', 'LAYER_DNP_CROSS_TOP': 'F.DNP', 'LAYER_DNP_CROSS_BOTTOM': 'B.DNP', 'FILT_FIELD_RENAME': 'field_rename', 'FILT_TP_ONLY': 'only_testpoints', 'FILT_TP_EXCLUDE': 'exclude_testpoints', 'FILT_TP_TOP_ONLY': 'only_testpoints_top', 'FILT_TP_BOTTOM_ONLY': 'only_testpoints_bottom', 'SCH_VARIANT_OUTPUT': 'value_split', 'NETLIST_OUTPUT': 'netlist', 'GERBER_OUTPUT': 'gbr_gerbers', 'ODB_OUTPUT': 'zip_odb', 'EXCELLON_DRILL_OUTPUT': 'drl_excellon', 'PDF_DRILL_MAP_OUTPUT': 'pdf_drill_map', 'DXF_DRILL_MAP_OUTPUT': 'dxf_drill_map', 'CSV_DRILL_TABLE_OUTPUT': 'csv_drill_table', 'CSV_POS_OUTPUT': 'csv_position', 'CSV_TP_OUTPUT': 'csv_testpoints', 'CSV_TP_TOP_OUTPUT': 'csv_testpoints_top', 'CSV_TP_BOTTOM_OUTPUT': 'csv_testpoints_bottom', 'CSV_BOM_OUTPUT': 'csv_bom', 'XLSX_BOM_OUTPUT': 'xlsx_bom', 'HTML_IBOM_OUTPUT': 'html_bom_interactive', 'HTML_BOM_OUTPUT': 'html_bom', 'CSV_COMP_COUNT_OUPUT': 'csv_comp_count', 'CSV_IMPEDANCE_TABLE_OUTPUT': 'csv_impedance_table', 'TXT_FAB_NOTES_OUTPUT': 'txt_fabrication_notes', 'TXT_ASSEMBLY_NOTES_OUTPUT': 'txt_assembly_notes', 'PNG_3D_VIEWER_TOP': 'png_3d_viewer_top', 'PNG_3D_VIEWER_BOTTOM': 'png_3d_viewer_bottom', 'PNG_3D_VIEWER_ANGLED_TOP': 'png_3d_viewer_angled_top', 'PNG_3D_VIEWER_ANGLED_BOTTOM': 'png_3d_viewer_angled_bottom', 'STEP_OUTPUT': 'step', 'BLENDER_OUTPUT': 'blender', 'PDF_SCHEMATIC_OUTPUT': 'pdf_schematic', 'PDF_FABRICATION_OUTPUT': 'pdf_fabrication', 'PDF_ASSEMBLY_OUTPUT': 'pdf_assembly', 'ZIP_COMPRESS_FAB_OUTPUT': 'zip_compress_fab', 'HTML_KICANVAS_OUTPUT': 'html_kicanvas', 'HTML_KIRI_OUTPUT': 'html_kiri', 'MD_README_OUTPUT': 'md_readme', 'HTML_NAV_RES_OUTPUT': 'html_navigate_results', 'NAME': 'field_rename', 'COMMENT': 'Rename fields'} (kibot - config_reader.py:662)
DEBUG:- Updated definitions: {'COMMENT': 'Rename fields', 'NAME': 'field_rename', 'MPN_FIELD': 'Manufacturer Part Number', 'MAN_FIELD': 'Manufacturer', 'PROJECT_NAME': 'LE_V2', 'BOARD_NAME': 'LE_BMS_A_V2', 'COMPANY': 'Company Name', 'DESIGNER': 'Author', 'LOGO': 'Logos/dummy_logo.png', 'GIT_URL': 'https://github.com/nguyen-v/KDT_Hierarchical_KiBot', 'CHECK_ZONE_FILLS': False, 'STACKUP_TABLE_NOTE': 'external layer thicknesses are specified after plating', 'GROUP_ROUND_SLOTS': True, 'GROUP_PTH_NPTH': 'no', 'GROUP_PTH_NPTH_DRL': False, 'PLOT_REFS': True, 'COLOR_THEME': 'Altium_Theme', 'SHEET_WKS': '${KIPRJMOD}/Templates/KDT_Template_PCB_GIT_A4.kicad_wks', 'FAB_SCALING': 1, 'ASSEMBLY_SCALING': 1, 'EXCLUDE_REFS': '[MB*]', '3D_VIEWER_ROT_X': 2, '3D_VIEWER_ROT_Y': -1, '3D_VIEWER_ROT_Z': 1, '3D_VIEWER_ZOOM': -1, 'KEY_COLOR': '#00FF00', 'OUTPUT_DIR': './', 'REPORT_DIR': 'Reports', 'SCHEMATIC_DIR': 'Schematic', 'MANUFACTURING_DIR': 'Manufacturing', 'ASSEMBLY_DIR': '@MANUFACTURING_DIR@/Assembly', 'FABRICATION_DIR': '@MANUFACTURING_DIR@/Fabrication', 'GERBERS_DIR': '@FABRICATION_DIR@/Gerbers', 'FAB_DRILL_TABLES_DIR': '@FABRICATION_DIR@/Drill Tables', 'TESTING_DIR': 'Testing', 'TESTPOINTS_DIR': '@TESTING_DIR@/Testpoints', 'IMAGES_DIR': 'Images', '3D_DIR': '3D', 'RESOURCES_DIR': 'kibot_resources', 'REPORT_TEMPLATE_DIR': '@RESOURCES_DIR@/templates', 'SCRIPTS_DIR': '@RESOURCES_DIR@/scripts', 'LAYER_TITLE_PAGE': 'TitlePage', 'LAYER_DNP_TOP': 'F.DNP', 'LAYER_DNP_BOTTOM': 'B.DNP', 'LAYER_DRILL_MAP': 'DrillMap', 'LAYER_TP_LIST_TOP': 'F.TestPointList', 'LAYER_TP_LIST_BOTTOM': 'B.TestPointList', 'LAYER_ASSEMBLY_TEXT_TOP': 'F.AssemblyText', 'LAYER_ASSEMBLY_TEXT_BOTTOM': 'B.AssemblyText', 'LAYER_DNP_CROSS_TOP': 'F.DNP', 'LAYER_DNP_CROSS_BOTTOM': 'B.DNP', 'FILT_FIELD_RENAME': 'field_rename', 'FILT_TP_ONLY': 'only_testpoints', 'FILT_TP_EXCLUDE': 'exclude_testpoints', 'FILT_TP_TOP_ONLY': 'only_testpoints_top', 'FILT_TP_BOTTOM_ONLY': 'only_testpoints_bottom', 'SCH_VARIANT_OUTPUT': 'value_split', 'NETLIST_OUTPUT': 'netlist', 'GERBER_OUTPUT': 'gbr_gerbers', 'ODB_OUTPUT': 'zip_odb', 'EXCELLON_DRILL_OUTPUT': 'drl_excellon', 'PDF_DRILL_MAP_OUTPUT': 'pdf_drill_map', 'DXF_DRILL_MAP_OUTPUT': 'dxf_drill_map', 'CSV_DRILL_TABLE_OUTPUT': 'csv_drill_table', 'CSV_POS_OUTPUT': 'csv_position', 'CSV_TP_OUTPUT': 'csv_testpoints', 'CSV_TP_TOP_OUTPUT': 'csv_testpoints_top', 'CSV_TP_BOTTOM_OUTPUT': 'csv_testpoints_bottom', 'CSV_BOM_OUTPUT': 'csv_bom', 'XLSX_BOM_OUTPUT': 'xlsx_bom', 'HTML_IBOM_OUTPUT': 'html_bom_interactive', 'HTML_BOM_OUTPUT': 'html_bom', 'CSV_COMP_COUNT_OUPUT': 'csv_comp_count', 'CSV_IMPEDANCE_TABLE_OUTPUT': 'csv_impedance_table', 'TXT_FAB_NOTES_OUTPUT': 'txt_fabrication_notes', 'TXT_ASSEMBLY_NOTES_OUTPUT': 'txt_assembly_notes', 'PNG_3D_VIEWER_TOP': 'png_3d_viewer_top', 'PNG_3D_VIEWER_BOTTOM': 'png_3d_viewer_bottom', 'PNG_3D_VIEWER_ANGLED_TOP': 'png_3d_viewer_angled_top', 'PNG_3D_VIEWER_ANGLED_BOTTOM': 'png_3d_viewer_angled_bottom', 'STEP_OUTPUT': 'step', 'BLENDER_OUTPUT': 'blender', 'PDF_SCHEMATIC_OUTPUT': 'pdf_schematic', 'PDF_FABRICATION_OUTPUT': 'pdf_fabrication', 'PDF_ASSEMBLY_OUTPUT': 'pdf_assembly', 'ZIP_COMPRESS_FAB_OUTPUT': 'zip_compress_fab', 'HTML_KICANVAS_OUTPUT': 'html_kicanvas', 'HTML_KIRI_OUTPUT': 'html_kiri', 'MD_README_OUTPUT': 'md_readme', 'HTML_NAV_RES_OUTPUT': 'html_navigate_results'} (kibot - config_reader.py:665)
DEBUG:Applying preprocessor definitions (kibot - config_reader.py:670)
DEBUG:- Applying CLI definitions: {} (kibot - config_reader.py:677)
DEBUG:- Applying collected definitions: {'COMMENT': 'Rename fields', 'NAME': 'field_rename', 'MPN_FIELD': 'Manufacturer Part Number', 'MAN_FIELD': 'Manufacturer', 'PROJECT_NAME': 'LE_V2', 'BOARD_NAME': 'LE_BMS_A_V2', 'COMPANY': 'Company Name', 'DESIGNER': 'Author', 'LOGO': 'Logos/dummy_logo.png', 'GIT_URL': 'https://github.com/nguyen-v/KDT_Hierarchical_KiBot', 'CHECK_ZONE_FILLS': False, 'STACKUP_TABLE_NOTE': 'external layer thicknesses are specified after plating', 'GROUP_ROUND_SLOTS': True, 'GROUP_PTH_NPTH': 'no', 'GROUP_PTH_NPTH_DRL': False, 'PLOT_REFS': True, 'COLOR_THEME': 'Altium_Theme', 'SHEET_WKS': '${KIPRJMOD}/Templates/KDT_Template_PCB_GIT_A4.kicad_wks', 'FAB_SCALING': 1, 'ASSEMBLY_SCALING': 1, 'EXCLUDE_REFS': '[MB*]', '3D_VIEWER_ROT_X': 2, '3D_VIEWER_ROT_Y': -1, '3D_VIEWER_ROT_Z': 1, '3D_VIEWER_ZOOM': -1, 'KEY_COLOR': '#00FF00', 'OUTPUT_DIR': './', 'REPORT_DIR': 'Reports', 'SCHEMATIC_DIR': 'Schematic', 'MANUFACTURING_DIR': 'Manufacturing', 'ASSEMBLY_DIR': '@MANUFACTURING_DIR@/Assembly', 'FABRICATION_DIR': '@MANUFACTURING_DIR@/Fabrication', 'GERBERS_DIR': '@FABRICATION_DIR@/Gerbers', 'FAB_DRILL_TABLES_DIR': '@FABRICATION_DIR@/Drill Tables', 'TESTING_DIR': 'Testing', 'TESTPOINTS_DIR': '@TESTING_DIR@/Testpoints', 'IMAGES_DIR': 'Images', '3D_DIR': '3D', 'RESOURCES_DIR': 'kibot_resources', 'REPORT_TEMPLATE_DIR': '@RESOURCES_DIR@/templates', 'SCRIPTS_DIR': '@RESOURCES_DIR@/scripts', 'LAYER_TITLE_PAGE': 'TitlePage', 'LAYER_DNP_TOP': 'F.DNP', 'LAYER_DNP_BOTTOM': 'B.DNP', 'LAYER_DRILL_MAP': 'DrillMap', 'LAYER_TP_LIST_TOP': 'F.TestPointList', 'LAYER_TP_LIST_BOTTOM': 'B.TestPointList', 'LAYER_ASSEMBLY_TEXT_TOP': 'F.AssemblyText', 'LAYER_ASSEMBLY_TEXT_BOTTOM': 'B.AssemblyText', 'LAYER_DNP_CROSS_TOP': 'F.DNP', 'LAYER_DNP_CROSS_BOTTOM': 'B.DNP', 'FILT_FIELD_RENAME': 'field_rename', 'FILT_TP_ONLY': 'only_testpoints', 'FILT_TP_EXCLUDE': 'exclude_testpoints', 'FILT_TP_TOP_ONLY': 'only_testpoints_top', 'FILT_TP_BOTTOM_ONLY': 'only_testpoints_bottom', 'SCH_VARIANT_OUTPUT': 'value_split', 'NETLIST_OUTPUT': 'netlist', 'GERBER_OUTPUT': 'gbr_gerbers', 'ODB_OUTPUT': 'zip_odb', 'EXCELLON_DRILL_OUTPUT': 'drl_excellon', 'PDF_DRILL_MAP_OUTPUT': 'pdf_drill_map', 'DXF_DRILL_MAP_OUTPUT': 'dxf_drill_map', 'CSV_DRILL_TABLE_OUTPUT': 'csv_drill_table', 'CSV_POS_OUTPUT': 'csv_position', 'CSV_TP_OUTPUT': 'csv_testpoints', 'CSV_TP_TOP_OUTPUT': 'csv_testpoints_top', 'CSV_TP_BOTTOM_OUTPUT': 'csv_testpoints_bottom', 'CSV_BOM_OUTPUT': 'csv_bom', 'XLSX_BOM_OUTPUT': 'xlsx_bom', 'HTML_IBOM_OUTPUT': 'html_bom_interactive', 'HTML_BOM_OUTPUT': 'html_bom', 'CSV_COMP_COUNT_OUPUT': 'csv_comp_count', 'CSV_IMPEDANCE_TABLE_OUTPUT': 'csv_impedance_table', 'TXT_FAB_NOTES_OUTPUT': 'txt_fabrication_notes', 'TXT_ASSEMBLY_NOTES_OUTPUT': 'txt_assembly_notes', 'PNG_3D_VIEWER_TOP': 'png_3d_viewer_top', 'PNG_3D_VIEWER_BOTTOM': 'png_3d_viewer_bottom', 'PNG_3D_VIEWER_ANGLED_TOP': 'png_3d_viewer_angled_top', 'PNG_3D_VIEWER_ANGLED_BOTTOM': 'png_3d_viewer_angled_bottom', 'STEP_OUTPUT': 'step', 'BLENDER_OUTPUT': 'blender', 'PDF_SCHEMATIC_OUTPUT': 'pdf_schematic', 'PDF_FABRICATION_OUTPUT': 'pdf_fabrication', 'PDF_ASSEMBLY_OUTPUT': 'pdf_assembly', 'ZIP_COMPRESS_FAB_OUTPUT': 'zip_compress_fab', 'HTML_KICANVAS_OUTPUT': 'html_kicanvas', 'HTML_KIRI_OUTPUT': 'html_kiri', 'MD_README_OUTPUT': 'md_readme', 'HTML_NAV_RES_OUTPUT': 'html_navigate_results'} (kibot - config_reader.py:680)
DEBUG:- Replacing @COMMENT@ -> Rename fields (<class 'str'>) (kibot - config_reader.py:78)
DEBUG:- Replacing @NAME@ -> field_rename (<class 'str'>) (kibot - config_reader.py:78)
DEBUG:- Replacing @MPN_FIELD@ -> Manufacturer Part Number (<class 'str'>) (kibot - config_reader.py:78)
DEBUG:- Replacing @MAN_FIELD@ -> Manufacturer (<class 'str'>) (kibot - config_reader.py:78)
DEBUG:- Applying CLI definitions: {} (kibot - config_reader.py:677)
DEBUG:- Applying collected definitions: {'COMMENT': 'Rename fields', 'NAME': 'field_rename', 'MPN_FIELD': 'Manufacturer Part Number', 'MAN_FIELD': 'Manufacturer', 'PROJECT_NAME': 'LE_V2', 'BOARD_NAME': 'LE_BMS_A_V2', 'COMPANY': 'Company Name', 'DESIGNER': 'Author', 'LOGO': 'Logos/dummy_logo.png', 'GIT_URL': 'https://github.com/nguyen-v/KDT_Hierarchical_KiBot', 'CHECK_ZONE_FILLS': False, 'STACKUP_TABLE_NOTE': 'external layer thicknesses are specified after plating', 'GROUP_ROUND_SLOTS': True, 'GROUP_PTH_NPTH': 'no', 'GROUP_PTH_NPTH_DRL': False, 'PLOT_REFS': True, 'COLOR_THEME': 'Altium_Theme', 'SHEET_WKS': '${KIPRJMOD}/Templates/KDT_Template_PCB_GIT_A4.kicad_wks', 'FAB_SCALING': 1, 'ASSEMBLY_SCALING': 1, 'EXCLUDE_REFS': '[MB*]', '3D_VIEWER_ROT_X': 2, '3D_VIEWER_ROT_Y': -1, '3D_VIEWER_ROT_Z': 1, '3D_VIEWER_ZOOM': -1, 'KEY_COLOR': '#00FF00', 'OUTPUT_DIR': './', 'REPORT_DIR': 'Reports', 'SCHEMATIC_DIR': 'Schematic', 'MANUFACTURING_DIR': 'Manufacturing', 'ASSEMBLY_DIR': '@MANUFACTURING_DIR@/Assembly', 'FABRICATION_DIR': '@MANUFACTURING_DIR@/Fabrication', 'GERBERS_DIR': '@FABRICATION_DIR@/Gerbers', 'FAB_DRILL_TABLES_DIR': '@FABRICATION_DIR@/Drill Tables', 'TESTING_DIR': 'Testing', 'TESTPOINTS_DIR': '@TESTING_DIR@/Testpoints', 'IMAGES_DIR': 'Images', '3D_DIR': '3D', 'RESOURCES_DIR': 'kibot_resources', 'REPORT_TEMPLATE_DIR': '@RESOURCES_DIR@/templates', 'SCRIPTS_DIR': '@RESOURCES_DIR@/scripts', 'LAYER_TITLE_PAGE': 'TitlePage', 'LAYER_DNP_TOP': 'F.DNP', 'LAYER_DNP_BOTTOM': 'B.DNP', 'LAYER_DRILL_MAP': 'DrillMap', 'LAYER_TP_LIST_TOP': 'F.TestPointList', 'LAYER_TP_LIST_BOTTOM': 'B.TestPointList', 'LAYER_ASSEMBLY_TEXT_TOP': 'F.AssemblyText', 'LAYER_ASSEMBLY_TEXT_BOTTOM': 'B.AssemblyText', 'LAYER_DNP_CROSS_TOP': 'F.DNP', 'LAYER_DNP_CROSS_BOTTOM': 'B.DNP', 'FILT_FIELD_RENAME': 'field_rename', 'FILT_TP_ONLY': 'only_testpoints', 'FILT_TP_EXCLUDE': 'exclude_testpoints', 'FILT_TP_TOP_ONLY': 'only_testpoints_top', 'FILT_TP_BOTTOM_ONLY': 'only_testpoints_bottom', 'SCH_VARIANT_OUTPUT': 'value_split', 'NETLIST_OUTPUT': 'netlist', 'GERBER_OUTPUT': 'gbr_gerbers', 'ODB_OUTPUT': 'zip_odb', 'EXCELLON_DRILL_OUTPUT': 'drl_excellon', 'PDF_DRILL_MAP_OUTPUT': 'pdf_drill_map', 'DXF_DRILL_MAP_OUTPUT': 'dxf_drill_map', 'CSV_DRILL_TABLE_OUTPUT': 'csv_drill_table', 'CSV_POS_OUTPUT': 'csv_position', 'CSV_TP_OUTPUT': 'csv_testpoints', 'CSV_TP_TOP_OUTPUT': 'csv_testpoints_top', 'CSV_TP_BOTTOM_OUTPUT': 'csv_testpoints_bottom', 'CSV_BOM_OUTPUT': 'csv_bom', 'XLSX_BOM_OUTPUT': 'xlsx_bom', 'HTML_IBOM_OUTPUT': 'html_bom_interactive', 'HTML_BOM_OUTPUT': 'html_bom', 'CSV_COMP_COUNT_OUPUT': 'csv_comp_count', 'CSV_IMPEDANCE_TABLE_OUTPUT': 'csv_impedance_table', 'TXT_FAB_NOTES_OUTPUT': 'txt_fabrication_notes', 'TXT_ASSEMBLY_NOTES_OUTPUT': 'txt_assembly_notes', 'PNG_3D_VIEWER_TOP': 'png_3d_viewer_top', 'PNG_3D_VIEWER_BOTTOM': 'png_3d_viewer_bottom', 'PNG_3D_VIEWER_ANGLED_TOP': 'png_3d_viewer_angled_top', 'PNG_3D_VIEWER_ANGLED_BOTTOM': 'png_3d_viewer_angled_bottom', 'STEP_OUTPUT': 'step', 'BLENDER_OUTPUT': 'blender', 'PDF_SCHEMATIC_OUTPUT': 'pdf_schematic', 'PDF_FABRICATION_OUTPUT': 'pdf_fabrication', 'PDF_ASSEMBLY_OUTPUT': 'pdf_assembly', 'ZIP_COMPRESS_FAB_OUTPUT': 'zip_compress_fab', 'HTML_KICANVAS_OUTPUT': 'html_kicanvas', 'HTML_KIRI_OUTPUT': 'html_kiri', 'MD_README_OUTPUT': 'md_readme', 'HTML_NAV_RES_OUTPUT': 'html_navigate_results'} (kibot - config_reader.py:680)
DEBUG:YAML after expanding definitions:
# KiBot Filter for renaming Manufacturer Part Number field

kibot:
  version: 1

filters:
  - name: 'field_rename'
    comment: 'Rename fields'
    type: field_rename
    rename:
      - field: 'Manufacturer Part Number'
        name: manf#
      - field: 'Manufacturer'
        name: manf

 (kibot - config_reader.py:686)
DEBUG:Parsing filter `field_rename` (field_rename) (kibot - config_reader.py:252)
DEBUG:Filters loaded from `kibot_yaml/kibot_filt_field_rename.yaml`: dict_keys(['field_rename']) (kibot - config_reader.py:408)
DEBUG:Found local definitions (kibot - config_reader.py:651)
DEBUG:- Local definitions: {'COMMENT': 'Select only testpoints', 'NAME': 'only_testpoints', 'EXCLUDE_TOP': False, 'EXCLUDE_BOTTOM': False, 'EXCLUDE_REFS': '[MB*]'} (kibot - config_reader.py:661)
DEBUG:- Current definitions: {'PROJECT_NAME': 'LE_V2', 'BOARD_NAME': 'LE_BMS_A_V2', 'COMPANY': 'Company Name', 'DESIGNER': 'Author', 'LOGO': 'Logos/dummy_logo.png', 'GIT_URL': 'https://github.com/nguyen-v/KDT_Hierarchical_KiBot', 'CHECK_ZONE_FILLS': False, 'STACKUP_TABLE_NOTE': 'external layer thicknesses are specified after plating', 'MPN_FIELD': 'Manufacturer Part Number', 'MAN_FIELD': 'Manufacturer', 'GROUP_ROUND_SLOTS': True, 'GROUP_PTH_NPTH': 'no', 'GROUP_PTH_NPTH_DRL': False, 'PLOT_REFS': True, 'COLOR_THEME': 'Altium_Theme', 'SHEET_WKS': '${KIPRJMOD}/Templates/KDT_Template_PCB_GIT_A4.kicad_wks', 'FAB_SCALING': 1, 'ASSEMBLY_SCALING': 1, 'EXCLUDE_REFS': '[MB*]', '3D_VIEWER_ROT_X': 2, '3D_VIEWER_ROT_Y': -1, '3D_VIEWER_ROT_Z': 1, '3D_VIEWER_ZOOM': -1, 'KEY_COLOR': '#00FF00', 'OUTPUT_DIR': './', 'REPORT_DIR': 'Reports', 'SCHEMATIC_DIR': 'Schematic', 'MANUFACTURING_DIR': 'Manufacturing', 'ASSEMBLY_DIR': '@MANUFACTURING_DIR@/Assembly', 'FABRICATION_DIR': '@MANUFACTURING_DIR@/Fabrication', 'GERBERS_DIR': '@FABRICATION_DIR@/Gerbers', 'FAB_DRILL_TABLES_DIR': '@FABRICATION_DIR@/Drill Tables', 'TESTING_DIR': 'Testing', 'TESTPOINTS_DIR': '@TESTING_DIR@/Testpoints', 'IMAGES_DIR': 'Images', '3D_DIR': '3D', 'RESOURCES_DIR': 'kibot_resources', 'REPORT_TEMPLATE_DIR': '@RESOURCES_DIR@/templates', 'SCRIPTS_DIR': '@RESOURCES_DIR@/scripts', 'LAYER_TITLE_PAGE': 'TitlePage', 'LAYER_DNP_TOP': 'F.DNP', 'LAYER_DNP_BOTTOM': 'B.DNP', 'LAYER_DRILL_MAP': 'DrillMap', 'LAYER_TP_LIST_TOP': 'F.TestPointList', 'LAYER_TP_LIST_BOTTOM': 'B.TestPointList', 'LAYER_ASSEMBLY_TEXT_TOP': 'F.AssemblyText', 'LAYER_ASSEMBLY_TEXT_BOTTOM': 'B.AssemblyText', 'LAYER_DNP_CROSS_TOP': 'F.DNP', 'LAYER_DNP_CROSS_BOTTOM': 'B.DNP', 'FILT_FIELD_RENAME': 'field_rename', 'FILT_TP_ONLY': 'only_testpoints', 'FILT_TP_EXCLUDE': 'exclude_testpoints', 'FILT_TP_TOP_ONLY': 'only_testpoints_top', 'FILT_TP_BOTTOM_ONLY': 'only_testpoints_bottom', 'SCH_VARIANT_OUTPUT': 'value_split', 'NETLIST_OUTPUT': 'netlist', 'GERBER_OUTPUT': 'gbr_gerbers', 'ODB_OUTPUT': 'zip_odb', 'EXCELLON_DRILL_OUTPUT': 'drl_excellon', 'PDF_DRILL_MAP_OUTPUT': 'pdf_drill_map', 'DXF_DRILL_MAP_OUTPUT': 'dxf_drill_map', 'CSV_DRILL_TABLE_OUTPUT': 'csv_drill_table', 'CSV_POS_OUTPUT': 'csv_position', 'CSV_TP_OUTPUT': 'csv_testpoints', 'CSV_TP_TOP_OUTPUT': 'csv_testpoints_top', 'CSV_TP_BOTTOM_OUTPUT': 'csv_testpoints_bottom', 'CSV_BOM_OUTPUT': 'csv_bom', 'XLSX_BOM_OUTPUT': 'xlsx_bom', 'HTML_IBOM_OUTPUT': 'html_bom_interactive', 'HTML_BOM_OUTPUT': 'html_bom', 'CSV_COMP_COUNT_OUPUT': 'csv_comp_count', 'CSV_IMPEDANCE_TABLE_OUTPUT': 'csv_impedance_table', 'TXT_FAB_NOTES_OUTPUT': 'txt_fabrication_notes', 'TXT_ASSEMBLY_NOTES_OUTPUT': 'txt_assembly_notes', 'PNG_3D_VIEWER_TOP': 'png_3d_viewer_top', 'PNG_3D_VIEWER_BOTTOM': 'png_3d_viewer_bottom', 'PNG_3D_VIEWER_ANGLED_TOP': 'png_3d_viewer_angled_top', 'PNG_3D_VIEWER_ANGLED_BOTTOM': 'png_3d_viewer_angled_bottom', 'STEP_OUTPUT': 'step', 'BLENDER_OUTPUT': 'blender', 'PDF_SCHEMATIC_OUTPUT': 'pdf_schematic', 'PDF_FABRICATION_OUTPUT': 'pdf_fabrication', 'PDF_ASSEMBLY_OUTPUT': 'pdf_assembly', 'ZIP_COMPRESS_FAB_OUTPUT': 'zip_compress_fab', 'HTML_KICANVAS_OUTPUT': 'html_kicanvas', 'HTML_KIRI_OUTPUT': 'html_kiri', 'MD_README_OUTPUT': 'md_readme', 'HTML_NAV_RES_OUTPUT': 'html_navigate_results', 'NAME': 'only_testpoints', 'COMMENT': 'Include only testpoints'} (kibot - config_reader.py:662)
DEBUG:- Updated definitions: {'COMMENT': 'Include only testpoints', 'NAME': 'only_testpoints', 'EXCLUDE_TOP': False, 'EXCLUDE_BOTTOM': False, 'EXCLUDE_REFS': '[MB*]', 'PROJECT_NAME': 'LE_V2', 'BOARD_NAME': 'LE_BMS_A_V2', 'COMPANY': 'Company Name', 'DESIGNER': 'Author', 'LOGO': 'Logos/dummy_logo.png', 'GIT_URL': 'https://github.com/nguyen-v/KDT_Hierarchical_KiBot', 'CHECK_ZONE_FILLS': False, 'STACKUP_TABLE_NOTE': 'external layer thicknesses are specified after plating', 'MPN_FIELD': 'Manufacturer Part Number', 'MAN_FIELD': 'Manufacturer', 'GROUP_ROUND_SLOTS': True, 'GROUP_PTH_NPTH': 'no', 'GROUP_PTH_NPTH_DRL': False, 'PLOT_REFS': True, 'COLOR_THEME': 'Altium_Theme', 'SHEET_WKS': '${KIPRJMOD}/Templates/KDT_Template_PCB_GIT_A4.kicad_wks', 'FAB_SCALING': 1, 'ASSEMBLY_SCALING': 1, '3D_VIEWER_ROT_X': 2, '3D_VIEWER_ROT_Y': -1, '3D_VIEWER_ROT_Z': 1, '3D_VIEWER_ZOOM': -1, 'KEY_COLOR': '#00FF00', 'OUTPUT_DIR': './', 'REPORT_DIR': 'Reports', 'SCHEMATIC_DIR': 'Schematic', 'MANUFACTURING_DIR': 'Manufacturing', 'ASSEMBLY_DIR': '@MANUFACTURING_DIR@/Assembly', 'FABRICATION_DIR': '@MANUFACTURING_DIR@/Fabrication', 'GERBERS_DIR': '@FABRICATION_DIR@/Gerbers', 'FAB_DRILL_TABLES_DIR': '@FABRICATION_DIR@/Drill Tables', 'TESTING_DIR': 'Testing', 'TESTPOINTS_DIR': '@TESTING_DIR@/Testpoints', 'IMAGES_DIR': 'Images', '3D_DIR': '3D', 'RESOURCES_DIR': 'kibot_resources', 'REPORT_TEMPLATE_DIR': '@RESOURCES_DIR@/templates', 'SCRIPTS_DIR': '@RESOURCES_DIR@/scripts', 'LAYER_TITLE_PAGE': 'TitlePage', 'LAYER_DNP_TOP': 'F.DNP', 'LAYER_DNP_BOTTOM': 'B.DNP', 'LAYER_DRILL_MAP': 'DrillMap', 'LAYER_TP_LIST_TOP': 'F.TestPointList', 'LAYER_TP_LIST_BOTTOM': 'B.TestPointList', 'LAYER_ASSEMBLY_TEXT_TOP': 'F.AssemblyText', 'LAYER_ASSEMBLY_TEXT_BOTTOM': 'B.AssemblyText', 'LAYER_DNP_CROSS_TOP': 'F.DNP', 'LAYER_DNP_CROSS_BOTTOM': 'B.DNP', 'FILT_FIELD_RENAME': 'field_rename', 'FILT_TP_ONLY': 'only_testpoints', 'FILT_TP_EXCLUDE': 'exclude_testpoints', 'FILT_TP_TOP_ONLY': 'only_testpoints_top', 'FILT_TP_BOTTOM_ONLY': 'only_testpoints_bottom', 'SCH_VARIANT_OUTPUT': 'value_split', 'NETLIST_OUTPUT': 'netlist', 'GERBER_OUTPUT': 'gbr_gerbers', 'ODB_OUTPUT': 'zip_odb', 'EXCELLON_DRILL_OUTPUT': 'drl_excellon', 'PDF_DRILL_MAP_OUTPUT': 'pdf_drill_map', 'DXF_DRILL_MAP_OUTPUT': 'dxf_drill_map', 'CSV_DRILL_TABLE_OUTPUT': 'csv_drill_table', 'CSV_POS_OUTPUT': 'csv_position', 'CSV_TP_OUTPUT': 'csv_testpoints', 'CSV_TP_TOP_OUTPUT': 'csv_testpoints_top', 'CSV_TP_BOTTOM_OUTPUT': 'csv_testpoints_bottom', 'CSV_BOM_OUTPUT': 'csv_bom', 'XLSX_BOM_OUTPUT': 'xlsx_bom', 'HTML_IBOM_OUTPUT': 'html_bom_interactive', 'HTML_BOM_OUTPUT': 'html_bom', 'CSV_COMP_COUNT_OUPUT': 'csv_comp_count', 'CSV_IMPEDANCE_TABLE_OUTPUT': 'csv_impedance_table', 'TXT_FAB_NOTES_OUTPUT': 'txt_fabrication_notes', 'TXT_ASSEMBLY_NOTES_OUTPUT': 'txt_assembly_notes', 'PNG_3D_VIEWER_TOP': 'png_3d_viewer_top', 'PNG_3D_VIEWER_BOTTOM': 'png_3d_viewer_bottom', 'PNG_3D_VIEWER_ANGLED_TOP': 'png_3d_viewer_angled_top', 'PNG_3D_VIEWER_ANGLED_BOTTOM': 'png_3d_viewer_angled_bottom', 'STEP_OUTPUT': 'step', 'BLENDER_OUTPUT': 'blender', 'PDF_SCHEMATIC_OUTPUT': 'pdf_schematic', 'PDF_FABRICATION_OUTPUT': 'pdf_fabrication', 'PDF_ASSEMBLY_OUTPUT': 'pdf_assembly', 'ZIP_COMPRESS_FAB_OUTPUT': 'zip_compress_fab', 'HTML_KICANVAS_OUTPUT': 'html_kicanvas', 'HTML_KIRI_OUTPUT': 'html_kiri', 'MD_README_OUTPUT': 'md_readme', 'HTML_NAV_RES_OUTPUT': 'html_navigate_results'} (kibot - config_reader.py:665)
DEBUG:Applying preprocessor definitions (kibot - config_reader.py:670)
DEBUG:- Applying CLI definitions: {} (kibot - config_reader.py:677)
DEBUG:- Applying collected definitions: {'COMMENT': 'Include only testpoints', 'NAME': 'only_testpoints', 'EXCLUDE_TOP': False, 'EXCLUDE_BOTTOM': False, 'EXCLUDE_REFS': '[MB*]', 'PROJECT_NAME': 'LE_V2', 'BOARD_NAME': 'LE_BMS_A_V2', 'COMPANY': 'Company Name', 'DESIGNER': 'Author', 'LOGO': 'Logos/dummy_logo.png', 'GIT_URL': 'https://github.com/nguyen-v/KDT_Hierarchical_KiBot', 'CHECK_ZONE_FILLS': False, 'STACKUP_TABLE_NOTE': 'external layer thicknesses are specified after plating', 'MPN_FIELD': 'Manufacturer Part Number', 'MAN_FIELD': 'Manufacturer', 'GROUP_ROUND_SLOTS': True, 'GROUP_PTH_NPTH': 'no', 'GROUP_PTH_NPTH_DRL': False, 'PLOT_REFS': True, 'COLOR_THEME': 'Altium_Theme', 'SHEET_WKS': '${KIPRJMOD}/Templates/KDT_Template_PCB_GIT_A4.kicad_wks', 'FAB_SCALING': 1, 'ASSEMBLY_SCALING': 1, '3D_VIEWER_ROT_X': 2, '3D_VIEWER_ROT_Y': -1, '3D_VIEWER_ROT_Z': 1, '3D_VIEWER_ZOOM': -1, 'KEY_COLOR': '#00FF00', 'OUTPUT_DIR': './', 'REPORT_DIR': 'Reports', 'SCHEMATIC_DIR': 'Schematic', 'MANUFACTURING_DIR': 'Manufacturing', 'ASSEMBLY_DIR': '@MANUFACTURING_DIR@/Assembly', 'FABRICATION_DIR': '@MANUFACTURING_DIR@/Fabrication', 'GERBERS_DIR': '@FABRICATION_DIR@/Gerbers', 'FAB_DRILL_TABLES_DIR': '@FABRICATION_DIR@/Drill Tables', 'TESTING_DIR': 'Testing', 'TESTPOINTS_DIR': '@TESTING_DIR@/Testpoints', 'IMAGES_DIR': 'Images', '3D_DIR': '3D', 'RESOURCES_DIR': 'kibot_resources', 'REPORT_TEMPLATE_DIR': '@RESOURCES_DIR@/templates', 'SCRIPTS_DIR': '@RESOURCES_DIR@/scripts', 'LAYER_TITLE_PAGE': 'TitlePage', 'LAYER_DNP_TOP': 'F.DNP', 'LAYER_DNP_BOTTOM': 'B.DNP', 'LAYER_DRILL_MAP': 'DrillMap', 'LAYER_TP_LIST_TOP': 'F.TestPointList', 'LAYER_TP_LIST_BOTTOM': 'B.TestPointList', 'LAYER_ASSEMBLY_TEXT_TOP': 'F.AssemblyText', 'LAYER_ASSEMBLY_TEXT_BOTTOM': 'B.AssemblyText', 'LAYER_DNP_CROSS_TOP': 'F.DNP', 'LAYER_DNP_CROSS_BOTTOM': 'B.DNP', 'FILT_FIELD_RENAME': 'field_rename', 'FILT_TP_ONLY': 'only_testpoints', 'FILT_TP_EXCLUDE': 'exclude_testpoints', 'FILT_TP_TOP_ONLY': 'only_testpoints_top', 'FILT_TP_BOTTOM_ONLY': 'only_testpoints_bottom', 'SCH_VARIANT_OUTPUT': 'value_split', 'NETLIST_OUTPUT': 'netlist', 'GERBER_OUTPUT': 'gbr_gerbers', 'ODB_OUTPUT': 'zip_odb', 'EXCELLON_DRILL_OUTPUT': 'drl_excellon', 'PDF_DRILL_MAP_OUTPUT': 'pdf_drill_map', 'DXF_DRILL_MAP_OUTPUT': 'dxf_drill_map', 'CSV_DRILL_TABLE_OUTPUT': 'csv_drill_table', 'CSV_POS_OUTPUT': 'csv_position', 'CSV_TP_OUTPUT': 'csv_testpoints', 'CSV_TP_TOP_OUTPUT': 'csv_testpoints_top', 'CSV_TP_BOTTOM_OUTPUT': 'csv_testpoints_bottom', 'CSV_BOM_OUTPUT': 'csv_bom', 'XLSX_BOM_OUTPUT': 'xlsx_bom', 'HTML_IBOM_OUTPUT': 'html_bom_interactive', 'HTML_BOM_OUTPUT': 'html_bom', 'CSV_COMP_COUNT_OUPUT': 'csv_comp_count', 'CSV_IMPEDANCE_TABLE_OUTPUT': 'csv_impedance_table', 'TXT_FAB_NOTES_OUTPUT': 'txt_fabrication_notes', 'TXT_ASSEMBLY_NOTES_OUTPUT': 'txt_assembly_notes', 'PNG_3D_VIEWER_TOP': 'png_3d_viewer_top', 'PNG_3D_VIEWER_BOTTOM': 'png_3d_viewer_bottom', 'PNG_3D_VIEWER_ANGLED_TOP': 'png_3d_viewer_angled_top', 'PNG_3D_VIEWER_ANGLED_BOTTOM': 'png_3d_viewer_angled_bottom', 'STEP_OUTPUT': 'step', 'BLENDER_OUTPUT': 'blender', 'PDF_SCHEMATIC_OUTPUT': 'pdf_schematic', 'PDF_FABRICATION_OUTPUT': 'pdf_fabrication', 'PDF_ASSEMBLY_OUTPUT': 'pdf_assembly', 'ZIP_COMPRESS_FAB_OUTPUT': 'zip_compress_fab', 'HTML_KICANVAS_OUTPUT': 'html_kicanvas', 'HTML_KIRI_OUTPUT': 'html_kiri', 'MD_README_OUTPUT': 'md_readme', 'HTML_NAV_RES_OUTPUT': 'html_navigate_results'} (kibot - config_reader.py:680)
DEBUG:- Replacing @COMMENT@ -> Include only testpoints (<class 'str'>) (kibot - config_reader.py:78)
DEBUG:- Replacing @NAME@ -> only_testpoints (<class 'str'>) (kibot - config_reader.py:78)
DEBUG:- Replacing @EXCLUDE_TOP@ -> false (<class 'str'>) (kibot - config_reader.py:78)
DEBUG:- Replacing @EXCLUDE_BOTTOM@ -> false (<class 'str'>) (kibot - config_reader.py:78)
DEBUG:- Replacing @EXCLUDE_REFS@ -> [MB*] (<class 'str'>) (kibot - config_reader.py:78)
DEBUG:- Applying CLI definitions: {} (kibot - config_reader.py:677)
DEBUG:- Applying collected definitions: {'COMMENT': 'Include only testpoints', 'NAME': 'only_testpoints', 'EXCLUDE_TOP': False, 'EXCLUDE_BOTTOM': False, 'EXCLUDE_REFS': '[MB*]', 'PROJECT_NAME': 'LE_V2', 'BOARD_NAME': 'LE_BMS_A_V2', 'COMPANY': 'Company Name', 'DESIGNER': 'Author', 'LOGO': 'Logos/dummy_logo.png', 'GIT_URL': 'https://github.com/nguyen-v/KDT_Hierarchical_KiBot', 'CHECK_ZONE_FILLS': False, 'STACKUP_TABLE_NOTE': 'external layer thicknesses are specified after plating', 'MPN_FIELD': 'Manufacturer Part Number', 'MAN_FIELD': 'Manufacturer', 'GROUP_ROUND_SLOTS': True, 'GROUP_PTH_NPTH': 'no', 'GROUP_PTH_NPTH_DRL': False, 'PLOT_REFS': True, 'COLOR_THEME': 'Altium_Theme', 'SHEET_WKS': '${KIPRJMOD}/Templates/KDT_Template_PCB_GIT_A4.kicad_wks', 'FAB_SCALING': 1, 'ASSEMBLY_SCALING': 1, '3D_VIEWER_ROT_X': 2, '3D_VIEWER_ROT_Y': -1, '3D_VIEWER_ROT_Z': 1, '3D_VIEWER_ZOOM': -1, 'KEY_COLOR': '#00FF00', 'OUTPUT_DIR': './', 'REPORT_DIR': 'Reports', 'SCHEMATIC_DIR': 'Schematic', 'MANUFACTURING_DIR': 'Manufacturing', 'ASSEMBLY_DIR': '@MANUFACTURING_DIR@/Assembly', 'FABRICATION_DIR': '@MANUFACTURING_DIR@/Fabrication', 'GERBERS_DIR': '@FABRICATION_DIR@/Gerbers', 'FAB_DRILL_TABLES_DIR': '@FABRICATION_DIR@/Drill Tables', 'TESTING_DIR': 'Testing', 'TESTPOINTS_DIR': '@TESTING_DIR@/Testpoints', 'IMAGES_DIR': 'Images', '3D_DIR': '3D', 'RESOURCES_DIR': 'kibot_resources', 'REPORT_TEMPLATE_DIR': '@RESOURCES_DIR@/templates', 'SCRIPTS_DIR': '@RESOURCES_DIR@/scripts', 'LAYER_TITLE_PAGE': 'TitlePage', 'LAYER_DNP_TOP': 'F.DNP', 'LAYER_DNP_BOTTOM': 'B.DNP', 'LAYER_DRILL_MAP': 'DrillMap', 'LAYER_TP_LIST_TOP': 'F.TestPointList', 'LAYER_TP_LIST_BOTTOM': 'B.TestPointList', 'LAYER_ASSEMBLY_TEXT_TOP': 'F.AssemblyText', 'LAYER_ASSEMBLY_TEXT_BOTTOM': 'B.AssemblyText', 'LAYER_DNP_CROSS_TOP': 'F.DNP', 'LAYER_DNP_CROSS_BOTTOM': 'B.DNP', 'FILT_FIELD_RENAME': 'field_rename', 'FILT_TP_ONLY': 'only_testpoints', 'FILT_TP_EXCLUDE': 'exclude_testpoints', 'FILT_TP_TOP_ONLY': 'only_testpoints_top', 'FILT_TP_BOTTOM_ONLY': 'only_testpoints_bottom', 'SCH_VARIANT_OUTPUT': 'value_split', 'NETLIST_OUTPUT': 'netlist', 'GERBER_OUTPUT': 'gbr_gerbers', 'ODB_OUTPUT': 'zip_odb', 'EXCELLON_DRILL_OUTPUT': 'drl_excellon', 'PDF_DRILL_MAP_OUTPUT': 'pdf_drill_map', 'DXF_DRILL_MAP_OUTPUT': 'dxf_drill_map', 'CSV_DRILL_TABLE_OUTPUT': 'csv_drill_table', 'CSV_POS_OUTPUT': 'csv_position', 'CSV_TP_OUTPUT': 'csv_testpoints', 'CSV_TP_TOP_OUTPUT': 'csv_testpoints_top', 'CSV_TP_BOTTOM_OUTPUT': 'csv_testpoints_bottom', 'CSV_BOM_OUTPUT': 'csv_bom', 'XLSX_BOM_OUTPUT': 'xlsx_bom', 'HTML_IBOM_OUTPUT': 'html_bom_interactive', 'HTML_BOM_OUTPUT': 'html_bom', 'CSV_COMP_COUNT_OUPUT': 'csv_comp_count', 'CSV_IMPEDANCE_TABLE_OUTPUT': 'csv_impedance_table', 'TXT_FAB_NOTES_OUTPUT': 'txt_fabrication_notes', 'TXT_ASSEMBLY_NOTES_OUTPUT': 'txt_assembly_notes', 'PNG_3D_VIEWER_TOP': 'png_3d_viewer_top', 'PNG_3D_VIEWER_BOTTOM': 'png_3d_viewer_bottom', 'PNG_3D_VIEWER_ANGLED_TOP': 'png_3d_viewer_angled_top', 'PNG_3D_VIEWER_ANGLED_BOTTOM': 'png_3d_viewer_angled_bottom', 'STEP_OUTPUT': 'step', 'BLENDER_OUTPUT': 'blender', 'PDF_SCHEMATIC_OUTPUT': 'pdf_schematic', 'PDF_FABRICATION_OUTPUT': 'pdf_fabrication', 'PDF_ASSEMBLY_OUTPUT': 'pdf_assembly', 'ZIP_COMPRESS_FAB_OUTPUT': 'zip_compress_fab', 'HTML_KICANVAS_OUTPUT': 'html_kicanvas', 'HTML_KIRI_OUTPUT': 'html_kiri', 'MD_README_OUTPUT': 'md_readme', 'HTML_NAV_RES_OUTPUT': 'html_navigate_results'} (kibot - config_reader.py:680)
DEBUG:YAML after expanding definitions:
# KiBot Filter for testpoints
# These filters are used for multiple outputs to highlight testpoints
# or generate testpoint lists for top and bottom layers

kibot:
  version: 1

filters:
  - name: 'only_testpoints'
    comment: 'Include only testpoints'
    type: generic
    exclude_top: false
    exclude_bottom: false
    include_only:
      - column: Reference
        regex: "TP"
    exclude_refs: [MB*]

 (kibot - config_reader.py:686)
DEBUG:Parsing filter `only_testpoints` (generic) (kibot - config_reader.py:252)
DEBUG:Configuring from default: exclude_any -> [] (kibot - optionable.py:377)
DEBUG:Configuring from default: keys -> ['dnf_list'] (kibot - optionable.py:377)
DEBUG:Filters loaded from `kibot_yaml/kibot_filt_testpoints.yaml`: dict_keys(['only_testpoints']) (kibot - config_reader.py:408)
DEBUG:Found local definitions (kibot - config_reader.py:651)
DEBUG:- Local definitions: {'COMMENT': 'Exclude only testpoints', 'NAME': 'exclude_testpoints'} (kibot - config_reader.py:661)
DEBUG:- Current definitions: {'PROJECT_NAME': 'LE_V2', 'BOARD_NAME': 'LE_BMS_A_V2', 'COMPANY': 'Company Name', 'DESIGNER': 'Author', 'LOGO': 'Logos/dummy_logo.png', 'GIT_URL': 'https://github.com/nguyen-v/KDT_Hierarchical_KiBot', 'CHECK_ZONE_FILLS': False, 'STACKUP_TABLE_NOTE': 'external layer thicknesses are specified after plating', 'MPN_FIELD': 'Manufacturer Part Number', 'MAN_FIELD': 'Manufacturer', 'GROUP_ROUND_SLOTS': True, 'GROUP_PTH_NPTH': 'no', 'GROUP_PTH_NPTH_DRL': False, 'PLOT_REFS': True, 'COLOR_THEME': 'Altium_Theme', 'SHEET_WKS': '${KIPRJMOD}/Templates/KDT_Template_PCB_GIT_A4.kicad_wks', 'FAB_SCALING': 1, 'ASSEMBLY_SCALING': 1, 'EXCLUDE_REFS': '[MB*]', '3D_VIEWER_ROT_X': 2, '3D_VIEWER_ROT_Y': -1, '3D_VIEWER_ROT_Z': 1, '3D_VIEWER_ZOOM': -1, 'KEY_COLOR': '#00FF00', 'OUTPUT_DIR': './', 'REPORT_DIR': 'Reports', 'SCHEMATIC_DIR': 'Schematic', 'MANUFACTURING_DIR': 'Manufacturing', 'ASSEMBLY_DIR': '@MANUFACTURING_DIR@/Assembly', 'FABRICATION_DIR': '@MANUFACTURING_DIR@/Fabrication', 'GERBERS_DIR': '@FABRICATION_DIR@/Gerbers', 'FAB_DRILL_TABLES_DIR': '@FABRICATION_DIR@/Drill Tables', 'TESTING_DIR': 'Testing', 'TESTPOINTS_DIR': '@TESTING_DIR@/Testpoints', 'IMAGES_DIR': 'Images', '3D_DIR': '3D', 'RESOURCES_DIR': 'kibot_resources', 'REPORT_TEMPLATE_DIR': '@RESOURCES_DIR@/templates', 'SCRIPTS_DIR': '@RESOURCES_DIR@/scripts', 'LAYER_TITLE_PAGE': 'TitlePage', 'LAYER_DNP_TOP': 'F.DNP', 'LAYER_DNP_BOTTOM': 'B.DNP', 'LAYER_DRILL_MAP': 'DrillMap', 'LAYER_TP_LIST_TOP': 'F.TestPointList', 'LAYER_TP_LIST_BOTTOM': 'B.TestPointList', 'LAYER_ASSEMBLY_TEXT_TOP': 'F.AssemblyText', 'LAYER_ASSEMBLY_TEXT_BOTTOM': 'B.AssemblyText', 'LAYER_DNP_CROSS_TOP': 'F.DNP', 'LAYER_DNP_CROSS_BOTTOM': 'B.DNP', 'FILT_FIELD_RENAME': 'field_rename', 'FILT_TP_ONLY': 'only_testpoints', 'FILT_TP_EXCLUDE': 'exclude_testpoints', 'FILT_TP_TOP_ONLY': 'only_testpoints_top', 'FILT_TP_BOTTOM_ONLY': 'only_testpoints_bottom', 'SCH_VARIANT_OUTPUT': 'value_split', 'NETLIST_OUTPUT': 'netlist', 'GERBER_OUTPUT': 'gbr_gerbers', 'ODB_OUTPUT': 'zip_odb', 'EXCELLON_DRILL_OUTPUT': 'drl_excellon', 'PDF_DRILL_MAP_OUTPUT': 'pdf_drill_map', 'DXF_DRILL_MAP_OUTPUT': 'dxf_drill_map', 'CSV_DRILL_TABLE_OUTPUT': 'csv_drill_table', 'CSV_POS_OUTPUT': 'csv_position', 'CSV_TP_OUTPUT': 'csv_testpoints', 'CSV_TP_TOP_OUTPUT': 'csv_testpoints_top', 'CSV_TP_BOTTOM_OUTPUT': 'csv_testpoints_bottom', 'CSV_BOM_OUTPUT': 'csv_bom', 'XLSX_BOM_OUTPUT': 'xlsx_bom', 'HTML_IBOM_OUTPUT': 'html_bom_interactive', 'HTML_BOM_OUTPUT': 'html_bom', 'CSV_COMP_COUNT_OUPUT': 'csv_comp_count', 'CSV_IMPEDANCE_TABLE_OUTPUT': 'csv_impedance_table', 'TXT_FAB_NOTES_OUTPUT': 'txt_fabrication_notes', 'TXT_ASSEMBLY_NOTES_OUTPUT': 'txt_assembly_notes', 'PNG_3D_VIEWER_TOP': 'png_3d_viewer_top', 'PNG_3D_VIEWER_BOTTOM': 'png_3d_viewer_bottom', 'PNG_3D_VIEWER_ANGLED_TOP': 'png_3d_viewer_angled_top', 'PNG_3D_VIEWER_ANGLED_BOTTOM': 'png_3d_viewer_angled_bottom', 'STEP_OUTPUT': 'step', 'BLENDER_OUTPUT': 'blender', 'PDF_SCHEMATIC_OUTPUT': 'pdf_schematic', 'PDF_FABRICATION_OUTPUT': 'pdf_fabrication', 'PDF_ASSEMBLY_OUTPUT': 'pdf_assembly', 'ZIP_COMPRESS_FAB_OUTPUT': 'zip_compress_fab', 'HTML_KICANVAS_OUTPUT': 'html_kicanvas', 'HTML_KIRI_OUTPUT': 'html_kiri', 'MD_README_OUTPUT': 'md_readme', 'HTML_NAV_RES_OUTPUT': 'html_navigate_results', 'NAME': 'exclude_testpoints', 'COMMENT': 'Exclude only testpoints'} (kibot - config_reader.py:662)
DEBUG:- Updated definitions: {'COMMENT': 'Exclude only testpoints', 'NAME': 'exclude_testpoints', 'PROJECT_NAME': 'LE_V2', 'BOARD_NAME': 'LE_BMS_A_V2', 'COMPANY': 'Company Name', 'DESIGNER': 'Author', 'LOGO': 'Logos/dummy_logo.png', 'GIT_URL': 'https://github.com/nguyen-v/KDT_Hierarchical_KiBot', 'CHECK_ZONE_FILLS': False, 'STACKUP_TABLE_NOTE': 'external layer thicknesses are specified after plating', 'MPN_FIELD': 'Manufacturer Part Number', 'MAN_FIELD': 'Manufacturer', 'GROUP_ROUND_SLOTS': True, 'GROUP_PTH_NPTH': 'no', 'GROUP_PTH_NPTH_DRL': False, 'PLOT_REFS': True, 'COLOR_THEME': 'Altium_Theme', 'SHEET_WKS': '${KIPRJMOD}/Templates/KDT_Template_PCB_GIT_A4.kicad_wks', 'FAB_SCALING': 1, 'ASSEMBLY_SCALING': 1, 'EXCLUDE_REFS': '[MB*]', '3D_VIEWER_ROT_X': 2, '3D_VIEWER_ROT_Y': -1, '3D_VIEWER_ROT_Z': 1, '3D_VIEWER_ZOOM': -1, 'KEY_COLOR': '#00FF00', 'OUTPUT_DIR': './', 'REPORT_DIR': 'Reports', 'SCHEMATIC_DIR': 'Schematic', 'MANUFACTURING_DIR': 'Manufacturing', 'ASSEMBLY_DIR': '@MANUFACTURING_DIR@/Assembly', 'FABRICATION_DIR': '@MANUFACTURING_DIR@/Fabrication', 'GERBERS_DIR': '@FABRICATION_DIR@/Gerbers', 'FAB_DRILL_TABLES_DIR': '@FABRICATION_DIR@/Drill Tables', 'TESTING_DIR': 'Testing', 'TESTPOINTS_DIR': '@TESTING_DIR@/Testpoints', 'IMAGES_DIR': 'Images', '3D_DIR': '3D', 'RESOURCES_DIR': 'kibot_resources', 'REPORT_TEMPLATE_DIR': '@RESOURCES_DIR@/templates', 'SCRIPTS_DIR': '@RESOURCES_DIR@/scripts', 'LAYER_TITLE_PAGE': 'TitlePage', 'LAYER_DNP_TOP': 'F.DNP', 'LAYER_DNP_BOTTOM': 'B.DNP', 'LAYER_DRILL_MAP': 'DrillMap', 'LAYER_TP_LIST_TOP': 'F.TestPointList', 'LAYER_TP_LIST_BOTTOM': 'B.TestPointList', 'LAYER_ASSEMBLY_TEXT_TOP': 'F.AssemblyText', 'LAYER_ASSEMBLY_TEXT_BOTTOM': 'B.AssemblyText', 'LAYER_DNP_CROSS_TOP': 'F.DNP', 'LAYER_DNP_CROSS_BOTTOM': 'B.DNP', 'FILT_FIELD_RENAME': 'field_rename', 'FILT_TP_ONLY': 'only_testpoints', 'FILT_TP_EXCLUDE': 'exclude_testpoints', 'FILT_TP_TOP_ONLY': 'only_testpoints_top', 'FILT_TP_BOTTOM_ONLY': 'only_testpoints_bottom', 'SCH_VARIANT_OUTPUT': 'value_split', 'NETLIST_OUTPUT': 'netlist', 'GERBER_OUTPUT': 'gbr_gerbers', 'ODB_OUTPUT': 'zip_odb', 'EXCELLON_DRILL_OUTPUT': 'drl_excellon', 'PDF_DRILL_MAP_OUTPUT': 'pdf_drill_map', 'DXF_DRILL_MAP_OUTPUT': 'dxf_drill_map', 'CSV_DRILL_TABLE_OUTPUT': 'csv_drill_table', 'CSV_POS_OUTPUT': 'csv_position', 'CSV_TP_OUTPUT': 'csv_testpoints', 'CSV_TP_TOP_OUTPUT': 'csv_testpoints_top', 'CSV_TP_BOTTOM_OUTPUT': 'csv_testpoints_bottom', 'CSV_BOM_OUTPUT': 'csv_bom', 'XLSX_BOM_OUTPUT': 'xlsx_bom', 'HTML_IBOM_OUTPUT': 'html_bom_interactive', 'HTML_BOM_OUTPUT': 'html_bom', 'CSV_COMP_COUNT_OUPUT': 'csv_comp_count', 'CSV_IMPEDANCE_TABLE_OUTPUT': 'csv_impedance_table', 'TXT_FAB_NOTES_OUTPUT': 'txt_fabrication_notes', 'TXT_ASSEMBLY_NOTES_OUTPUT': 'txt_assembly_notes', 'PNG_3D_VIEWER_TOP': 'png_3d_viewer_top', 'PNG_3D_VIEWER_BOTTOM': 'png_3d_viewer_bottom', 'PNG_3D_VIEWER_ANGLED_TOP': 'png_3d_viewer_angled_top', 'PNG_3D_VIEWER_ANGLED_BOTTOM': 'png_3d_viewer_angled_bottom', 'STEP_OUTPUT': 'step', 'BLENDER_OUTPUT': 'blender', 'PDF_SCHEMATIC_OUTPUT': 'pdf_schematic', 'PDF_FABRICATION_OUTPUT': 'pdf_fabrication', 'PDF_ASSEMBLY_OUTPUT': 'pdf_assembly', 'ZIP_COMPRESS_FAB_OUTPUT': 'zip_compress_fab', 'HTML_KICANVAS_OUTPUT': 'html_kicanvas', 'HTML_KIRI_OUTPUT': 'html_kiri', 'MD_README_OUTPUT': 'md_readme', 'HTML_NAV_RES_OUTPUT': 'html_navigate_results'} (kibot - config_reader.py:665)
DEBUG:Applying preprocessor definitions (kibot - config_reader.py:670)
DEBUG:- Applying CLI definitions: {} (kibot - config_reader.py:677)
DEBUG:- Applying collected definitions: {'COMMENT': 'Exclude only testpoints', 'NAME': 'exclude_testpoints', 'PROJECT_NAME': 'LE_V2', 'BOARD_NAME': 'LE_BMS_A_V2', 'COMPANY': 'Company Name', 'DESIGNER': 'Author', 'LOGO': 'Logos/dummy_logo.png', 'GIT_URL': 'https://github.com/nguyen-v/KDT_Hierarchical_KiBot', 'CHECK_ZONE_FILLS': False, 'STACKUP_TABLE_NOTE': 'external layer thicknesses are specified after plating', 'MPN_FIELD': 'Manufacturer Part Number', 'MAN_FIELD': 'Manufacturer', 'GROUP_ROUND_SLOTS': True, 'GROUP_PTH_NPTH': 'no', 'GROUP_PTH_NPTH_DRL': False, 'PLOT_REFS': True, 'COLOR_THEME': 'Altium_Theme', 'SHEET_WKS': '${KIPRJMOD}/Templates/KDT_Template_PCB_GIT_A4.kicad_wks', 'FAB_SCALING': 1, 'ASSEMBLY_SCALING': 1, 'EXCLUDE_REFS': '[MB*]', '3D_VIEWER_ROT_X': 2, '3D_VIEWER_ROT_Y': -1, '3D_VIEWER_ROT_Z': 1, '3D_VIEWER_ZOOM': -1, 'KEY_COLOR': '#00FF00', 'OUTPUT_DIR': './', 'REPORT_DIR': 'Reports', 'SCHEMATIC_DIR': 'Schematic', 'MANUFACTURING_DIR': 'Manufacturing', 'ASSEMBLY_DIR': '@MANUFACTURING_DIR@/Assembly', 'FABRICATION_DIR': '@MANUFACTURING_DIR@/Fabrication', 'GERBERS_DIR': '@FABRICATION_DIR@/Gerbers', 'FAB_DRILL_TABLES_DIR': '@FABRICATION_DIR@/Drill Tables', 'TESTING_DIR': 'Testing', 'TESTPOINTS_DIR': '@TESTING_DIR@/Testpoints', 'IMAGES_DIR': 'Images', '3D_DIR': '3D', 'RESOURCES_DIR': 'kibot_resources', 'REPORT_TEMPLATE_DIR': '@RESOURCES_DIR@/templates', 'SCRIPTS_DIR': '@RESOURCES_DIR@/scripts', 'LAYER_TITLE_PAGE': 'TitlePage', 'LAYER_DNP_TOP': 'F.DNP', 'LAYER_DNP_BOTTOM': 'B.DNP', 'LAYER_DRILL_MAP': 'DrillMap', 'LAYER_TP_LIST_TOP': 'F.TestPointList', 'LAYER_TP_LIST_BOTTOM': 'B.TestPointList', 'LAYER_ASSEMBLY_TEXT_TOP': 'F.AssemblyText', 'LAYER_ASSEMBLY_TEXT_BOTTOM': 'B.AssemblyText', 'LAYER_DNP_CROSS_TOP': 'F.DNP', 'LAYER_DNP_CROSS_BOTTOM': 'B.DNP', 'FILT_FIELD_RENAME': 'field_rename', 'FILT_TP_ONLY': 'only_testpoints', 'FILT_TP_EXCLUDE': 'exclude_testpoints', 'FILT_TP_TOP_ONLY': 'only_testpoints_top', 'FILT_TP_BOTTOM_ONLY': 'only_testpoints_bottom', 'SCH_VARIANT_OUTPUT': 'value_split', 'NETLIST_OUTPUT': 'netlist', 'GERBER_OUTPUT': 'gbr_gerbers', 'ODB_OUTPUT': 'zip_odb', 'EXCELLON_DRILL_OUTPUT': 'drl_excellon', 'PDF_DRILL_MAP_OUTPUT': 'pdf_drill_map', 'DXF_DRILL_MAP_OUTPUT': 'dxf_drill_map', 'CSV_DRILL_TABLE_OUTPUT': 'csv_drill_table', 'CSV_POS_OUTPUT': 'csv_position', 'CSV_TP_OUTPUT': 'csv_testpoints', 'CSV_TP_TOP_OUTPUT': 'csv_testpoints_top', 'CSV_TP_BOTTOM_OUTPUT': 'csv_testpoints_bottom', 'CSV_BOM_OUTPUT': 'csv_bom', 'XLSX_BOM_OUTPUT': 'xlsx_bom', 'HTML_IBOM_OUTPUT': 'html_bom_interactive', 'HTML_BOM_OUTPUT': 'html_bom', 'CSV_COMP_COUNT_OUPUT': 'csv_comp_count', 'CSV_IMPEDANCE_TABLE_OUTPUT': 'csv_impedance_table', 'TXT_FAB_NOTES_OUTPUT': 'txt_fabrication_notes', 'TXT_ASSEMBLY_NOTES_OUTPUT': 'txt_assembly_notes', 'PNG_3D_VIEWER_TOP': 'png_3d_viewer_top', 'PNG_3D_VIEWER_BOTTOM': 'png_3d_viewer_bottom', 'PNG_3D_VIEWER_ANGLED_TOP': 'png_3d_viewer_angled_top', 'PNG_3D_VIEWER_ANGLED_BOTTOM': 'png_3d_viewer_angled_bottom', 'STEP_OUTPUT': 'step', 'BLENDER_OUTPUT': 'blender', 'PDF_SCHEMATIC_OUTPUT': 'pdf_schematic', 'PDF_FABRICATION_OUTPUT': 'pdf_fabrication', 'PDF_ASSEMBLY_OUTPUT': 'pdf_assembly', 'ZIP_COMPRESS_FAB_OUTPUT': 'zip_compress_fab', 'HTML_KICANVAS_OUTPUT': 'html_kicanvas', 'HTML_KIRI_OUTPUT': 'html_kiri', 'MD_README_OUTPUT': 'md_readme', 'HTML_NAV_RES_OUTPUT': 'html_navigate_results'} (kibot - config_reader.py:680)
DEBUG:- Replacing @COMMENT@ -> Exclude only testpoints (<class 'str'>) (kibot - config_reader.py:78)
DEBUG:- Replacing @NAME@ -> exclude_testpoints (<class 'str'>) (kibot - config_reader.py:78)
DEBUG:- Applying CLI definitions: {} (kibot - config_reader.py:677)
DEBUG:- Applying collected definitions: {'COMMENT': 'Exclude only testpoints', 'NAME': 'exclude_testpoints', 'PROJECT_NAME': 'LE_V2', 'BOARD_NAME': 'LE_BMS_A_V2', 'COMPANY': 'Company Name', 'DESIGNER': 'Author', 'LOGO': 'Logos/dummy_logo.png', 'GIT_URL': 'https://github.com/nguyen-v/KDT_Hierarchical_KiBot', 'CHECK_ZONE_FILLS': False, 'STACKUP_TABLE_NOTE': 'external layer thicknesses are specified after plating', 'MPN_FIELD': 'Manufacturer Part Number', 'MAN_FIELD': 'Manufacturer', 'GROUP_ROUND_SLOTS': True, 'GROUP_PTH_NPTH': 'no', 'GROUP_PTH_NPTH_DRL': False, 'PLOT_REFS': True, 'COLOR_THEME': 'Altium_Theme', 'SHEET_WKS': '${KIPRJMOD}/Templates/KDT_Template_PCB_GIT_A4.kicad_wks', 'FAB_SCALING': 1, 'ASSEMBLY_SCALING': 1, 'EXCLUDE_REFS': '[MB*]', '3D_VIEWER_ROT_X': 2, '3D_VIEWER_ROT_Y': -1, '3D_VIEWER_ROT_Z': 1, '3D_VIEWER_ZOOM': -1, 'KEY_COLOR': '#00FF00', 'OUTPUT_DIR': './', 'REPORT_DIR': 'Reports', 'SCHEMATIC_DIR': 'Schematic', 'MANUFACTURING_DIR': 'Manufacturing', 'ASSEMBLY_DIR': '@MANUFACTURING_DIR@/Assembly', 'FABRICATION_DIR': '@MANUFACTURING_DIR@/Fabrication', 'GERBERS_DIR': '@FABRICATION_DIR@/Gerbers', 'FAB_DRILL_TABLES_DIR': '@FABRICATION_DIR@/Drill Tables', 'TESTING_DIR': 'Testing', 'TESTPOINTS_DIR': '@TESTING_DIR@/Testpoints', 'IMAGES_DIR': 'Images', '3D_DIR': '3D', 'RESOURCES_DIR': 'kibot_resources', 'REPORT_TEMPLATE_DIR': '@RESOURCES_DIR@/templates', 'SCRIPTS_DIR': '@RESOURCES_DIR@/scripts', 'LAYER_TITLE_PAGE': 'TitlePage', 'LAYER_DNP_TOP': 'F.DNP', 'LAYER_DNP_BOTTOM': 'B.DNP', 'LAYER_DRILL_MAP': 'DrillMap', 'LAYER_TP_LIST_TOP': 'F.TestPointList', 'LAYER_TP_LIST_BOTTOM': 'B.TestPointList', 'LAYER_ASSEMBLY_TEXT_TOP': 'F.AssemblyText', 'LAYER_ASSEMBLY_TEXT_BOTTOM': 'B.AssemblyText', 'LAYER_DNP_CROSS_TOP': 'F.DNP', 'LAYER_DNP_CROSS_BOTTOM': 'B.DNP', 'FILT_FIELD_RENAME': 'field_rename', 'FILT_TP_ONLY': 'only_testpoints', 'FILT_TP_EXCLUDE': 'exclude_testpoints', 'FILT_TP_TOP_ONLY': 'only_testpoints_top', 'FILT_TP_BOTTOM_ONLY': 'only_testpoints_bottom', 'SCH_VARIANT_OUTPUT': 'value_split', 'NETLIST_OUTPUT': 'netlist', 'GERBER_OUTPUT': 'gbr_gerbers', 'ODB_OUTPUT': 'zip_odb', 'EXCELLON_DRILL_OUTPUT': 'drl_excellon', 'PDF_DRILL_MAP_OUTPUT': 'pdf_drill_map', 'DXF_DRILL_MAP_OUTPUT': 'dxf_drill_map', 'CSV_DRILL_TABLE_OUTPUT': 'csv_drill_table', 'CSV_POS_OUTPUT': 'csv_position', 'CSV_TP_OUTPUT': 'csv_testpoints', 'CSV_TP_TOP_OUTPUT': 'csv_testpoints_top', 'CSV_TP_BOTTOM_OUTPUT': 'csv_testpoints_bottom', 'CSV_BOM_OUTPUT': 'csv_bom', 'XLSX_BOM_OUTPUT': 'xlsx_bom', 'HTML_IBOM_OUTPUT': 'html_bom_interactive', 'HTML_BOM_OUTPUT': 'html_bom', 'CSV_COMP_COUNT_OUPUT': 'csv_comp_count', 'CSV_IMPEDANCE_TABLE_OUTPUT': 'csv_impedance_table', 'TXT_FAB_NOTES_OUTPUT': 'txt_fabrication_notes', 'TXT_ASSEMBLY_NOTES_OUTPUT': 'txt_assembly_notes', 'PNG_3D_VIEWER_TOP': 'png_3d_viewer_top', 'PNG_3D_VIEWER_BOTTOM': 'png_3d_viewer_bottom', 'PNG_3D_VIEWER_ANGLED_TOP': 'png_3d_viewer_angled_top', 'PNG_3D_VIEWER_ANGLED_BOTTOM': 'png_3d_viewer_angled_bottom', 'STEP_OUTPUT': 'step', 'BLENDER_OUTPUT': 'blender', 'PDF_SCHEMATIC_OUTPUT': 'pdf_schematic', 'PDF_FABRICATION_OUTPUT': 'pdf_fabrication', 'PDF_ASSEMBLY_OUTPUT': 'pdf_assembly', 'ZIP_COMPRESS_FAB_OUTPUT': 'zip_compress_fab', 'HTML_KICANVAS_OUTPUT': 'html_kicanvas', 'HTML_KIRI_OUTPUT': 'html_kiri', 'MD_README_OUTPUT': 'md_readme', 'HTML_NAV_RES_OUTPUT': 'html_navigate_results'} (kibot - config_reader.py:680)
DEBUG:YAML after expanding definitions:
# KiBot Filter for excluding testpoints

kibot:
  version: 1

filters:
  - name: 'exclude_testpoints'
    comment: 'Exclude only testpoints'
    type: generic
    exclude_any:
      - column: Reference
        regex: "TP"

 (kibot - config_reader.py:686)
DEBUG:Parsing filter `exclude_testpoints` (generic) (kibot - config_reader.py:252)
DEBUG:Configuring from default: include_only -> [] (kibot - optionable.py:377)
DEBUG:Configuring from default: keys -> ['dnf_list'] (kibot - optionable.py:377)
DEBUG:Configuring from default: exclude_refs -> [] (kibot - optionable.py:377)
DEBUG:Filters loaded from `kibot_yaml/kibot_filt_exclude_testpoints.yaml`: dict_keys(['exclude_testpoints']) (kibot - config_reader.py:408)
DEBUG:Found local definitions (kibot - config_reader.py:651)
DEBUG:- Local definitions: {'COMMENT': 'Select only testpoints', 'NAME': 'only_testpoints', 'EXCLUDE_TOP': False, 'EXCLUDE_BOTTOM': False, 'EXCLUDE_REFS': '[MB*]'} (kibot - config_reader.py:661)
DEBUG:- Current definitions: {'PROJECT_NAME': 'LE_V2', 'BOARD_NAME': 'LE_BMS_A_V2', 'COMPANY': 'Company Name', 'DESIGNER': 'Author', 'LOGO': 'Logos/dummy_logo.png', 'GIT_URL': 'https://github.com/nguyen-v/KDT_Hierarchical_KiBot', 'CHECK_ZONE_FILLS': False, 'STACKUP_TABLE_NOTE': 'external layer thicknesses are specified after plating', 'MPN_FIELD': 'Manufacturer Part Number', 'MAN_FIELD': 'Manufacturer', 'GROUP_ROUND_SLOTS': True, 'GROUP_PTH_NPTH': 'no', 'GROUP_PTH_NPTH_DRL': False, 'PLOT_REFS': True, 'COLOR_THEME': 'Altium_Theme', 'SHEET_WKS': '${KIPRJMOD}/Templates/KDT_Template_PCB_GIT_A4.kicad_wks', 'FAB_SCALING': 1, 'ASSEMBLY_SCALING': 1, 'EXCLUDE_REFS': '[MB*]', '3D_VIEWER_ROT_X': 2, '3D_VIEWER_ROT_Y': -1, '3D_VIEWER_ROT_Z': 1, '3D_VIEWER_ZOOM': -1, 'KEY_COLOR': '#00FF00', 'OUTPUT_DIR': './', 'REPORT_DIR': 'Reports', 'SCHEMATIC_DIR': 'Schematic', 'MANUFACTURING_DIR': 'Manufacturing', 'ASSEMBLY_DIR': '@MANUFACTURING_DIR@/Assembly', 'FABRICATION_DIR': '@MANUFACTURING_DIR@/Fabrication', 'GERBERS_DIR': '@FABRICATION_DIR@/Gerbers', 'FAB_DRILL_TABLES_DIR': '@FABRICATION_DIR@/Drill Tables', 'TESTING_DIR': 'Testing', 'TESTPOINTS_DIR': '@TESTING_DIR@/Testpoints', 'IMAGES_DIR': 'Images', '3D_DIR': '3D', 'RESOURCES_DIR': 'kibot_resources', 'REPORT_TEMPLATE_DIR': '@RESOURCES_DIR@/templates', 'SCRIPTS_DIR': '@RESOURCES_DIR@/scripts', 'LAYER_TITLE_PAGE': 'TitlePage', 'LAYER_DNP_TOP': 'F.DNP', 'LAYER_DNP_BOTTOM': 'B.DNP', 'LAYER_DRILL_MAP': 'DrillMap', 'LAYER_TP_LIST_TOP': 'F.TestPointList', 'LAYER_TP_LIST_BOTTOM': 'B.TestPointList', 'LAYER_ASSEMBLY_TEXT_TOP': 'F.AssemblyText', 'LAYER_ASSEMBLY_TEXT_BOTTOM': 'B.AssemblyText', 'LAYER_DNP_CROSS_TOP': 'F.DNP', 'LAYER_DNP_CROSS_BOTTOM': 'B.DNP', 'FILT_FIELD_RENAME': 'field_rename', 'FILT_TP_ONLY': 'only_testpoints', 'FILT_TP_EXCLUDE': 'exclude_testpoints', 'FILT_TP_TOP_ONLY': 'only_testpoints_top', 'FILT_TP_BOTTOM_ONLY': 'only_testpoints_bottom', 'SCH_VARIANT_OUTPUT': 'value_split', 'NETLIST_OUTPUT': 'netlist', 'GERBER_OUTPUT': 'gbr_gerbers', 'ODB_OUTPUT': 'zip_odb', 'EXCELLON_DRILL_OUTPUT': 'drl_excellon', 'PDF_DRILL_MAP_OUTPUT': 'pdf_drill_map', 'DXF_DRILL_MAP_OUTPUT': 'dxf_drill_map', 'CSV_DRILL_TABLE_OUTPUT': 'csv_drill_table', 'CSV_POS_OUTPUT': 'csv_position', 'CSV_TP_OUTPUT': 'csv_testpoints', 'CSV_TP_TOP_OUTPUT': 'csv_testpoints_top', 'CSV_TP_BOTTOM_OUTPUT': 'csv_testpoints_bottom', 'CSV_BOM_OUTPUT': 'csv_bom', 'XLSX_BOM_OUTPUT': 'xlsx_bom', 'HTML_IBOM_OUTPUT': 'html_bom_interactive', 'HTML_BOM_OUTPUT': 'html_bom', 'CSV_COMP_COUNT_OUPUT': 'csv_comp_count', 'CSV_IMPEDANCE_TABLE_OUTPUT': 'csv_impedance_table', 'TXT_FAB_NOTES_OUTPUT': 'txt_fabrication_notes', 'TXT_ASSEMBLY_NOTES_OUTPUT': 'txt_assembly_notes', 'PNG_3D_VIEWER_TOP': 'png_3d_viewer_top', 'PNG_3D_VIEWER_BOTTOM': 'png_3d_viewer_bottom', 'PNG_3D_VIEWER_ANGLED_TOP': 'png_3d_viewer_angled_top', 'PNG_3D_VIEWER_ANGLED_BOTTOM': 'png_3d_viewer_angled_bottom', 'STEP_OUTPUT': 'step', 'BLENDER_OUTPUT': 'blender', 'PDF_SCHEMATIC_OUTPUT': 'pdf_schematic', 'PDF_FABRICATION_OUTPUT': 'pdf_fabrication', 'PDF_ASSEMBLY_OUTPUT': 'pdf_assembly', 'ZIP_COMPRESS_FAB_OUTPUT': 'zip_compress_fab', 'HTML_KICANVAS_OUTPUT': 'html_kicanvas', 'HTML_KIRI_OUTPUT': 'html_kiri', 'MD_README_OUTPUT': 'md_readme', 'HTML_NAV_RES_OUTPUT': 'html_navigate_results', 'NAME': 'only_testpoints_top', 'COMMENT': 'Select only top testpoints', 'EXCLUDE_BOTTOM': True} (kibot - config_reader.py:662)
DEBUG:- Updated definitions: {'COMMENT': 'Select only top testpoints', 'NAME': 'only_testpoints_top', 'EXCLUDE_TOP': False, 'EXCLUDE_BOTTOM': True, 'EXCLUDE_REFS': '[MB*]', 'PROJECT_NAME': 'LE_V2', 'BOARD_NAME': 'LE_BMS_A_V2', 'COMPANY': 'Company Name', 'DESIGNER': 'Author', 'LOGO': 'Logos/dummy_logo.png', 'GIT_URL': 'https://github.com/nguyen-v/KDT_Hierarchical_KiBot', 'CHECK_ZONE_FILLS': False, 'STACKUP_TABLE_NOTE': 'external layer thicknesses are specified after plating', 'MPN_FIELD': 'Manufacturer Part Number', 'MAN_FIELD': 'Manufacturer', 'GROUP_ROUND_SLOTS': True, 'GROUP_PTH_NPTH': 'no', 'GROUP_PTH_NPTH_DRL': False, 'PLOT_REFS': True, 'COLOR_THEME': 'Altium_Theme', 'SHEET_WKS': '${KIPRJMOD}/Templates/KDT_Template_PCB_GIT_A4.kicad_wks', 'FAB_SCALING': 1, 'ASSEMBLY_SCALING': 1, '3D_VIEWER_ROT_X': 2, '3D_VIEWER_ROT_Y': -1, '3D_VIEWER_ROT_Z': 1, '3D_VIEWER_ZOOM': -1, 'KEY_COLOR': '#00FF00', 'OUTPUT_DIR': './', 'REPORT_DIR': 'Reports', 'SCHEMATIC_DIR': 'Schematic', 'MANUFACTURING_DIR': 'Manufacturing', 'ASSEMBLY_DIR': '@MANUFACTURING_DIR@/Assembly', 'FABRICATION_DIR': '@MANUFACTURING_DIR@/Fabrication', 'GERBERS_DIR': '@FABRICATION_DIR@/Gerbers', 'FAB_DRILL_TABLES_DIR': '@FABRICATION_DIR@/Drill Tables', 'TESTING_DIR': 'Testing', 'TESTPOINTS_DIR': '@TESTING_DIR@/Testpoints', 'IMAGES_DIR': 'Images', '3D_DIR': '3D', 'RESOURCES_DIR': 'kibot_resources', 'REPORT_TEMPLATE_DIR': '@RESOURCES_DIR@/templates', 'SCRIPTS_DIR': '@RESOURCES_DIR@/scripts', 'LAYER_TITLE_PAGE': 'TitlePage', 'LAYER_DNP_TOP': 'F.DNP', 'LAYER_DNP_BOTTOM': 'B.DNP', 'LAYER_DRILL_MAP': 'DrillMap', 'LAYER_TP_LIST_TOP': 'F.TestPointList', 'LAYER_TP_LIST_BOTTOM': 'B.TestPointList', 'LAYER_ASSEMBLY_TEXT_TOP': 'F.AssemblyText', 'LAYER_ASSEMBLY_TEXT_BOTTOM': 'B.AssemblyText', 'LAYER_DNP_CROSS_TOP': 'F.DNP', 'LAYER_DNP_CROSS_BOTTOM': 'B.DNP', 'FILT_FIELD_RENAME': 'field_rename', 'FILT_TP_ONLY': 'only_testpoints', 'FILT_TP_EXCLUDE': 'exclude_testpoints', 'FILT_TP_TOP_ONLY': 'only_testpoints_top', 'FILT_TP_BOTTOM_ONLY': 'only_testpoints_bottom', 'SCH_VARIANT_OUTPUT': 'value_split', 'NETLIST_OUTPUT': 'netlist', 'GERBER_OUTPUT': 'gbr_gerbers', 'ODB_OUTPUT': 'zip_odb', 'EXCELLON_DRILL_OUTPUT': 'drl_excellon', 'PDF_DRILL_MAP_OUTPUT': 'pdf_drill_map', 'DXF_DRILL_MAP_OUTPUT': 'dxf_drill_map', 'CSV_DRILL_TABLE_OUTPUT': 'csv_drill_table', 'CSV_POS_OUTPUT': 'csv_position', 'CSV_TP_OUTPUT': 'csv_testpoints', 'CSV_TP_TOP_OUTPUT': 'csv_testpoints_top', 'CSV_TP_BOTTOM_OUTPUT': 'csv_testpoints_bottom', 'CSV_BOM_OUTPUT': 'csv_bom', 'XLSX_BOM_OUTPUT': 'xlsx_bom', 'HTML_IBOM_OUTPUT': 'html_bom_interactive', 'HTML_BOM_OUTPUT': 'html_bom', 'CSV_COMP_COUNT_OUPUT': 'csv_comp_count', 'CSV_IMPEDANCE_TABLE_OUTPUT': 'csv_impedance_table', 'TXT_FAB_NOTES_OUTPUT': 'txt_fabrication_notes', 'TXT_ASSEMBLY_NOTES_OUTPUT': 'txt_assembly_notes', 'PNG_3D_VIEWER_TOP': 'png_3d_viewer_top', 'PNG_3D_VIEWER_BOTTOM': 'png_3d_viewer_bottom', 'PNG_3D_VIEWER_ANGLED_TOP': 'png_3d_viewer_angled_top', 'PNG_3D_VIEWER_ANGLED_BOTTOM': 'png_3d_viewer_angled_bottom', 'STEP_OUTPUT': 'step', 'BLENDER_OUTPUT': 'blender', 'PDF_SCHEMATIC_OUTPUT': 'pdf_schematic', 'PDF_FABRICATION_OUTPUT': 'pdf_fabrication', 'PDF_ASSEMBLY_OUTPUT': 'pdf_assembly', 'ZIP_COMPRESS_FAB_OUTPUT': 'zip_compress_fab', 'HTML_KICANVAS_OUTPUT': 'html_kicanvas', 'HTML_KIRI_OUTPUT': 'html_kiri', 'MD_README_OUTPUT': 'md_readme', 'HTML_NAV_RES_OUTPUT': 'html_navigate_results'} (kibot - config_reader.py:665)
DEBUG:Applying preprocessor definitions (kibot - config_reader.py:670)
DEBUG:- Applying CLI definitions: {} (kibot - config_reader.py:677)
DEBUG:- Applying collected definitions: {'COMMENT': 'Select only top testpoints', 'NAME': 'only_testpoints_top', 'EXCLUDE_TOP': False, 'EXCLUDE_BOTTOM': True, 'EXCLUDE_REFS': '[MB*]', 'PROJECT_NAME': 'LE_V2', 'BOARD_NAME': 'LE_BMS_A_V2', 'COMPANY': 'Company Name', 'DESIGNER': 'Author', 'LOGO': 'Logos/dummy_logo.png', 'GIT_URL': 'https://github.com/nguyen-v/KDT_Hierarchical_KiBot', 'CHECK_ZONE_FILLS': False, 'STACKUP_TABLE_NOTE': 'external layer thicknesses are specified after plating', 'MPN_FIELD': 'Manufacturer Part Number', 'MAN_FIELD': 'Manufacturer', 'GROUP_ROUND_SLOTS': True, 'GROUP_PTH_NPTH': 'no', 'GROUP_PTH_NPTH_DRL': False, 'PLOT_REFS': True, 'COLOR_THEME': 'Altium_Theme', 'SHEET_WKS': '${KIPRJMOD}/Templates/KDT_Template_PCB_GIT_A4.kicad_wks', 'FAB_SCALING': 1, 'ASSEMBLY_SCALING': 1, '3D_VIEWER_ROT_X': 2, '3D_VIEWER_ROT_Y': -1, '3D_VIEWER_ROT_Z': 1, '3D_VIEWER_ZOOM': -1, 'KEY_COLOR': '#00FF00', 'OUTPUT_DIR': './', 'REPORT_DIR': 'Reports', 'SCHEMATIC_DIR': 'Schematic', 'MANUFACTURING_DIR': 'Manufacturing', 'ASSEMBLY_DIR': '@MANUFACTURING_DIR@/Assembly', 'FABRICATION_DIR': '@MANUFACTURING_DIR@/Fabrication', 'GERBERS_DIR': '@FABRICATION_DIR@/Gerbers', 'FAB_DRILL_TABLES_DIR': '@FABRICATION_DIR@/Drill Tables', 'TESTING_DIR': 'Testing', 'TESTPOINTS_DIR': '@TESTING_DIR@/Testpoints', 'IMAGES_DIR': 'Images', '3D_DIR': '3D', 'RESOURCES_DIR': 'kibot_resources', 'REPORT_TEMPLATE_DIR': '@RESOURCES_DIR@/templates', 'SCRIPTS_DIR': '@RESOURCES_DIR@/scripts', 'LAYER_TITLE_PAGE': 'TitlePage', 'LAYER_DNP_TOP': 'F.DNP', 'LAYER_DNP_BOTTOM': 'B.DNP', 'LAYER_DRILL_MAP': 'DrillMap', 'LAYER_TP_LIST_TOP': 'F.TestPointList', 'LAYER_TP_LIST_BOTTOM': 'B.TestPointList', 'LAYER_ASSEMBLY_TEXT_TOP': 'F.AssemblyText', 'LAYER_ASSEMBLY_TEXT_BOTTOM': 'B.AssemblyText', 'LAYER_DNP_CROSS_TOP': 'F.DNP', 'LAYER_DNP_CROSS_BOTTOM': 'B.DNP', 'FILT_FIELD_RENAME': 'field_rename', 'FILT_TP_ONLY': 'only_testpoints', 'FILT_TP_EXCLUDE': 'exclude_testpoints', 'FILT_TP_TOP_ONLY': 'only_testpoints_top', 'FILT_TP_BOTTOM_ONLY': 'only_testpoints_bottom', 'SCH_VARIANT_OUTPUT': 'value_split', 'NETLIST_OUTPUT': 'netlist', 'GERBER_OUTPUT': 'gbr_gerbers', 'ODB_OUTPUT': 'zip_odb', 'EXCELLON_DRILL_OUTPUT': 'drl_excellon', 'PDF_DRILL_MAP_OUTPUT': 'pdf_drill_map', 'DXF_DRILL_MAP_OUTPUT': 'dxf_drill_map', 'CSV_DRILL_TABLE_OUTPUT': 'csv_drill_table', 'CSV_POS_OUTPUT': 'csv_position', 'CSV_TP_OUTPUT': 'csv_testpoints', 'CSV_TP_TOP_OUTPUT': 'csv_testpoints_top', 'CSV_TP_BOTTOM_OUTPUT': 'csv_testpoints_bottom', 'CSV_BOM_OUTPUT': 'csv_bom', 'XLSX_BOM_OUTPUT': 'xlsx_bom', 'HTML_IBOM_OUTPUT': 'html_bom_interactive', 'HTML_BOM_OUTPUT': 'html_bom', 'CSV_COMP_COUNT_OUPUT': 'csv_comp_count', 'CSV_IMPEDANCE_TABLE_OUTPUT': 'csv_impedance_table', 'TXT_FAB_NOTES_OUTPUT': 'txt_fabrication_notes', 'TXT_ASSEMBLY_NOTES_OUTPUT': 'txt_assembly_notes', 'PNG_3D_VIEWER_TOP': 'png_3d_viewer_top', 'PNG_3D_VIEWER_BOTTOM': 'png_3d_viewer_bottom', 'PNG_3D_VIEWER_ANGLED_TOP': 'png_3d_viewer_angled_top', 'PNG_3D_VIEWER_ANGLED_BOTTOM': 'png_3d_viewer_angled_bottom', 'STEP_OUTPUT': 'step', 'BLENDER_OUTPUT': 'blender', 'PDF_SCHEMATIC_OUTPUT': 'pdf_schematic', 'PDF_FABRICATION_OUTPUT': 'pdf_fabrication', 'PDF_ASSEMBLY_OUTPUT': 'pdf_assembly', 'ZIP_COMPRESS_FAB_OUTPUT': 'zip_compress_fab', 'HTML_KICANVAS_OUTPUT': 'html_kicanvas', 'HTML_KIRI_OUTPUT': 'html_kiri', 'MD_README_OUTPUT': 'md_readme', 'HTML_NAV_RES_OUTPUT': 'html_navigate_results'} (kibot - config_reader.py:680)
DEBUG:- Replacing @COMMENT@ -> Select only top testpoints (<class 'str'>) (kibot - config_reader.py:78)
DEBUG:- Replacing @NAME@ -> only_testpoints_top (<class 'str'>) (kibot - config_reader.py:78)
DEBUG:- Replacing @EXCLUDE_TOP@ -> false (<class 'str'>) (kibot - config_reader.py:78)
DEBUG:- Replacing @EXCLUDE_BOTTOM@ -> true (<class 'str'>) (kibot - config_reader.py:78)
DEBUG:- Replacing @EXCLUDE_REFS@ -> [MB*] (<class 'str'>) (kibot - config_reader.py:78)
DEBUG:- Applying CLI definitions: {} (kibot - config_reader.py:677)
DEBUG:- Applying collected definitions: {'COMMENT': 'Select only top testpoints', 'NAME': 'only_testpoints_top', 'EXCLUDE_TOP': False, 'EXCLUDE_BOTTOM': True, 'EXCLUDE_REFS': '[MB*]', 'PROJECT_NAME': 'LE_V2', 'BOARD_NAME': 'LE_BMS_A_V2', 'COMPANY': 'Company Name', 'DESIGNER': 'Author', 'LOGO': 'Logos/dummy_logo.png', 'GIT_URL': 'https://github.com/nguyen-v/KDT_Hierarchical_KiBot', 'CHECK_ZONE_FILLS': False, 'STACKUP_TABLE_NOTE': 'external layer thicknesses are specified after plating', 'MPN_FIELD': 'Manufacturer Part Number', 'MAN_FIELD': 'Manufacturer', 'GROUP_ROUND_SLOTS': True, 'GROUP_PTH_NPTH': 'no', 'GROUP_PTH_NPTH_DRL': False, 'PLOT_REFS': True, 'COLOR_THEME': 'Altium_Theme', 'SHEET_WKS': '${KIPRJMOD}/Templates/KDT_Template_PCB_GIT_A4.kicad_wks', 'FAB_SCALING': 1, 'ASSEMBLY_SCALING': 1, '3D_VIEWER_ROT_X': 2, '3D_VIEWER_ROT_Y': -1, '3D_VIEWER_ROT_Z': 1, '3D_VIEWER_ZOOM': -1, 'KEY_COLOR': '#00FF00', 'OUTPUT_DIR': './', 'REPORT_DIR': 'Reports', 'SCHEMATIC_DIR': 'Schematic', 'MANUFACTURING_DIR': 'Manufacturing', 'ASSEMBLY_DIR': '@MANUFACTURING_DIR@/Assembly', 'FABRICATION_DIR': '@MANUFACTURING_DIR@/Fabrication', 'GERBERS_DIR': '@FABRICATION_DIR@/Gerbers', 'FAB_DRILL_TABLES_DIR': '@FABRICATION_DIR@/Drill Tables', 'TESTING_DIR': 'Testing', 'TESTPOINTS_DIR': '@TESTING_DIR@/Testpoints', 'IMAGES_DIR': 'Images', '3D_DIR': '3D', 'RESOURCES_DIR': 'kibot_resources', 'REPORT_TEMPLATE_DIR': '@RESOURCES_DIR@/templates', 'SCRIPTS_DIR': '@RESOURCES_DIR@/scripts', 'LAYER_TITLE_PAGE': 'TitlePage', 'LAYER_DNP_TOP': 'F.DNP', 'LAYER_DNP_BOTTOM': 'B.DNP', 'LAYER_DRILL_MAP': 'DrillMap', 'LAYER_TP_LIST_TOP': 'F.TestPointList', 'LAYER_TP_LIST_BOTTOM': 'B.TestPointList', 'LAYER_ASSEMBLY_TEXT_TOP': 'F.AssemblyText', 'LAYER_ASSEMBLY_TEXT_BOTTOM': 'B.AssemblyText', 'LAYER_DNP_CROSS_TOP': 'F.DNP', 'LAYER_DNP_CROSS_BOTTOM': 'B.DNP', 'FILT_FIELD_RENAME': 'field_rename', 'FILT_TP_ONLY': 'only_testpoints', 'FILT_TP_EXCLUDE': 'exclude_testpoints', 'FILT_TP_TOP_ONLY': 'only_testpoints_top', 'FILT_TP_BOTTOM_ONLY': 'only_testpoints_bottom', 'SCH_VARIANT_OUTPUT': 'value_split', 'NETLIST_OUTPUT': 'netlist', 'GERBER_OUTPUT': 'gbr_gerbers', 'ODB_OUTPUT': 'zip_odb', 'EXCELLON_DRILL_OUTPUT': 'drl_excellon', 'PDF_DRILL_MAP_OUTPUT': 'pdf_drill_map', 'DXF_DRILL_MAP_OUTPUT': 'dxf_drill_map', 'CSV_DRILL_TABLE_OUTPUT': 'csv_drill_table', 'CSV_POS_OUTPUT': 'csv_position', 'CSV_TP_OUTPUT': 'csv_testpoints', 'CSV_TP_TOP_OUTPUT': 'csv_testpoints_top', 'CSV_TP_BOTTOM_OUTPUT': 'csv_testpoints_bottom', 'CSV_BOM_OUTPUT': 'csv_bom', 'XLSX_BOM_OUTPUT': 'xlsx_bom', 'HTML_IBOM_OUTPUT': 'html_bom_interactive', 'HTML_BOM_OUTPUT': 'html_bom', 'CSV_COMP_COUNT_OUPUT': 'csv_comp_count', 'CSV_IMPEDANCE_TABLE_OUTPUT': 'csv_impedance_table', 'TXT_FAB_NOTES_OUTPUT': 'txt_fabrication_notes', 'TXT_ASSEMBLY_NOTES_OUTPUT': 'txt_assembly_notes', 'PNG_3D_VIEWER_TOP': 'png_3d_viewer_top', 'PNG_3D_VIEWER_BOTTOM': 'png_3d_viewer_bottom', 'PNG_3D_VIEWER_ANGLED_TOP': 'png_3d_viewer_angled_top', 'PNG_3D_VIEWER_ANGLED_BOTTOM': 'png_3d_viewer_angled_bottom', 'STEP_OUTPUT': 'step', 'BLENDER_OUTPUT': 'blender', 'PDF_SCHEMATIC_OUTPUT': 'pdf_schematic', 'PDF_FABRICATION_OUTPUT': 'pdf_fabrication', 'PDF_ASSEMBLY_OUTPUT': 'pdf_assembly', 'ZIP_COMPRESS_FAB_OUTPUT': 'zip_compress_fab', 'HTML_KICANVAS_OUTPUT': 'html_kicanvas', 'HTML_KIRI_OUTPUT': 'html_kiri', 'MD_README_OUTPUT': 'md_readme', 'HTML_NAV_RES_OUTPUT': 'html_navigate_results'} (kibot - config_reader.py:680)
DEBUG:YAML after expanding definitions:
# KiBot Filter for testpoints
# These filters are used for multiple outputs to highlight testpoints
# or generate testpoint lists for top and bottom layers

kibot:
  version: 1

filters:
  - name: 'only_testpoints_top'
    comment: 'Select only top testpoints'
    type: generic
    exclude_top: false
    exclude_bottom: true
    include_only:
      - column: Reference
        regex: "TP"
    exclude_refs: [MB*]

 (kibot - config_reader.py:686)
DEBUG:Parsing filter `only_testpoints_top` (generic) (kibot - config_reader.py:252)
DEBUG:Configuring from default: exclude_any -> [] (kibot - optionable.py:377)
DEBUG:Configuring from default: keys -> ['dnf_list'] (kibot - optionable.py:377)
DEBUG:Filters loaded from `kibot_yaml/kibot_filt_testpoints.yaml`: dict_keys(['only_testpoints_top']) (kibot - config_reader.py:408)
DEBUG:Found local definitions (kibot - config_reader.py:651)
DEBUG:- Local definitions: {'COMMENT': 'Select only testpoints', 'NAME': 'only_testpoints', 'EXCLUDE_TOP': False, 'EXCLUDE_BOTTOM': False, 'EXCLUDE_REFS': '[MB*]'} (kibot - config_reader.py:661)
DEBUG:- Current definitions: {'PROJECT_NAME': 'LE_V2', 'BOARD_NAME': 'LE_BMS_A_V2', 'COMPANY': 'Company Name', 'DESIGNER': 'Author', 'LOGO': 'Logos/dummy_logo.png', 'GIT_URL': 'https://github.com/nguyen-v/KDT_Hierarchical_KiBot', 'CHECK_ZONE_FILLS': False, 'STACKUP_TABLE_NOTE': 'external layer thicknesses are specified after plating', 'MPN_FIELD': 'Manufacturer Part Number', 'MAN_FIELD': 'Manufacturer', 'GROUP_ROUND_SLOTS': True, 'GROUP_PTH_NPTH': 'no', 'GROUP_PTH_NPTH_DRL': False, 'PLOT_REFS': True, 'COLOR_THEME': 'Altium_Theme', 'SHEET_WKS': '${KIPRJMOD}/Templates/KDT_Template_PCB_GIT_A4.kicad_wks', 'FAB_SCALING': 1, 'ASSEMBLY_SCALING': 1, 'EXCLUDE_REFS': '[MB*]', '3D_VIEWER_ROT_X': 2, '3D_VIEWER_ROT_Y': -1, '3D_VIEWER_ROT_Z': 1, '3D_VIEWER_ZOOM': -1, 'KEY_COLOR': '#00FF00', 'OUTPUT_DIR': './', 'REPORT_DIR': 'Reports', 'SCHEMATIC_DIR': 'Schematic', 'MANUFACTURING_DIR': 'Manufacturing', 'ASSEMBLY_DIR': '@MANUFACTURING_DIR@/Assembly', 'FABRICATION_DIR': '@MANUFACTURING_DIR@/Fabrication', 'GERBERS_DIR': '@FABRICATION_DIR@/Gerbers', 'FAB_DRILL_TABLES_DIR': '@FABRICATION_DIR@/Drill Tables', 'TESTING_DIR': 'Testing', 'TESTPOINTS_DIR': '@TESTING_DIR@/Testpoints', 'IMAGES_DIR': 'Images', '3D_DIR': '3D', 'RESOURCES_DIR': 'kibot_resources', 'REPORT_TEMPLATE_DIR': '@RESOURCES_DIR@/templates', 'SCRIPTS_DIR': '@RESOURCES_DIR@/scripts', 'LAYER_TITLE_PAGE': 'TitlePage', 'LAYER_DNP_TOP': 'F.DNP', 'LAYER_DNP_BOTTOM': 'B.DNP', 'LAYER_DRILL_MAP': 'DrillMap', 'LAYER_TP_LIST_TOP': 'F.TestPointList', 'LAYER_TP_LIST_BOTTOM': 'B.TestPointList', 'LAYER_ASSEMBLY_TEXT_TOP': 'F.AssemblyText', 'LAYER_ASSEMBLY_TEXT_BOTTOM': 'B.AssemblyText', 'LAYER_DNP_CROSS_TOP': 'F.DNP', 'LAYER_DNP_CROSS_BOTTOM': 'B.DNP', 'FILT_FIELD_RENAME': 'field_rename', 'FILT_TP_ONLY': 'only_testpoints', 'FILT_TP_EXCLUDE': 'exclude_testpoints', 'FILT_TP_TOP_ONLY': 'only_testpoints_top', 'FILT_TP_BOTTOM_ONLY': 'only_testpoints_bottom', 'SCH_VARIANT_OUTPUT': 'value_split', 'NETLIST_OUTPUT': 'netlist', 'GERBER_OUTPUT': 'gbr_gerbers', 'ODB_OUTPUT': 'zip_odb', 'EXCELLON_DRILL_OUTPUT': 'drl_excellon', 'PDF_DRILL_MAP_OUTPUT': 'pdf_drill_map', 'DXF_DRILL_MAP_OUTPUT': 'dxf_drill_map', 'CSV_DRILL_TABLE_OUTPUT': 'csv_drill_table', 'CSV_POS_OUTPUT': 'csv_position', 'CSV_TP_OUTPUT': 'csv_testpoints', 'CSV_TP_TOP_OUTPUT': 'csv_testpoints_top', 'CSV_TP_BOTTOM_OUTPUT': 'csv_testpoints_bottom', 'CSV_BOM_OUTPUT': 'csv_bom', 'XLSX_BOM_OUTPUT': 'xlsx_bom', 'HTML_IBOM_OUTPUT': 'html_bom_interactive', 'HTML_BOM_OUTPUT': 'html_bom', 'CSV_COMP_COUNT_OUPUT': 'csv_comp_count', 'CSV_IMPEDANCE_TABLE_OUTPUT': 'csv_impedance_table', 'TXT_FAB_NOTES_OUTPUT': 'txt_fabrication_notes', 'TXT_ASSEMBLY_NOTES_OUTPUT': 'txt_assembly_notes', 'PNG_3D_VIEWER_TOP': 'png_3d_viewer_top', 'PNG_3D_VIEWER_BOTTOM': 'png_3d_viewer_bottom', 'PNG_3D_VIEWER_ANGLED_TOP': 'png_3d_viewer_angled_top', 'PNG_3D_VIEWER_ANGLED_BOTTOM': 'png_3d_viewer_angled_bottom', 'STEP_OUTPUT': 'step', 'BLENDER_OUTPUT': 'blender', 'PDF_SCHEMATIC_OUTPUT': 'pdf_schematic', 'PDF_FABRICATION_OUTPUT': 'pdf_fabrication', 'PDF_ASSEMBLY_OUTPUT': 'pdf_assembly', 'ZIP_COMPRESS_FAB_OUTPUT': 'zip_compress_fab', 'HTML_KICANVAS_OUTPUT': 'html_kicanvas', 'HTML_KIRI_OUTPUT': 'html_kiri', 'MD_README_OUTPUT': 'md_readme', 'HTML_NAV_RES_OUTPUT': 'html_navigate_results', 'NAME': 'only_testpoints_bottom', 'COMMENT': 'Select only bottom testpoints', 'EXCLUDE_TOP': True} (kibot - config_reader.py:662)
DEBUG:- Updated definitions: {'COMMENT': 'Select only bottom testpoints', 'NAME': 'only_testpoints_bottom', 'EXCLUDE_TOP': True, 'EXCLUDE_BOTTOM': False, 'EXCLUDE_REFS': '[MB*]', 'PROJECT_NAME': 'LE_V2', 'BOARD_NAME': 'LE_BMS_A_V2', 'COMPANY': 'Company Name', 'DESIGNER': 'Author', 'LOGO': 'Logos/dummy_logo.png', 'GIT_URL': 'https://github.com/nguyen-v/KDT_Hierarchical_KiBot', 'CHECK_ZONE_FILLS': False, 'STACKUP_TABLE_NOTE': 'external layer thicknesses are specified after plating', 'MPN_FIELD': 'Manufacturer Part Number', 'MAN_FIELD': 'Manufacturer', 'GROUP_ROUND_SLOTS': True, 'GROUP_PTH_NPTH': 'no', 'GROUP_PTH_NPTH_DRL': False, 'PLOT_REFS': True, 'COLOR_THEME': 'Altium_Theme', 'SHEET_WKS': '${KIPRJMOD}/Templates/KDT_Template_PCB_GIT_A4.kicad_wks', 'FAB_SCALING': 1, 'ASSEMBLY_SCALING': 1, '3D_VIEWER_ROT_X': 2, '3D_VIEWER_ROT_Y': -1, '3D_VIEWER_ROT_Z': 1, '3D_VIEWER_ZOOM': -1, 'KEY_COLOR': '#00FF00', 'OUTPUT_DIR': './', 'REPORT_DIR': 'Reports', 'SCHEMATIC_DIR': 'Schematic', 'MANUFACTURING_DIR': 'Manufacturing', 'ASSEMBLY_DIR': '@MANUFACTURING_DIR@/Assembly', 'FABRICATION_DIR': '@MANUFACTURING_DIR@/Fabrication', 'GERBERS_DIR': '@FABRICATION_DIR@/Gerbers', 'FAB_DRILL_TABLES_DIR': '@FABRICATION_DIR@/Drill Tables', 'TESTING_DIR': 'Testing', 'TESTPOINTS_DIR': '@TESTING_DIR@/Testpoints', 'IMAGES_DIR': 'Images', '3D_DIR': '3D', 'RESOURCES_DIR': 'kibot_resources', 'REPORT_TEMPLATE_DIR': '@RESOURCES_DIR@/templates', 'SCRIPTS_DIR': '@RESOURCES_DIR@/scripts', 'LAYER_TITLE_PAGE': 'TitlePage', 'LAYER_DNP_TOP': 'F.DNP', 'LAYER_DNP_BOTTOM': 'B.DNP', 'LAYER_DRILL_MAP': 'DrillMap', 'LAYER_TP_LIST_TOP': 'F.TestPointList', 'LAYER_TP_LIST_BOTTOM': 'B.TestPointList', 'LAYER_ASSEMBLY_TEXT_TOP': 'F.AssemblyText', 'LAYER_ASSEMBLY_TEXT_BOTTOM': 'B.AssemblyText', 'LAYER_DNP_CROSS_TOP': 'F.DNP', 'LAYER_DNP_CROSS_BOTTOM': 'B.DNP', 'FILT_FIELD_RENAME': 'field_rename', 'FILT_TP_ONLY': 'only_testpoints', 'FILT_TP_EXCLUDE': 'exclude_testpoints', 'FILT_TP_TOP_ONLY': 'only_testpoints_top', 'FILT_TP_BOTTOM_ONLY': 'only_testpoints_bottom', 'SCH_VARIANT_OUTPUT': 'value_split', 'NETLIST_OUTPUT': 'netlist', 'GERBER_OUTPUT': 'gbr_gerbers', 'ODB_OUTPUT': 'zip_odb', 'EXCELLON_DRILL_OUTPUT': 'drl_excellon', 'PDF_DRILL_MAP_OUTPUT': 'pdf_drill_map', 'DXF_DRILL_MAP_OUTPUT': 'dxf_drill_map', 'CSV_DRILL_TABLE_OUTPUT': 'csv_drill_table', 'CSV_POS_OUTPUT': 'csv_position', 'CSV_TP_OUTPUT': 'csv_testpoints', 'CSV_TP_TOP_OUTPUT': 'csv_testpoints_top', 'CSV_TP_BOTTOM_OUTPUT': 'csv_testpoints_bottom', 'CSV_BOM_OUTPUT': 'csv_bom', 'XLSX_BOM_OUTPUT': 'xlsx_bom', 'HTML_IBOM_OUTPUT': 'html_bom_interactive', 'HTML_BOM_OUTPUT': 'html_bom', 'CSV_COMP_COUNT_OUPUT': 'csv_comp_count', 'CSV_IMPEDANCE_TABLE_OUTPUT': 'csv_impedance_table', 'TXT_FAB_NOTES_OUTPUT': 'txt_fabrication_notes', 'TXT_ASSEMBLY_NOTES_OUTPUT': 'txt_assembly_notes', 'PNG_3D_VIEWER_TOP': 'png_3d_viewer_top', 'PNG_3D_VIEWER_BOTTOM': 'png_3d_viewer_bottom', 'PNG_3D_VIEWER_ANGLED_TOP': 'png_3d_viewer_angled_top', 'PNG_3D_VIEWER_ANGLED_BOTTOM': 'png_3d_viewer_angled_bottom', 'STEP_OUTPUT': 'step', 'BLENDER_OUTPUT': 'blender', 'PDF_SCHEMATIC_OUTPUT': 'pdf_schematic', 'PDF_FABRICATION_OUTPUT': 'pdf_fabrication', 'PDF_ASSEMBLY_OUTPUT': 'pdf_assembly', 'ZIP_COMPRESS_FAB_OUTPUT': 'zip_compress_fab', 'HTML_KICANVAS_OUTPUT': 'html_kicanvas', 'HTML_KIRI_OUTPUT': 'html_kiri', 'MD_README_OUTPUT': 'md_readme', 'HTML_NAV_RES_OUTPUT': 'html_navigate_results'} (kibot - config_reader.py:665)
DEBUG:Applying preprocessor definitions (kibot - config_reader.py:670)
DEBUG:- Applying CLI definitions: {} (kibot - config_reader.py:677)
DEBUG:- Applying collected definitions: {'COMMENT': 'Select only bottom testpoints', 'NAME': 'only_testpoints_bottom', 'EXCLUDE_TOP': True, 'EXCLUDE_BOTTOM': False, 'EXCLUDE_REFS': '[MB*]', 'PROJECT_NAME': 'LE_V2', 'BOARD_NAME': 'LE_BMS_A_V2', 'COMPANY': 'Company Name', 'DESIGNER': 'Author', 'LOGO': 'Logos/dummy_logo.png', 'GIT_URL': 'https://github.com/nguyen-v/KDT_Hierarchical_KiBot', 'CHECK_ZONE_FILLS': False, 'STACKUP_TABLE_NOTE': 'external layer thicknesses are specified after plating', 'MPN_FIELD': 'Manufacturer Part Number', 'MAN_FIELD': 'Manufacturer', 'GROUP_ROUND_SLOTS': True, 'GROUP_PTH_NPTH': 'no', 'GROUP_PTH_NPTH_DRL': False, 'PLOT_REFS': True, 'COLOR_THEME': 'Altium_Theme', 'SHEET_WKS': '${KIPRJMOD}/Templates/KDT_Template_PCB_GIT_A4.kicad_wks', 'FAB_SCALING': 1, 'ASSEMBLY_SCALING': 1, '3D_VIEWER_ROT_X': 2, '3D_VIEWER_ROT_Y': -1, '3D_VIEWER_ROT_Z': 1, '3D_VIEWER_ZOOM': -1, 'KEY_COLOR': '#00FF00', 'OUTPUT_DIR': './', 'REPORT_DIR': 'Reports', 'SCHEMATIC_DIR': 'Schematic', 'MANUFACTURING_DIR': 'Manufacturing', 'ASSEMBLY_DIR': '@MANUFACTURING_DIR@/Assembly', 'FABRICATION_DIR': '@MANUFACTURING_DIR@/Fabrication', 'GERBERS_DIR': '@FABRICATION_DIR@/Gerbers', 'FAB_DRILL_TABLES_DIR': '@FABRICATION_DIR@/Drill Tables', 'TESTING_DIR': 'Testing', 'TESTPOINTS_DIR': '@TESTING_DIR@/Testpoints', 'IMAGES_DIR': 'Images', '3D_DIR': '3D', 'RESOURCES_DIR': 'kibot_resources', 'REPORT_TEMPLATE_DIR': '@RESOURCES_DIR@/templates', 'SCRIPTS_DIR': '@RESOURCES_DIR@/scripts', 'LAYER_TITLE_PAGE': 'TitlePage', 'LAYER_DNP_TOP': 'F.DNP', 'LAYER_DNP_BOTTOM': 'B.DNP', 'LAYER_DRILL_MAP': 'DrillMap', 'LAYER_TP_LIST_TOP': 'F.TestPointList', 'LAYER_TP_LIST_BOTTOM': 'B.TestPointList', 'LAYER_ASSEMBLY_TEXT_TOP': 'F.AssemblyText', 'LAYER_ASSEMBLY_TEXT_BOTTOM': 'B.AssemblyText', 'LAYER_DNP_CROSS_TOP': 'F.DNP', 'LAYER_DNP_CROSS_BOTTOM': 'B.DNP', 'FILT_FIELD_RENAME': 'field_rename', 'FILT_TP_ONLY': 'only_testpoints', 'FILT_TP_EXCLUDE': 'exclude_testpoints', 'FILT_TP_TOP_ONLY': 'only_testpoints_top', 'FILT_TP_BOTTOM_ONLY': 'only_testpoints_bottom', 'SCH_VARIANT_OUTPUT': 'value_split', 'NETLIST_OUTPUT': 'netlist', 'GERBER_OUTPUT': 'gbr_gerbers', 'ODB_OUTPUT': 'zip_odb', 'EXCELLON_DRILL_OUTPUT': 'drl_excellon', 'PDF_DRILL_MAP_OUTPUT': 'pdf_drill_map', 'DXF_DRILL_MAP_OUTPUT': 'dxf_drill_map', 'CSV_DRILL_TABLE_OUTPUT': 'csv_drill_table', 'CSV_POS_OUTPUT': 'csv_position', 'CSV_TP_OUTPUT': 'csv_testpoints', 'CSV_TP_TOP_OUTPUT': 'csv_testpoints_top', 'CSV_TP_BOTTOM_OUTPUT': 'csv_testpoints_bottom', 'CSV_BOM_OUTPUT': 'csv_bom', 'XLSX_BOM_OUTPUT': 'xlsx_bom', 'HTML_IBOM_OUTPUT': 'html_bom_interactive', 'HTML_BOM_OUTPUT': 'html_bom', 'CSV_COMP_COUNT_OUPUT': 'csv_comp_count', 'CSV_IMPEDANCE_TABLE_OUTPUT': 'csv_impedance_table', 'TXT_FAB_NOTES_OUTPUT': 'txt_fabrication_notes', 'TXT_ASSEMBLY_NOTES_OUTPUT': 'txt_assembly_notes', 'PNG_3D_VIEWER_TOP': 'png_3d_viewer_top', 'PNG_3D_VIEWER_BOTTOM': 'png_3d_viewer_bottom', 'PNG_3D_VIEWER_ANGLED_TOP': 'png_3d_viewer_angled_top', 'PNG_3D_VIEWER_ANGLED_BOTTOM': 'png_3d_viewer_angled_bottom', 'STEP_OUTPUT': 'step', 'BLENDER_OUTPUT': 'blender', 'PDF_SCHEMATIC_OUTPUT': 'pdf_schematic', 'PDF_FABRICATION_OUTPUT': 'pdf_fabrication', 'PDF_ASSEMBLY_OUTPUT': 'pdf_assembly', 'ZIP_COMPRESS_FAB_OUTPUT': 'zip_compress_fab', 'HTML_KICANVAS_OUTPUT': 'html_kicanvas', 'HTML_KIRI_OUTPUT': 'html_kiri', 'MD_README_OUTPUT': 'md_readme', 'HTML_NAV_RES_OUTPUT': 'html_navigate_results'} (kibot - config_reader.py:680)
DEBUG:- Replacing @COMMENT@ -> Select only bottom testpoints (<class 'str'>) (kibot - config_reader.py:78)
DEBUG:- Replacing @NAME@ -> only_testpoints_bottom (<class 'str'>) (kibot - config_reader.py:78)
DEBUG:- Replacing @EXCLUDE_TOP@ -> true (<class 'str'>) (kibot - config_reader.py:78)
DEBUG:- Replacing @EXCLUDE_BOTTOM@ -> false (<class 'str'>) (kibot - config_reader.py:78)
DEBUG:- Replacing @EXCLUDE_REFS@ -> [MB*] (<class 'str'>) (kibot - config_reader.py:78)
DEBUG:- Applying CLI definitions: {} (kibot - config_reader.py:677)
DEBUG:- Applying collected definitions: {'COMMENT': 'Select only bottom testpoints', 'NAME': 'only_testpoints_bottom', 'EXCLUDE_TOP': True, 'EXCLUDE_BOTTOM': False, 'EXCLUDE_REFS': '[MB*]', 'PROJECT_NAME': 'LE_V2', 'BOARD_NAME': 'LE_BMS_A_V2', 'COMPANY': 'Company Name', 'DESIGNER': 'Author', 'LOGO': 'Logos/dummy_logo.png', 'GIT_URL': 'https://github.com/nguyen-v/KDT_Hierarchical_KiBot', 'CHECK_ZONE_FILLS': False, 'STACKUP_TABLE_NOTE': 'external layer thicknesses are specified after plating', 'MPN_FIELD': 'Manufacturer Part Number', 'MAN_FIELD': 'Manufacturer', 'GROUP_ROUND_SLOTS': True, 'GROUP_PTH_NPTH': 'no', 'GROUP_PTH_NPTH_DRL': False, 'PLOT_REFS': True, 'COLOR_THEME': 'Altium_Theme', 'SHEET_WKS': '${KIPRJMOD}/Templates/KDT_Template_PCB_GIT_A4.kicad_wks', 'FAB_SCALING': 1, 'ASSEMBLY_SCALING': 1, '3D_VIEWER_ROT_X': 2, '3D_VIEWER_ROT_Y': -1, '3D_VIEWER_ROT_Z': 1, '3D_VIEWER_ZOOM': -1, 'KEY_COLOR': '#00FF00', 'OUTPUT_DIR': './', 'REPORT_DIR': 'Reports', 'SCHEMATIC_DIR': 'Schematic', 'MANUFACTURING_DIR': 'Manufacturing', 'ASSEMBLY_DIR': '@MANUFACTURING_DIR@/Assembly', 'FABRICATION_DIR': '@MANUFACTURING_DIR@/Fabrication', 'GERBERS_DIR': '@FABRICATION_DIR@/Gerbers', 'FAB_DRILL_TABLES_DIR': '@FABRICATION_DIR@/Drill Tables', 'TESTING_DIR': 'Testing', 'TESTPOINTS_DIR': '@TESTING_DIR@/Testpoints', 'IMAGES_DIR': 'Images', '3D_DIR': '3D', 'RESOURCES_DIR': 'kibot_resources', 'REPORT_TEMPLATE_DIR': '@RESOURCES_DIR@/templates', 'SCRIPTS_DIR': '@RESOURCES_DIR@/scripts', 'LAYER_TITLE_PAGE': 'TitlePage', 'LAYER_DNP_TOP': 'F.DNP', 'LAYER_DNP_BOTTOM': 'B.DNP', 'LAYER_DRILL_MAP': 'DrillMap', 'LAYER_TP_LIST_TOP': 'F.TestPointList', 'LAYER_TP_LIST_BOTTOM': 'B.TestPointList', 'LAYER_ASSEMBLY_TEXT_TOP': 'F.AssemblyText', 'LAYER_ASSEMBLY_TEXT_BOTTOM': 'B.AssemblyText', 'LAYER_DNP_CROSS_TOP': 'F.DNP', 'LAYER_DNP_CROSS_BOTTOM': 'B.DNP', 'FILT_FIELD_RENAME': 'field_rename', 'FILT_TP_ONLY': 'only_testpoints', 'FILT_TP_EXCLUDE': 'exclude_testpoints', 'FILT_TP_TOP_ONLY': 'only_testpoints_top', 'FILT_TP_BOTTOM_ONLY': 'only_testpoints_bottom', 'SCH_VARIANT_OUTPUT': 'value_split', 'NETLIST_OUTPUT': 'netlist', 'GERBER_OUTPUT': 'gbr_gerbers', 'ODB_OUTPUT': 'zip_odb', 'EXCELLON_DRILL_OUTPUT': 'drl_excellon', 'PDF_DRILL_MAP_OUTPUT': 'pdf_drill_map', 'DXF_DRILL_MAP_OUTPUT': 'dxf_drill_map', 'CSV_DRILL_TABLE_OUTPUT': 'csv_drill_table', 'CSV_POS_OUTPUT': 'csv_position', 'CSV_TP_OUTPUT': 'csv_testpoints', 'CSV_TP_TOP_OUTPUT': 'csv_testpoints_top', 'CSV_TP_BOTTOM_OUTPUT': 'csv_testpoints_bottom', 'CSV_BOM_OUTPUT': 'csv_bom', 'XLSX_BOM_OUTPUT': 'xlsx_bom', 'HTML_IBOM_OUTPUT': 'html_bom_interactive', 'HTML_BOM_OUTPUT': 'html_bom', 'CSV_COMP_COUNT_OUPUT': 'csv_comp_count', 'CSV_IMPEDANCE_TABLE_OUTPUT': 'csv_impedance_table', 'TXT_FAB_NOTES_OUTPUT': 'txt_fabrication_notes', 'TXT_ASSEMBLY_NOTES_OUTPUT': 'txt_assembly_notes', 'PNG_3D_VIEWER_TOP': 'png_3d_viewer_top', 'PNG_3D_VIEWER_BOTTOM': 'png_3d_viewer_bottom', 'PNG_3D_VIEWER_ANGLED_TOP': 'png_3d_viewer_angled_top', 'PNG_3D_VIEWER_ANGLED_BOTTOM': 'png_3d_viewer_angled_bottom', 'STEP_OUTPUT': 'step', 'BLENDER_OUTPUT': 'blender', 'PDF_SCHEMATIC_OUTPUT': 'pdf_schematic', 'PDF_FABRICATION_OUTPUT': 'pdf_fabrication', 'PDF_ASSEMBLY_OUTPUT': 'pdf_assembly', 'ZIP_COMPRESS_FAB_OUTPUT': 'zip_compress_fab', 'HTML_KICANVAS_OUTPUT': 'html_kicanvas', 'HTML_KIRI_OUTPUT': 'html_kiri', 'MD_README_OUTPUT': 'md_readme', 'HTML_NAV_RES_OUTPUT': 'html_navigate_results'} (kibot - config_reader.py:680)
DEBUG:YAML after expanding definitions:
# KiBot Filter for testpoints
# These filters are used for multiple outputs to highlight testpoints
# or generate testpoint lists for top and bottom layers

kibot:
  version: 1

filters:
  - name: 'only_testpoints_bottom'
    comment: 'Select only bottom testpoints'
    type: generic
    exclude_top: true
    exclude_bottom: false
    include_only:
      - column: Reference
        regex: "TP"
    exclude_refs: [MB*]

 (kibot - config_reader.py:686)
DEBUG:Parsing filter `only_testpoints_bottom` (generic) (kibot - config_reader.py:252)
DEBUG:Configuring from default: exclude_any -> [] (kibot - optionable.py:377)
DEBUG:Configuring from default: keys -> ['dnf_list'] (kibot - optionable.py:377)
DEBUG:Filters loaded from `kibot_yaml/kibot_filt_testpoints.yaml`: dict_keys(['only_testpoints_bottom']) (kibot - config_reader.py:408)
DEBUG:Found local definitions (kibot - config_reader.py:651)
DEBUG:- Local definitions: {'PROJECT_NAME': '', 'BOARD_NAME': '', 'COMPANY': '', 'DESIGNER': '', 'REVISION': '', 'RELEASE_DATE': '', 'RELEASE_DATE_NUM': '', 'GIT_URL': '', 'SHEET_NAME_VAR': 'SHEET_NAME_', 'RELEASE_TITLE_VAR': 'RELEASE_TITLE_', 'RELEASE_BODY_VAR': 'RELEASE_BODY_', 'SCRIPTS_DIR': 'kibot_resources/scripts', 'GET_SHEET_CMD': 'python3 @SCRIPTS_DIR@/get_sheet_title.py -f "${KIBOT_SCH_NAME%.kicad_sch}.xml" --dots-number 38 -p', 'GET_TITLE_CMD': 'python3 @SCRIPTS_DIR@/get_changelog.py -f CHANGELOG.md --title-only --version', 'GET_BODY_CMD': 'python3 @SCRIPTS_DIR@/get_changelog.py -f CHANGELOG.md --extra-spaces --separators 35 --version', 'FABRICATION_DIR': 'Manufacturing/Fabrication', 'ASSEMBLY_DIR': 'Manufacturing/Assembly'} (kibot - config_reader.py:661)
DEBUG:- Current definitions: {'PROJECT_NAME': 'LE_V2', 'BOARD_NAME': 'LE_BMS_A_V2', 'COMPANY': 'Company Name', 'DESIGNER': 'Author', 'LOGO': 'Logos/dummy_logo.png', 'GIT_URL': 'https://github.com/nguyen-v/KDT_Hierarchical_KiBot', 'CHECK_ZONE_FILLS': False, 'STACKUP_TABLE_NOTE': 'external layer thicknesses are specified after plating', 'MPN_FIELD': 'Manufacturer Part Number', 'MAN_FIELD': 'Manufacturer', 'GROUP_ROUND_SLOTS': True, 'GROUP_PTH_NPTH': 'no', 'GROUP_PTH_NPTH_DRL': False, 'PLOT_REFS': True, 'COLOR_THEME': 'Altium_Theme', 'SHEET_WKS': '${KIPRJMOD}/Templates/KDT_Template_PCB_GIT_A4.kicad_wks', 'FAB_SCALING': 1, 'ASSEMBLY_SCALING': 1, 'EXCLUDE_REFS': '[MB*]', '3D_VIEWER_ROT_X': 2, '3D_VIEWER_ROT_Y': -1, '3D_VIEWER_ROT_Z': 1, '3D_VIEWER_ZOOM': -1, 'KEY_COLOR': '#00FF00', 'OUTPUT_DIR': './', 'REPORT_DIR': 'Reports', 'SCHEMATIC_DIR': 'Schematic', 'MANUFACTURING_DIR': 'Manufacturing', 'ASSEMBLY_DIR': 'Manufacturing/Assembly', 'FABRICATION_DIR': 'Manufacturing/Fabrication', 'GERBERS_DIR': '@FABRICATION_DIR@/Gerbers', 'FAB_DRILL_TABLES_DIR': '@FABRICATION_DIR@/Drill Tables', 'TESTING_DIR': 'Testing', 'TESTPOINTS_DIR': '@TESTING_DIR@/Testpoints', 'IMAGES_DIR': 'Images', '3D_DIR': '3D', 'RESOURCES_DIR': 'kibot_resources', 'REPORT_TEMPLATE_DIR': '@RESOURCES_DIR@/templates', 'SCRIPTS_DIR': 'kibot_resources/scripts', 'LAYER_TITLE_PAGE': 'TitlePage', 'LAYER_DNP_TOP': 'F.DNP', 'LAYER_DNP_BOTTOM': 'B.DNP', 'LAYER_DRILL_MAP': 'DrillMap', 'LAYER_TP_LIST_TOP': 'F.TestPointList', 'LAYER_TP_LIST_BOTTOM': 'B.TestPointList', 'LAYER_ASSEMBLY_TEXT_TOP': 'F.AssemblyText', 'LAYER_ASSEMBLY_TEXT_BOTTOM': 'B.AssemblyText', 'LAYER_DNP_CROSS_TOP': 'F.DNP', 'LAYER_DNP_CROSS_BOTTOM': 'B.DNP', 'FILT_FIELD_RENAME': 'field_rename', 'FILT_TP_ONLY': 'only_testpoints', 'FILT_TP_EXCLUDE': 'exclude_testpoints', 'FILT_TP_TOP_ONLY': 'only_testpoints_top', 'FILT_TP_BOTTOM_ONLY': 'only_testpoints_bottom', 'SCH_VARIANT_OUTPUT': 'value_split', 'NETLIST_OUTPUT': 'netlist', 'GERBER_OUTPUT': 'gbr_gerbers', 'ODB_OUTPUT': 'zip_odb', 'EXCELLON_DRILL_OUTPUT': 'drl_excellon', 'PDF_DRILL_MAP_OUTPUT': 'pdf_drill_map', 'DXF_DRILL_MAP_OUTPUT': 'dxf_drill_map', 'CSV_DRILL_TABLE_OUTPUT': 'csv_drill_table', 'CSV_POS_OUTPUT': 'csv_position', 'CSV_TP_OUTPUT': 'csv_testpoints', 'CSV_TP_TOP_OUTPUT': 'csv_testpoints_top', 'CSV_TP_BOTTOM_OUTPUT': 'csv_testpoints_bottom', 'CSV_BOM_OUTPUT': 'csv_bom', 'XLSX_BOM_OUTPUT': 'xlsx_bom', 'HTML_IBOM_OUTPUT': 'html_bom_interactive', 'HTML_BOM_OUTPUT': 'html_bom', 'CSV_COMP_COUNT_OUPUT': 'csv_comp_count', 'CSV_IMPEDANCE_TABLE_OUTPUT': 'csv_impedance_table', 'TXT_FAB_NOTES_OUTPUT': 'txt_fabrication_notes', 'TXT_ASSEMBLY_NOTES_OUTPUT': 'txt_assembly_notes', 'PNG_3D_VIEWER_TOP': 'png_3d_viewer_top', 'PNG_3D_VIEWER_BOTTOM': 'png_3d_viewer_bottom', 'PNG_3D_VIEWER_ANGLED_TOP': 'png_3d_viewer_angled_top', 'PNG_3D_VIEWER_ANGLED_BOTTOM': 'png_3d_viewer_angled_bottom', 'STEP_OUTPUT': 'step', 'BLENDER_OUTPUT': 'blender', 'PDF_SCHEMATIC_OUTPUT': 'pdf_schematic', 'PDF_FABRICATION_OUTPUT': 'pdf_fabrication', 'PDF_ASSEMBLY_OUTPUT': 'pdf_assembly', 'ZIP_COMPRESS_FAB_OUTPUT': 'zip_compress_fab', 'HTML_KICANVAS_OUTPUT': 'html_kicanvas', 'HTML_KIRI_OUTPUT': 'html_kiri', 'MD_README_OUTPUT': 'md_readme', 'HTML_NAV_RES_OUTPUT': 'html_navigate_results'} (kibot - config_reader.py:662)
DEBUG:- Updated definitions: {'PROJECT_NAME': 'LE_V2', 'BOARD_NAME': 'LE_BMS_A_V2', 'COMPANY': 'Company Name', 'DESIGNER': 'Author', 'REVISION': '', 'RELEASE_DATE': '', 'RELEASE_DATE_NUM': '', 'GIT_URL': 'https://github.com/nguyen-v/KDT_Hierarchical_KiBot', 'SHEET_NAME_VAR': 'SHEET_NAME_', 'RELEASE_TITLE_VAR': 'RELEASE_TITLE_', 'RELEASE_BODY_VAR': 'RELEASE_BODY_', 'SCRIPTS_DIR': 'kibot_resources/scripts', 'GET_SHEET_CMD': 'python3 @SCRIPTS_DIR@/get_sheet_title.py -f "${KIBOT_SCH_NAME%.kicad_sch}.xml" --dots-number 38 -p', 'GET_TITLE_CMD': 'python3 @SCRIPTS_DIR@/get_changelog.py -f CHANGELOG.md --title-only --version', 'GET_BODY_CMD': 'python3 @SCRIPTS_DIR@/get_changelog.py -f CHANGELOG.md --extra-spaces --separators 35 --version', 'FABRICATION_DIR': 'Manufacturing/Fabrication', 'ASSEMBLY_DIR': 'Manufacturing/Assembly', 'LOGO': 'Logos/dummy_logo.png', 'CHECK_ZONE_FILLS': False, 'STACKUP_TABLE_NOTE': 'external layer thicknesses are specified after plating', 'MPN_FIELD': 'Manufacturer Part Number', 'MAN_FIELD': 'Manufacturer', 'GROUP_ROUND_SLOTS': True, 'GROUP_PTH_NPTH': 'no', 'GROUP_PTH_NPTH_DRL': False, 'PLOT_REFS': True, 'COLOR_THEME': 'Altium_Theme', 'SHEET_WKS': '${KIPRJMOD}/Templates/KDT_Template_PCB_GIT_A4.kicad_wks', 'FAB_SCALING': 1, 'ASSEMBLY_SCALING': 1, 'EXCLUDE_REFS': '[MB*]', '3D_VIEWER_ROT_X': 2, '3D_VIEWER_ROT_Y': -1, '3D_VIEWER_ROT_Z': 1, '3D_VIEWER_ZOOM': -1, 'KEY_COLOR': '#00FF00', 'OUTPUT_DIR': './', 'REPORT_DIR': 'Reports', 'SCHEMATIC_DIR': 'Schematic', 'MANUFACTURING_DIR': 'Manufacturing', 'GERBERS_DIR': '@FABRICATION_DIR@/Gerbers', 'FAB_DRILL_TABLES_DIR': '@FABRICATION_DIR@/Drill Tables', 'TESTING_DIR': 'Testing', 'TESTPOINTS_DIR': '@TESTING_DIR@/Testpoints', 'IMAGES_DIR': 'Images', '3D_DIR': '3D', 'RESOURCES_DIR': 'kibot_resources', 'REPORT_TEMPLATE_DIR': '@RESOURCES_DIR@/templates', 'LAYER_TITLE_PAGE': 'TitlePage', 'LAYER_DNP_TOP': 'F.DNP', 'LAYER_DNP_BOTTOM': 'B.DNP', 'LAYER_DRILL_MAP': 'DrillMap', 'LAYER_TP_LIST_TOP': 'F.TestPointList', 'LAYER_TP_LIST_BOTTOM': 'B.TestPointList', 'LAYER_ASSEMBLY_TEXT_TOP': 'F.AssemblyText', 'LAYER_ASSEMBLY_TEXT_BOTTOM': 'B.AssemblyText', 'LAYER_DNP_CROSS_TOP': 'F.DNP', 'LAYER_DNP_CROSS_BOTTOM': 'B.DNP', 'FILT_FIELD_RENAME': 'field_rename', 'FILT_TP_ONLY': 'only_testpoints', 'FILT_TP_EXCLUDE': 'exclude_testpoints', 'FILT_TP_TOP_ONLY': 'only_testpoints_top', 'FILT_TP_BOTTOM_ONLY': 'only_testpoints_bottom', 'SCH_VARIANT_OUTPUT': 'value_split', 'NETLIST_OUTPUT': 'netlist', 'GERBER_OUTPUT': 'gbr_gerbers', 'ODB_OUTPUT': 'zip_odb', 'EXCELLON_DRILL_OUTPUT': 'drl_excellon', 'PDF_DRILL_MAP_OUTPUT': 'pdf_drill_map', 'DXF_DRILL_MAP_OUTPUT': 'dxf_drill_map', 'CSV_DRILL_TABLE_OUTPUT': 'csv_drill_table', 'CSV_POS_OUTPUT': 'csv_position', 'CSV_TP_OUTPUT': 'csv_testpoints', 'CSV_TP_TOP_OUTPUT': 'csv_testpoints_top', 'CSV_TP_BOTTOM_OUTPUT': 'csv_testpoints_bottom', 'CSV_BOM_OUTPUT': 'csv_bom', 'XLSX_BOM_OUTPUT': 'xlsx_bom', 'HTML_IBOM_OUTPUT': 'html_bom_interactive', 'HTML_BOM_OUTPUT': 'html_bom', 'CSV_COMP_COUNT_OUPUT': 'csv_comp_count', 'CSV_IMPEDANCE_TABLE_OUTPUT': 'csv_impedance_table', 'TXT_FAB_NOTES_OUTPUT': 'txt_fabrication_notes', 'TXT_ASSEMBLY_NOTES_OUTPUT': 'txt_assembly_notes', 'PNG_3D_VIEWER_TOP': 'png_3d_viewer_top', 'PNG_3D_VIEWER_BOTTOM': 'png_3d_viewer_bottom', 'PNG_3D_VIEWER_ANGLED_TOP': 'png_3d_viewer_angled_top', 'PNG_3D_VIEWER_ANGLED_BOTTOM': 'png_3d_viewer_angled_bottom', 'STEP_OUTPUT': 'step', 'BLENDER_OUTPUT': 'blender', 'PDF_SCHEMATIC_OUTPUT': 'pdf_schematic', 'PDF_FABRICATION_OUTPUT': 'pdf_fabrication', 'PDF_ASSEMBLY_OUTPUT': 'pdf_assembly', 'ZIP_COMPRESS_FAB_OUTPUT': 'zip_compress_fab', 'HTML_KICANVAS_OUTPUT': 'html_kicanvas', 'HTML_KIRI_OUTPUT': 'html_kiri', 'MD_README_OUTPUT': 'md_readme', 'HTML_NAV_RES_OUTPUT': 'html_navigate_results'} (kibot - config_reader.py:665)
DEBUG:Applying preprocessor definitions (kibot - config_reader.py:670)
DEBUG:- Applying CLI definitions: {} (kibot - config_reader.py:677)
DEBUG:- Applying collected definitions: {'PROJECT_NAME': 'LE_V2', 'BOARD_NAME': 'LE_BMS_A_V2', 'COMPANY': 'Company Name', 'DESIGNER': 'Author', 'REVISION': '', 'RELEASE_DATE': '', 'RELEASE_DATE_NUM': '', 'GIT_URL': 'https://github.com/nguyen-v/KDT_Hierarchical_KiBot', 'SHEET_NAME_VAR': 'SHEET_NAME_', 'RELEASE_TITLE_VAR': 'RELEASE_TITLE_', 'RELEASE_BODY_VAR': 'RELEASE_BODY_', 'SCRIPTS_DIR': 'kibot_resources/scripts', 'GET_SHEET_CMD': 'python3 @SCRIPTS_DIR@/get_sheet_title.py -f "${KIBOT_SCH_NAME%.kicad_sch}.xml" --dots-number 38 -p', 'GET_TITLE_CMD': 'python3 @SCRIPTS_DIR@/get_changelog.py -f CHANGELOG.md --title-only --version', 'GET_BODY_CMD': 'python3 @SCRIPTS_DIR@/get_changelog.py -f CHANGELOG.md --extra-spaces --separators 35 --version', 'FABRICATION_DIR': 'Manufacturing/Fabrication', 'ASSEMBLY_DIR': 'Manufacturing/Assembly', 'LOGO': 'Logos/dummy_logo.png', 'CHECK_ZONE_FILLS': False, 'STACKUP_TABLE_NOTE': 'external layer thicknesses are specified after plating', 'MPN_FIELD': 'Manufacturer Part Number', 'MAN_FIELD': 'Manufacturer', 'GROUP_ROUND_SLOTS': True, 'GROUP_PTH_NPTH': 'no', 'GROUP_PTH_NPTH_DRL': False, 'PLOT_REFS': True, 'COLOR_THEME': 'Altium_Theme', 'SHEET_WKS': '${KIPRJMOD}/Templates/KDT_Template_PCB_GIT_A4.kicad_wks', 'FAB_SCALING': 1, 'ASSEMBLY_SCALING': 1, 'EXCLUDE_REFS': '[MB*]', '3D_VIEWER_ROT_X': 2, '3D_VIEWER_ROT_Y': -1, '3D_VIEWER_ROT_Z': 1, '3D_VIEWER_ZOOM': -1, 'KEY_COLOR': '#00FF00', 'OUTPUT_DIR': './', 'REPORT_DIR': 'Reports', 'SCHEMATIC_DIR': 'Schematic', 'MANUFACTURING_DIR': 'Manufacturing', 'GERBERS_DIR': '@FABRICATION_DIR@/Gerbers', 'FAB_DRILL_TABLES_DIR': '@FABRICATION_DIR@/Drill Tables', 'TESTING_DIR': 'Testing', 'TESTPOINTS_DIR': '@TESTING_DIR@/Testpoints', 'IMAGES_DIR': 'Images', '3D_DIR': '3D', 'RESOURCES_DIR': 'kibot_resources', 'REPORT_TEMPLATE_DIR': '@RESOURCES_DIR@/templates', 'LAYER_TITLE_PAGE': 'TitlePage', 'LAYER_DNP_TOP': 'F.DNP', 'LAYER_DNP_BOTTOM': 'B.DNP', 'LAYER_DRILL_MAP': 'DrillMap', 'LAYER_TP_LIST_TOP': 'F.TestPointList', 'LAYER_TP_LIST_BOTTOM': 'B.TestPointList', 'LAYER_ASSEMBLY_TEXT_TOP': 'F.AssemblyText', 'LAYER_ASSEMBLY_TEXT_BOTTOM': 'B.AssemblyText', 'LAYER_DNP_CROSS_TOP': 'F.DNP', 'LAYER_DNP_CROSS_BOTTOM': 'B.DNP', 'FILT_FIELD_RENAME': 'field_rename', 'FILT_TP_ONLY': 'only_testpoints', 'FILT_TP_EXCLUDE': 'exclude_testpoints', 'FILT_TP_TOP_ONLY': 'only_testpoints_top', 'FILT_TP_BOTTOM_ONLY': 'only_testpoints_bottom', 'SCH_VARIANT_OUTPUT': 'value_split', 'NETLIST_OUTPUT': 'netlist', 'GERBER_OUTPUT': 'gbr_gerbers', 'ODB_OUTPUT': 'zip_odb', 'EXCELLON_DRILL_OUTPUT': 'drl_excellon', 'PDF_DRILL_MAP_OUTPUT': 'pdf_drill_map', 'DXF_DRILL_MAP_OUTPUT': 'dxf_drill_map', 'CSV_DRILL_TABLE_OUTPUT': 'csv_drill_table', 'CSV_POS_OUTPUT': 'csv_position', 'CSV_TP_OUTPUT': 'csv_testpoints', 'CSV_TP_TOP_OUTPUT': 'csv_testpoints_top', 'CSV_TP_BOTTOM_OUTPUT': 'csv_testpoints_bottom', 'CSV_BOM_OUTPUT': 'csv_bom', 'XLSX_BOM_OUTPUT': 'xlsx_bom', 'HTML_IBOM_OUTPUT': 'html_bom_interactive', 'HTML_BOM_OUTPUT': 'html_bom', 'CSV_COMP_COUNT_OUPUT': 'csv_comp_count', 'CSV_IMPEDANCE_TABLE_OUTPUT': 'csv_impedance_table', 'TXT_FAB_NOTES_OUTPUT': 'txt_fabrication_notes', 'TXT_ASSEMBLY_NOTES_OUTPUT': 'txt_assembly_notes', 'PNG_3D_VIEWER_TOP': 'png_3d_viewer_top', 'PNG_3D_VIEWER_BOTTOM': 'png_3d_viewer_bottom', 'PNG_3D_VIEWER_ANGLED_TOP': 'png_3d_viewer_angled_top', 'PNG_3D_VIEWER_ANGLED_BOTTOM': 'png_3d_viewer_angled_bottom', 'STEP_OUTPUT': 'step', 'BLENDER_OUTPUT': 'blender', 'PDF_SCHEMATIC_OUTPUT': 'pdf_schematic', 'PDF_FABRICATION_OUTPUT': 'pdf_fabrication', 'PDF_ASSEMBLY_OUTPUT': 'pdf_assembly', 'ZIP_COMPRESS_FAB_OUTPUT': 'zip_compress_fab', 'HTML_KICANVAS_OUTPUT': 'html_kicanvas', 'HTML_KIRI_OUTPUT': 'html_kiri', 'MD_README_OUTPUT': 'md_readme', 'HTML_NAV_RES_OUTPUT': 'html_navigate_results'} (kibot - config_reader.py:680)
DEBUG:- Replacing @PROJECT_NAME@ -> LE_V2 (<class 'str'>) (kibot - config_reader.py:78)
DEBUG:- Replacing @BOARD_NAME@ -> LE_BMS_A_V2 (<class 'str'>) (kibot - config_reader.py:78)
DEBUG:- Replacing @COMPANY@ -> Company Name (<class 'str'>) (kibot - config_reader.py:78)
DEBUG:- Replacing @DESIGNER@ -> Author (<class 'str'>) (kibot - config_reader.py:78)
DEBUG:- Replacing @REVISION@ ->  (<class 'str'>) (kibot - config_reader.py:78)
DEBUG:- Replacing @GIT_URL@ -> https://github.com/nguyen-v/KDT_Hierarchical_KiBot (<class 'str'>) (kibot - config_reader.py:78)
DEBUG:- Replacing @SHEET_NAME_VAR@ -> SHEET_NAME_ (<class 'str'>) (kibot - config_reader.py:78)
DEBUG:- Replacing @RELEASE_TITLE_VAR@ -> RELEASE_TITLE_ (<class 'str'>) (kibot - config_reader.py:78)
DEBUG:- Replacing @RELEASE_BODY_VAR@ -> RELEASE_BODY_ (<class 'str'>) (kibot - config_reader.py:78)
DEBUG:- Replacing @GET_SHEET_CMD@ -> python3 @SCRIPTS_DIR@/get_sheet_title.py -f "${KIBOT_SCH_NAME%.kicad_sch}.xml" --dots-number 38 -p (<class 'str'>) (kibot - config_reader.py:78)
DEBUG:- Replacing @GET_TITLE_CMD@ -> python3 @SCRIPTS_DIR@/get_changelog.py -f CHANGELOG.md --title-only --version (<class 'str'>) (kibot - config_reader.py:78)
DEBUG:- Replacing @GET_BODY_CMD@ -> python3 @SCRIPTS_DIR@/get_changelog.py -f CHANGELOG.md --extra-spaces --separators 35 --version (<class 'str'>) (kibot - config_reader.py:78)
DEBUG:- Replacing @FABRICATION_DIR@ -> Manufacturing/Fabrication (<class 'str'>) (kibot - config_reader.py:78)
DEBUG:- Replacing @ASSEMBLY_DIR@ -> Manufacturing/Assembly (<class 'str'>) (kibot - config_reader.py:78)
DEBUG:- Applying CLI definitions: {} (kibot - config_reader.py:677)
DEBUG:- Applying collected definitions: {'PROJECT_NAME': 'LE_V2', 'BOARD_NAME': 'LE_BMS_A_V2', 'COMPANY': 'Company Name', 'DESIGNER': 'Author', 'REVISION': '', 'RELEASE_DATE': '', 'RELEASE_DATE_NUM': '', 'GIT_URL': 'https://github.com/nguyen-v/KDT_Hierarchical_KiBot', 'SHEET_NAME_VAR': 'SHEET_NAME_', 'RELEASE_TITLE_VAR': 'RELEASE_TITLE_', 'RELEASE_BODY_VAR': 'RELEASE_BODY_', 'SCRIPTS_DIR': 'kibot_resources/scripts', 'GET_SHEET_CMD': 'python3 @SCRIPTS_DIR@/get_sheet_title.py -f "${KIBOT_SCH_NAME%.kicad_sch}.xml" --dots-number 38 -p', 'GET_TITLE_CMD': 'python3 @SCRIPTS_DIR@/get_changelog.py -f CHANGELOG.md --title-only --version', 'GET_BODY_CMD': 'python3 @SCRIPTS_DIR@/get_changelog.py -f CHANGELOG.md --extra-spaces --separators 35 --version', 'FABRICATION_DIR': 'Manufacturing/Fabrication', 'ASSEMBLY_DIR': 'Manufacturing/Assembly', 'LOGO': 'Logos/dummy_logo.png', 'CHECK_ZONE_FILLS': False, 'STACKUP_TABLE_NOTE': 'external layer thicknesses are specified after plating', 'MPN_FIELD': 'Manufacturer Part Number', 'MAN_FIELD': 'Manufacturer', 'GROUP_ROUND_SLOTS': True, 'GROUP_PTH_NPTH': 'no', 'GROUP_PTH_NPTH_DRL': False, 'PLOT_REFS': True, 'COLOR_THEME': 'Altium_Theme', 'SHEET_WKS': '${KIPRJMOD}/Templates/KDT_Template_PCB_GIT_A4.kicad_wks', 'FAB_SCALING': 1, 'ASSEMBLY_SCALING': 1, 'EXCLUDE_REFS': '[MB*]', '3D_VIEWER_ROT_X': 2, '3D_VIEWER_ROT_Y': -1, '3D_VIEWER_ROT_Z': 1, '3D_VIEWER_ZOOM': -1, 'KEY_COLOR': '#00FF00', 'OUTPUT_DIR': './', 'REPORT_DIR': 'Reports', 'SCHEMATIC_DIR': 'Schematic', 'MANUFACTURING_DIR': 'Manufacturing', 'GERBERS_DIR': '@FABRICATION_DIR@/Gerbers', 'FAB_DRILL_TABLES_DIR': '@FABRICATION_DIR@/Drill Tables', 'TESTING_DIR': 'Testing', 'TESTPOINTS_DIR': '@TESTING_DIR@/Testpoints', 'IMAGES_DIR': 'Images', '3D_DIR': '3D', 'RESOURCES_DIR': 'kibot_resources', 'REPORT_TEMPLATE_DIR': '@RESOURCES_DIR@/templates', 'LAYER_TITLE_PAGE': 'TitlePage', 'LAYER_DNP_TOP': 'F.DNP', 'LAYER_DNP_BOTTOM': 'B.DNP', 'LAYER_DRILL_MAP': 'DrillMap', 'LAYER_TP_LIST_TOP': 'F.TestPointList', 'LAYER_TP_LIST_BOTTOM': 'B.TestPointList', 'LAYER_ASSEMBLY_TEXT_TOP': 'F.AssemblyText', 'LAYER_ASSEMBLY_TEXT_BOTTOM': 'B.AssemblyText', 'LAYER_DNP_CROSS_TOP': 'F.DNP', 'LAYER_DNP_CROSS_BOTTOM': 'B.DNP', 'FILT_FIELD_RENAME': 'field_rename', 'FILT_TP_ONLY': 'only_testpoints', 'FILT_TP_EXCLUDE': 'exclude_testpoints', 'FILT_TP_TOP_ONLY': 'only_testpoints_top', 'FILT_TP_BOTTOM_ONLY': 'only_testpoints_bottom', 'SCH_VARIANT_OUTPUT': 'value_split', 'NETLIST_OUTPUT': 'netlist', 'GERBER_OUTPUT': 'gbr_gerbers', 'ODB_OUTPUT': 'zip_odb', 'EXCELLON_DRILL_OUTPUT': 'drl_excellon', 'PDF_DRILL_MAP_OUTPUT': 'pdf_drill_map', 'DXF_DRILL_MAP_OUTPUT': 'dxf_drill_map', 'CSV_DRILL_TABLE_OUTPUT': 'csv_drill_table', 'CSV_POS_OUTPUT': 'csv_position', 'CSV_TP_OUTPUT': 'csv_testpoints', 'CSV_TP_TOP_OUTPUT': 'csv_testpoints_top', 'CSV_TP_BOTTOM_OUTPUT': 'csv_testpoints_bottom', 'CSV_BOM_OUTPUT': 'csv_bom', 'XLSX_BOM_OUTPUT': 'xlsx_bom', 'HTML_IBOM_OUTPUT': 'html_bom_interactive', 'HTML_BOM_OUTPUT': 'html_bom', 'CSV_COMP_COUNT_OUPUT': 'csv_comp_count', 'CSV_IMPEDANCE_TABLE_OUTPUT': 'csv_impedance_table', 'TXT_FAB_NOTES_OUTPUT': 'txt_fabrication_notes', 'TXT_ASSEMBLY_NOTES_OUTPUT': 'txt_assembly_notes', 'PNG_3D_VIEWER_TOP': 'png_3d_viewer_top', 'PNG_3D_VIEWER_BOTTOM': 'png_3d_viewer_bottom', 'PNG_3D_VIEWER_ANGLED_TOP': 'png_3d_viewer_angled_top', 'PNG_3D_VIEWER_ANGLED_BOTTOM': 'png_3d_viewer_angled_bottom', 'STEP_OUTPUT': 'step', 'BLENDER_OUTPUT': 'blender', 'PDF_SCHEMATIC_OUTPUT': 'pdf_schematic', 'PDF_FABRICATION_OUTPUT': 'pdf_fabrication', 'PDF_ASSEMBLY_OUTPUT': 'pdf_assembly', 'ZIP_COMPRESS_FAB_OUTPUT': 'zip_compress_fab', 'HTML_KICANVAS_OUTPUT': 'html_kicanvas', 'HTML_KIRI_OUTPUT': 'html_kiri', 'MD_README_OUTPUT': 'md_readme', 'HTML_NAV_RES_OUTPUT': 'html_navigate_results'} (kibot - config_reader.py:680)
DEBUG:- Replacing @SCRIPTS_DIR@ -> kibot_resources/scripts (<class 'str'>) (kibot - config_reader.py:78)
DEBUG:- Applying CLI definitions: {} (kibot - config_reader.py:677)
DEBUG:- Applying collected definitions: {'PROJECT_NAME': 'LE_V2', 'BOARD_NAME': 'LE_BMS_A_V2', 'COMPANY': 'Company Name', 'DESIGNER': 'Author', 'REVISION': '', 'RELEASE_DATE': '', 'RELEASE_DATE_NUM': '', 'GIT_URL': 'https://github.com/nguyen-v/KDT_Hierarchical_KiBot', 'SHEET_NAME_VAR': 'SHEET_NAME_', 'RELEASE_TITLE_VAR': 'RELEASE_TITLE_', 'RELEASE_BODY_VAR': 'RELEASE_BODY_', 'SCRIPTS_DIR': 'kibot_resources/scripts', 'GET_SHEET_CMD': 'python3 @SCRIPTS_DIR@/get_sheet_title.py -f "${KIBOT_SCH_NAME%.kicad_sch}.xml" --dots-number 38 -p', 'GET_TITLE_CMD': 'python3 @SCRIPTS_DIR@/get_changelog.py -f CHANGELOG.md --title-only --version', 'GET_BODY_CMD': 'python3 @SCRIPTS_DIR@/get_changelog.py -f CHANGELOG.md --extra-spaces --separators 35 --version', 'FABRICATION_DIR': 'Manufacturing/Fabrication', 'ASSEMBLY_DIR': 'Manufacturing/Assembly', 'LOGO': 'Logos/dummy_logo.png', 'CHECK_ZONE_FILLS': False, 'STACKUP_TABLE_NOTE': 'external layer thicknesses are specified after plating', 'MPN_FIELD': 'Manufacturer Part Number', 'MAN_FIELD': 'Manufacturer', 'GROUP_ROUND_SLOTS': True, 'GROUP_PTH_NPTH': 'no', 'GROUP_PTH_NPTH_DRL': False, 'PLOT_REFS': True, 'COLOR_THEME': 'Altium_Theme', 'SHEET_WKS': '${KIPRJMOD}/Templates/KDT_Template_PCB_GIT_A4.kicad_wks', 'FAB_SCALING': 1, 'ASSEMBLY_SCALING': 1, 'EXCLUDE_REFS': '[MB*]', '3D_VIEWER_ROT_X': 2, '3D_VIEWER_ROT_Y': -1, '3D_VIEWER_ROT_Z': 1, '3D_VIEWER_ZOOM': -1, 'KEY_COLOR': '#00FF00', 'OUTPUT_DIR': './', 'REPORT_DIR': 'Reports', 'SCHEMATIC_DIR': 'Schematic', 'MANUFACTURING_DIR': 'Manufacturing', 'GERBERS_DIR': '@FABRICATION_DIR@/Gerbers', 'FAB_DRILL_TABLES_DIR': '@FABRICATION_DIR@/Drill Tables', 'TESTING_DIR': 'Testing', 'TESTPOINTS_DIR': '@TESTING_DIR@/Testpoints', 'IMAGES_DIR': 'Images', '3D_DIR': '3D', 'RESOURCES_DIR': 'kibot_resources', 'REPORT_TEMPLATE_DIR': '@RESOURCES_DIR@/templates', 'LAYER_TITLE_PAGE': 'TitlePage', 'LAYER_DNP_TOP': 'F.DNP', 'LAYER_DNP_BOTTOM': 'B.DNP', 'LAYER_DRILL_MAP': 'DrillMap', 'LAYER_TP_LIST_TOP': 'F.TestPointList', 'LAYER_TP_LIST_BOTTOM': 'B.TestPointList', 'LAYER_ASSEMBLY_TEXT_TOP': 'F.AssemblyText', 'LAYER_ASSEMBLY_TEXT_BOTTOM': 'B.AssemblyText', 'LAYER_DNP_CROSS_TOP': 'F.DNP', 'LAYER_DNP_CROSS_BOTTOM': 'B.DNP', 'FILT_FIELD_RENAME': 'field_rename', 'FILT_TP_ONLY': 'only_testpoints', 'FILT_TP_EXCLUDE': 'exclude_testpoints', 'FILT_TP_TOP_ONLY': 'only_testpoints_top', 'FILT_TP_BOTTOM_ONLY': 'only_testpoints_bottom', 'SCH_VARIANT_OUTPUT': 'value_split', 'NETLIST_OUTPUT': 'netlist', 'GERBER_OUTPUT': 'gbr_gerbers', 'ODB_OUTPUT': 'zip_odb', 'EXCELLON_DRILL_OUTPUT': 'drl_excellon', 'PDF_DRILL_MAP_OUTPUT': 'pdf_drill_map', 'DXF_DRILL_MAP_OUTPUT': 'dxf_drill_map', 'CSV_DRILL_TABLE_OUTPUT': 'csv_drill_table', 'CSV_POS_OUTPUT': 'csv_position', 'CSV_TP_OUTPUT': 'csv_testpoints', 'CSV_TP_TOP_OUTPUT': 'csv_testpoints_top', 'CSV_TP_BOTTOM_OUTPUT': 'csv_testpoints_bottom', 'CSV_BOM_OUTPUT': 'csv_bom', 'XLSX_BOM_OUTPUT': 'xlsx_bom', 'HTML_IBOM_OUTPUT': 'html_bom_interactive', 'HTML_BOM_OUTPUT': 'html_bom', 'CSV_COMP_COUNT_OUPUT': 'csv_comp_count', 'CSV_IMPEDANCE_TABLE_OUTPUT': 'csv_impedance_table', 'TXT_FAB_NOTES_OUTPUT': 'txt_fabrication_notes', 'TXT_ASSEMBLY_NOTES_OUTPUT': 'txt_assembly_notes', 'PNG_3D_VIEWER_TOP': 'png_3d_viewer_top', 'PNG_3D_VIEWER_BOTTOM': 'png_3d_viewer_bottom', 'PNG_3D_VIEWER_ANGLED_TOP': 'png_3d_viewer_angled_top', 'PNG_3D_VIEWER_ANGLED_BOTTOM': 'png_3d_viewer_angled_bottom', 'STEP_OUTPUT': 'step', 'BLENDER_OUTPUT': 'blender', 'PDF_SCHEMATIC_OUTPUT': 'pdf_schematic', 'PDF_FABRICATION_OUTPUT': 'pdf_fabrication', 'PDF_ASSEMBLY_OUTPUT': 'pdf_assembly', 'ZIP_COMPRESS_FAB_OUTPUT': 'zip_compress_fab', 'HTML_KICANVAS_OUTPUT': 'html_kicanvas', 'HTML_KIRI_OUTPUT': 'html_kiri', 'MD_README_OUTPUT': 'md_readme', 'HTML_NAV_RES_OUTPUT': 'html_navigate_results'} (kibot - config_reader.py:680)
DEBUG:YAML after expanding definitions:
# KiBot preflight for setting Text Variables
# https://kibot.readthedocs.io/en/latest/configuration/preflights/set_text_variables.html

kibot:
  version: 1

preflight:
  update_xml: true
  set_text_variables:

    # Git related information
    - variable: 'REVISION'
      # command: 'git describe --tags --abbrev=0 || echo ""'
      text: ''
    - variable: 'RELEASE_DATE'
      command: 'git log -1 --format="%ad" --date="format:%d-%b-%Y"'
    - variable: 'RELEASE_DATE_NUM'
      command: 'git log -1 --format="%ad" --date=short'
    - variable: 'GIT_HASH_SCH'
      command: 'git log -1 --format="%h" $KIBOT_SCH_NAME'
    - variable: 'GIT_HASH_PCB'
      command: 'git log -1 --format="%h" $KIBOT_PCB_NAME'
    - variable: 'GIT_URL'
      text: 'https://github.com/nguyen-v/KDT_Hierarchical_KiBot'

    # Metadata
    - variable: 'PROJECT_NAME'
      text: 'LE_V2'
    - variable: 'BOARD_NAME'
      text: 'LE_BMS_A_V2'
    - variable: 'COMPANY'
      text: 'Company Name'
    - variable: 'DESIGNER'
      text: 'Author'
    - variable: 'VARIANT'
      text: '%V'

    # Changelog
    # - variable: 'RELEASE_TITLE_1.0.0'
    #   command: 'python3 kibot_resources/scripts/get_changelog.py -f CHANGELOG.md --title-only --version 1.0.0'
    # - variable: 'RELEASE_BODY_1.0.0'
    #   command: 'python3 kibot_resources/scripts/get_changelog.py -f CHANGELOG.md --extra-spaces --separators 35 --version 1.0.0'

    # - variable: 'RELEASE_TITLE_1.0.1'
    #   command: 'python3 kibot_resources/scripts/get_changelog.py -f CHANGELOG.md --title-only --version 1.0.1'
    # - variable: 'RELEASE_BODY_1.0.1'
    #   command: 'python3 kibot_resources/scripts/get_changelog.py -f CHANGELOG.md --extra-spaces --separators 35 --version 1.0.1'

    # - variable: 'RELEASE_TITLE_1.0.2'
    #   command: 'python3 kibot_resources/scripts/get_changelog.py -f CHANGELOG.md --title-only --version 1.0.2'
    # - variable: 'RELEASE_BODY_1.0.2'
    #   command: 'python3 kibot_resources/scripts/get_changelog.py -f CHANGELOG.md --extra-spaces --separators 35 --version 1.0.2'

    # - variable: 'RELEASE_TITLE_1.1.0'
    #   command: 'python3 kibot_resources/scripts/get_changelog.py -f CHANGELOG.md --title-only --version 1.1.0'
    # - variable: 'RELEASE_BODY_1.1.0'
    #   command: 'python3 kibot_resources/scripts/get_changelog.py -f CHANGELOG.md --extra-spaces --separators 35 --version 1.1.0'

    # - variable: 'RELEASE_TITLE_1.1.1'
    #   command: 'python3 kibot_resources/scripts/get_changelog.py -f CHANGELOG.md --title-only --version 1.1.1'
    # - variable: 'RELEASE_BODY_1.1.1'
    #   command: 'python3 kibot_resources/scripts/get_changelog.py -f CHANGELOG.md --extra-spaces --separators 35 --version 1.1.1'

    - variable: 'RELEASE_TITLE_UNRELEASED'
      command: 'python3 kibot_resources/scripts/get_changelog.py -f CHANGELOG.md --title-only --version Unreleased'
    - variable: 'RELEASE_BODY_UNRELEASED'
      command: 'python3 kibot_resources/scripts/get_changelog.py -f CHANGELOG.md --extra-spaces --separators 35 --version Unreleased'

    # Fabrication notes
    - variable: 'FABRICATION_NOTES'
      expand_in_command: true
      command: '[ -f "Manufacturing/Fabrication/%f-fabrication_notes%v.txt" ] && cat "Manufacturing/Fabrication/%f-fabrication_notes%v.txt" || echo ""'


    # Fabrication notes
    - variable: 'ASSEMBLY_NOTES'
      expand_in_command: true
      command: '[ -f "Manufacturing/Assembly/%f-assembly_notes%v.txt" ] && cat "Manufacturing/Assembly/%f-assembly_notes%v.txt" || echo ""'

    # Page titles for automatic ToC
    - variable: 'SHEET_NAME_1'
      text: 'Cover Page'
    - variable: 'SHEET_NAME_2'
      command: 'python3 kibot_resources/scripts/get_sheet_title.py -f "${KIBOT_SCH_NAME%.kicad_sch}.xml" --dots-number 38 -p 2'
    - variable: 'SHEET_NAME_3'
      command: 'python3 kibot_resources/scripts/get_sheet_title.py -f "${KIBOT_SCH_NAME%.kicad_sch}.xml" --dots-number 38 -p 3'
    - variable: 'SHEET_NAME_4'
      command: 'python3 kibot_resources/scripts/get_sheet_title.py -f "${KIBOT_SCH_NAME%.kicad_sch}.xml" --dots-number 38 -p 4'
    - variable: 'SHEET_NAME_5'
      command: 'python3 kibot_resources/scripts/get_sheet_title.py -f "${KIBOT_SCH_NAME%.kicad_sch}.xml" --dots-number 38 -p 5'
    - variable: 'SHEET_NAME_6'
      command: 'python3 kibot_resources/scripts/get_sheet_title.py -f "${KIBOT_SCH_NAME%.kicad_sch}.xml" --dots-number 38 -p 6'
    - variable: 'SHEET_NAME_7'
      command: 'python3 kibot_resources/scripts/get_sheet_title.py -f "${KIBOT_SCH_NAME%.kicad_sch}.xml" --dots-number 38 -p 7'
    - variable: 'SHEET_NAME_8'
      command: 'python3 kibot_resources/scripts/get_sheet_title.py -f "${KIBOT_SCH_NAME%.kicad_sch}.xml" --dots-number 38 -p 8'
    - variable: 'SHEET_NAME_9'
      command: 'python3 kibot_resources/scripts/get_sheet_title.py -f "${KIBOT_SCH_NAME%.kicad_sch}.xml" --dots-number 38 -p 9'
    - variable: 'SHEET_NAME_10'
      command: 'python3 kibot_resources/scripts/get_sheet_title.py -f "${KIBOT_SCH_NAME%.kicad_sch}.xml" --dots-number 38 -p 10'
    - variable: 'SHEET_NAME_11'
      command: 'python3 kibot_resources/scripts/get_sheet_title.py -f "${KIBOT_SCH_NAME%.kicad_sch}.xml" --dots-number 38 -p 11'
    - variable: 'SHEET_NAME_12'
      command: 'python3 kibot_resources/scripts/get_sheet_title.py -f "${KIBOT_SCH_NAME%.kicad_sch}.xml" --dots-number 38 -p 12'
    - variable: 'SHEET_NAME_13'
      command: 'python3 kibot_resources/scripts/get_sheet_title.py -f "${KIBOT_SCH_NAME%.kicad_sch}.xml" --dots-number 38 -p 13'
    - variable: 'SHEET_NAME_14'
      command: 'python3 kibot_resources/scripts/get_sheet_title.py -f "${KIBOT_SCH_NAME%.kicad_sch}.xml" --dots-number 38 -p 14'
    - variable: 'SHEET_NAME_15'
      command: 'python3 kibot_resources/scripts/get_sheet_title.py -f "${KIBOT_SCH_NAME%.kicad_sch}.xml" --dots-number 38 -p 15'
    - variable: 'SHEET_NAME_16'
      command: 'python3 kibot_resources/scripts/get_sheet_title.py -f "${KIBOT_SCH_NAME%.kicad_sch}.xml" --dots-number 38 -p 16'
    - variable: 'SHEET_NAME_17'
      command: 'python3 kibot_resources/scripts/get_sheet_title.py -f "${KIBOT_SCH_NAME%.kicad_sch}.xml" --dots-number 38 -p 17'
    - variable: 'SHEET_NAME_18'
      command: 'python3 kibot_resources/scripts/get_sheet_title.py -f "${KIBOT_SCH_NAME%.kicad_sch}.xml" --dots-number 38 -p 18'
    - variable: 'SHEET_NAME_19'
      command: 'python3 kibot_resources/scripts/get_sheet_title.py -f "${KIBOT_SCH_NAME%.kicad_sch}.xml" --dots-number 38 -p 19'
    - variable: 'SHEET_NAME_20'
      command: 'python3 kibot_resources/scripts/get_sheet_title.py -f "${KIBOT_SCH_NAME%.kicad_sch}.xml" --dots-number 38 -p 20'
    - variable: 'SHEET_NAME_21'
      command: 'python3 kibot_resources/scripts/get_sheet_title.py -f "${KIBOT_SCH_NAME%.kicad_sch}.xml" --dots-number 38 -p 21'
    - variable: 'SHEET_NAME_22'
      command: 'python3 kibot_resources/scripts/get_sheet_title.py -f "${KIBOT_SCH_NAME%.kicad_sch}.xml" --dots-number 38 -p 22'
    - variable: 'SHEET_NAME_23'
      command: 'python3 kibot_resources/scripts/get_sheet_title.py -f "${KIBOT_SCH_NAME%.kicad_sch}.xml" --dots-number 38 -p 23'
    - variable: 'SHEET_NAME_24'
      command: 'python3 kibot_resources/scripts/get_sheet_title.py -f "${KIBOT_SCH_NAME%.kicad_sch}.xml" --dots-number 38 -p 24'
    - variable: 'SHEET_NAME_25'
      command: 'python3 kibot_resources/scripts/get_sheet_title.py -f "${KIBOT_SCH_NAME%.kicad_sch}.xml" --dots-number 38 -p 25'
    - variable: 'SHEET_NAME_26'
      command: 'python3 kibot_resources/scripts/get_sheet_title.py -f "${KIBOT_SCH_NAME%.kicad_sch}.xml" --dots-number 38 -p 26'
    - variable: 'SHEET_NAME_27'
      command: 'python3 kibot_resources/scripts/get_sheet_title.py -f "${KIBOT_SCH_NAME%.kicad_sch}.xml" --dots-number 38 -p 27'
    - variable: 'SHEET_NAME_28'
      command: 'python3 kibot_resources/scripts/get_sheet_title.py -f "${KIBOT_SCH_NAME%.kicad_sch}.xml" --dots-number 38 -p 28'
    - variable: 'SHEET_NAME_29'
      command: 'python3 kibot_resources/scripts/get_sheet_title.py -f "${KIBOT_SCH_NAME%.kicad_sch}.xml" --dots-number 38 -p 29'
    - variable: 'SHEET_NAME_30'
      command: 'python3 kibot_resources/scripts/get_sheet_title.py -f "${KIBOT_SCH_NAME%.kicad_sch}.xml" --dots-number 38 -p 30'
    - variable: 'SHEET_NAME_31'
      command: 'python3 kibot_resources/scripts/get_sheet_title.py -f "${KIBOT_SCH_NAME%.kicad_sch}.xml" --dots-number 38 -p 31'
    - variable: 'SHEET_NAME_32'
      command: 'python3 kibot_resources/scripts/get_sheet_title.py -f "${KIBOT_SCH_NAME%.kicad_sch}.xml" --dots-number 38 -p 32'
    - variable: 'SHEET_NAME_33'
      command: 'python3 kibot_resources/scripts/get_sheet_title.py -f "${KIBOT_SCH_NAME%.kicad_sch}.xml" --dots-number 38 -p 33'
    - variable: 'SHEET_NAME_34'
      command: 'python3 kibot_resources/scripts/get_sheet_title.py -f "${KIBOT_SCH_NAME%.kicad_sch}.xml" --dots-number 38 -p 34'
    - variable: 'SHEET_NAME_35'
      command: 'python3 kibot_resources/scripts/get_sheet_title.py -f "${KIBOT_SCH_NAME%.kicad_sch}.xml" --dots-number 38 -p 35'
    - variable: 'SHEET_NAME_36'
      command: 'python3 kibot_resources/scripts/get_sheet_title.py -f "${KIBOT_SCH_NAME%.kicad_sch}.xml" --dots-number 38 -p 36'
    - variable: 'SHEET_NAME_37'
      command: 'python3 kibot_resources/scripts/get_sheet_title.py -f "${KIBOT_SCH_NAME%.kicad_sch}.xml" --dots-number 38 -p 37'
    - variable: 'SHEET_NAME_38'
      command: 'python3 kibot_resources/scripts/get_sheet_title.py -f "${KIBOT_SCH_NAME%.kicad_sch}.xml" --dots-number 38 -p 38'
    - variable: 'SHEET_NAME_39'
      command: 'python3 kibot_resources/scripts/get_sheet_title.py -f "${KIBOT_SCH_NAME%.kicad_sch}.xml" --dots-number 38 -p 39'
    - variable: 'SHEET_NAME_40'
      command: 'python3 kibot_resources/scripts/get_sheet_title.py -f "${KIBOT_SCH_NAME%.kicad_sch}.xml" --dots-number 38 -p 40'

 (kibot - config_reader.py:686)
DEBUG:Parsing preflight options: {'update_xml': True, 'set_text_variables': [{'variable': 'REVISION', 'text': ''}, {'variable': 'RELEASE_DATE', 'command': 'git log -1 --format="%ad" --date="format:%d-%b-%Y"'}, {'variable': 'RELEASE_DATE_NUM', 'command': 'git log -1 --format="%ad" --date=short'}, {'variable': 'GIT_HASH_SCH', 'command': 'git log -1 --format="%h" $KIBOT_SCH_NAME'}, {'variable': 'GIT_HASH_PCB', 'command': 'git log -1 --format="%h" $KIBOT_PCB_NAME'}, {'variable': 'GIT_URL', 'text': 'https://github.com/nguyen-v/KDT_Hierarchical_KiBot'}, {'variable': 'PROJECT_NAME', 'text': 'LE_V2'}, {'variable': 'BOARD_NAME', 'text': 'LE_BMS_A_V2'}, {'variable': 'COMPANY', 'text': 'Company Name'}, {'variable': 'DESIGNER', 'text': 'Author'}, {'variable': 'VARIANT', 'text': '%V'}, {'variable': 'RELEASE_TITLE_UNRELEASED', 'command': 'python3 kibot_resources/scripts/get_changelog.py -f CHANGELOG.md --title-only --version Unreleased'}, {'variable': 'RELEASE_BODY_UNRELEASED', 'command': 'python3 kibot_resources/scripts/get_changelog.py -f CHANGELOG.md --extra-spaces --separators 35 --version Unreleased'}, {'variable': 'FABRICATION_NOTES', 'expand_in_command': True, 'command': '[ -f "Manufacturing/Fabrication/%f-fabrication_notes%v.txt" ] && cat "Manufacturing/Fabrication/%f-fabrication_notes%v.txt" || echo ""'}, {'variable': 'ASSEMBLY_NOTES', 'expand_in_command': True, 'command': '[ -f "Manufacturing/Assembly/%f-assembly_notes%v.txt" ] && cat "Manufacturing/Assembly/%f-assembly_notes%v.txt" || echo ""'}, {'variable': 'SHEET_NAME_1', 'text': 'Cover Page'}, {'variable': 'SHEET_NAME_2', 'command': 'python3 kibot_resources/scripts/get_sheet_title.py -f "${KIBOT_SCH_NAME%.kicad_sch}.xml" --dots-number 38 -p 2'}, {'variable': 'SHEET_NAME_3', 'command': 'python3 kibot_resources/scripts/get_sheet_title.py -f "${KIBOT_SCH_NAME%.kicad_sch}.xml" --dots-number 38 -p 3'}, {'variable': 'SHEET_NAME_4', 'command': 'python3 kibot_resources/scripts/get_sheet_title.py -f "${KIBOT_SCH_NAME%.kicad_sch}.xml" --dots-number 38 -p 4'}, {'variable': 'SHEET_NAME_5', 'command': 'python3 kibot_resources/scripts/get_sheet_title.py -f "${KIBOT_SCH_NAME%.kicad_sch}.xml" --dots-number 38 -p 5'}, {'variable': 'SHEET_NAME_6', 'command': 'python3 kibot_resources/scripts/get_sheet_title.py -f "${KIBOT_SCH_NAME%.kicad_sch}.xml" --dots-number 38 -p 6'}, {'variable': 'SHEET_NAME_7', 'command': 'python3 kibot_resources/scripts/get_sheet_title.py -f "${KIBOT_SCH_NAME%.kicad_sch}.xml" --dots-number 38 -p 7'}, {'variable': 'SHEET_NAME_8', 'command': 'python3 kibot_resources/scripts/get_sheet_title.py -f "${KIBOT_SCH_NAME%.kicad_sch}.xml" --dots-number 38 -p 8'}, {'variable': 'SHEET_NAME_9', 'command': 'python3 kibot_resources/scripts/get_sheet_title.py -f "${KIBOT_SCH_NAME%.kicad_sch}.xml" --dots-number 38 -p 9'}, {'variable': 'SHEET_NAME_10', 'command': 'python3 kibot_resources/scripts/get_sheet_title.py -f "${KIBOT_SCH_NAME%.kicad_sch}.xml" --dots-number 38 -p 10'}, {'variable': 'SHEET_NAME_11', 'command': 'python3 kibot_resources/scripts/get_sheet_title.py -f "${KIBOT_SCH_NAME%.kicad_sch}.xml" --dots-number 38 -p 11'}, {'variable': 'SHEET_NAME_12', 'command': 'python3 kibot_resources/scripts/get_sheet_title.py -f "${KIBOT_SCH_NAME%.kicad_sch}.xml" --dots-number 38 -p 12'}, {'variable': 'SHEET_NAME_13', 'command': 'python3 kibot_resources/scripts/get_sheet_title.py -f "${KIBOT_SCH_NAME%.kicad_sch}.xml" --dots-number 38 -p 13'}, {'variable': 'SHEET_NAME_14', 'command': 'python3 kibot_resources/scripts/get_sheet_title.py -f "${KIBOT_SCH_NAME%.kicad_sch}.xml" --dots-number 38 -p 14'}, {'variable': 'SHEET_NAME_15', 'command': 'python3 kibot_resources/scripts/get_sheet_title.py -f "${KIBOT_SCH_NAME%.kicad_sch}.xml" --dots-number 38 -p 15'}, {'variable': 'SHEET_NAME_16', 'command': 'python3 kibot_resources/scripts/get_sheet_title.py -f "${KIBOT_SCH_NAME%.kicad_sch}.xml" --dots-number 38 -p 16'}, {'variable': 'SHEET_NAME_17', 'command': 'python3 kibot_resources/scripts/get_sheet_title.py -f "${KIBOT_SCH_NAME%.kicad_sch}.xml" --dots-number 38 -p 17'}, {'variable': 'SHEET_NAME_18', 'command': 'python3 kibot_resources/scripts/get_sheet_title.py -f "${KIBOT_SCH_NAME%.kicad_sch}.xml" --dots-number 38 -p 18'}, {'variable': 'SHEET_NAME_19', 'command': 'python3 kibot_resources/scripts/get_sheet_title.py -f "${KIBOT_SCH_NAME%.kicad_sch}.xml" --dots-number 38 -p 19'}, {'variable': 'SHEET_NAME_20', 'command': 'python3 kibot_resources/scripts/get_sheet_title.py -f "${KIBOT_SCH_NAME%.kicad_sch}.xml" --dots-number 38 -p 20'}, {'variable': 'SHEET_NAME_21', 'command': 'python3 kibot_resources/scripts/get_sheet_title.py -f "${KIBOT_SCH_NAME%.kicad_sch}.xml" --dots-number 38 -p 21'}, {'variable': 'SHEET_NAME_22', 'command': 'python3 kibot_resources/scripts/get_sheet_title.py -f "${KIBOT_SCH_NAME%.kicad_sch}.xml" --dots-number 38 -p 22'}, {'variable': 'SHEET_NAME_23', 'command': 'python3 kibot_resources/scripts/get_sheet_title.py -f "${KIBOT_SCH_NAME%.kicad_sch}.xml" --dots-number 38 -p 23'}, {'variable': 'SHEET_NAME_24', 'command': 'python3 kibot_resources/scripts/get_sheet_title.py -f "${KIBOT_SCH_NAME%.kicad_sch}.xml" --dots-number 38 -p 24'}, {'variable': 'SHEET_NAME_25', 'command': 'python3 kibot_resources/scripts/get_sheet_title.py -f "${KIBOT_SCH_NAME%.kicad_sch}.xml" --dots-number 38 -p 25'}, {'variable': 'SHEET_NAME_26', 'command': 'python3 kibot_resources/scripts/get_sheet_title.py -f "${KIBOT_SCH_NAME%.kicad_sch}.xml" --dots-number 38 -p 26'}, {'variable': 'SHEET_NAME_27', 'command': 'python3 kibot_resources/scripts/get_sheet_title.py -f "${KIBOT_SCH_NAME%.kicad_sch}.xml" --dots-number 38 -p 27'}, {'variable': 'SHEET_NAME_28', 'command': 'python3 kibot_resources/scripts/get_sheet_title.py -f "${KIBOT_SCH_NAME%.kicad_sch}.xml" --dots-number 38 -p 28'}, {'variable': 'SHEET_NAME_29', 'command': 'python3 kibot_resources/scripts/get_sheet_title.py -f "${KIBOT_SCH_NAME%.kicad_sch}.xml" --dots-number 38 -p 29'}, {'variable': 'SHEET_NAME_30', 'command': 'python3 kibot_resources/scripts/get_sheet_title.py -f "${KIBOT_SCH_NAME%.kicad_sch}.xml" --dots-number 38 -p 30'}, {'variable': 'SHEET_NAME_31', 'command': 'python3 kibot_resources/scripts/get_sheet_title.py -f "${KIBOT_SCH_NAME%.kicad_sch}.xml" --dots-number 38 -p 31'}, {'variable': 'SHEET_NAME_32', 'command': 'python3 kibot_resources/scripts/get_sheet_title.py -f "${KIBOT_SCH_NAME%.kicad_sch}.xml" --dots-number 38 -p 32'}, {'variable': 'SHEET_NAME_33', 'command': 'python3 kibot_resources/scripts/get_sheet_title.py -f "${KIBOT_SCH_NAME%.kicad_sch}.xml" --dots-number 38 -p 33'}, {'variable': 'SHEET_NAME_34', 'command': 'python3 kibot_resources/scripts/get_sheet_title.py -f "${KIBOT_SCH_NAME%.kicad_sch}.xml" --dots-number 38 -p 34'}, {'variable': 'SHEET_NAME_35', 'command': 'python3 kibot_resources/scripts/get_sheet_title.py -f "${KIBOT_SCH_NAME%.kicad_sch}.xml" --dots-number 38 -p 35'}, {'variable': 'SHEET_NAME_36', 'command': 'python3 kibot_resources/scripts/get_sheet_title.py -f "${KIBOT_SCH_NAME%.kicad_sch}.xml" --dots-number 38 -p 36'}, {'variable': 'SHEET_NAME_37', 'command': 'python3 kibot_resources/scripts/get_sheet_title.py -f "${KIBOT_SCH_NAME%.kicad_sch}.xml" --dots-number 38 -p 37'}, {'variable': 'SHEET_NAME_38', 'command': 'python3 kibot_resources/scripts/get_sheet_title.py -f "${KIBOT_SCH_NAME%.kicad_sch}.xml" --dots-number 38 -p 38'}, {'variable': 'SHEET_NAME_39', 'command': 'python3 kibot_resources/scripts/get_sheet_title.py -f "${KIBOT_SCH_NAME%.kicad_sch}.xml" --dots-number 38 -p 39'}, {'variable': 'SHEET_NAME_40', 'command': 'python3 kibot_resources/scripts/get_sheet_title.py -f "${KIBOT_SCH_NAME%.kicad_sch}.xml" --dots-number 38 -p 40'}]} (kibot - config_reader.py:283)
DEBUG:Parsing preflight update_xml (kibot - config_reader.py:292)
DEBUG:Parsing preflight set_text_variables (kibot - config_reader.py:292)
DEBUG:Preflights loaded from `kibot_yaml/kibot_pre_set_text_variables.yaml`: ['update_xml', 'set_text_variables'] (kibot - config_reader.py:385)
DEBUG:Found local definitions (kibot - config_reader.py:651)
DEBUG:- Local definitions: {'CATEGORY': 'Schematic', 'DIR': 'Reports'} (kibot - config_reader.py:661)
DEBUG:- Current definitions: {'PROJECT_NAME': 'LE_V2', 'BOARD_NAME': 'LE_BMS_A_V2', 'COMPANY': 'Company Name', 'DESIGNER': 'Author', 'LOGO': 'Logos/dummy_logo.png', 'GIT_URL': 'https://github.com/nguyen-v/KDT_Hierarchical_KiBot', 'CHECK_ZONE_FILLS': False, 'STACKUP_TABLE_NOTE': 'external layer thicknesses are specified after plating', 'MPN_FIELD': 'Manufacturer Part Number', 'MAN_FIELD': 'Manufacturer', 'GROUP_ROUND_SLOTS': True, 'GROUP_PTH_NPTH': 'no', 'GROUP_PTH_NPTH_DRL': False, 'PLOT_REFS': True, 'COLOR_THEME': 'Altium_Theme', 'SHEET_WKS': '${KIPRJMOD}/Templates/KDT_Template_PCB_GIT_A4.kicad_wks', 'FAB_SCALING': 1, 'ASSEMBLY_SCALING': 1, 'EXCLUDE_REFS': '[MB*]', '3D_VIEWER_ROT_X': 2, '3D_VIEWER_ROT_Y': -1, '3D_VIEWER_ROT_Z': 1, '3D_VIEWER_ZOOM': -1, 'KEY_COLOR': '#00FF00', 'OUTPUT_DIR': './', 'REPORT_DIR': 'Reports', 'SCHEMATIC_DIR': 'Schematic', 'MANUFACTURING_DIR': 'Manufacturing', 'ASSEMBLY_DIR': '@MANUFACTURING_DIR@/Assembly', 'FABRICATION_DIR': '@MANUFACTURING_DIR@/Fabrication', 'GERBERS_DIR': '@FABRICATION_DIR@/Gerbers', 'FAB_DRILL_TABLES_DIR': '@FABRICATION_DIR@/Drill Tables', 'TESTING_DIR': 'Testing', 'TESTPOINTS_DIR': '@TESTING_DIR@/Testpoints', 'IMAGES_DIR': 'Images', '3D_DIR': '3D', 'RESOURCES_DIR': 'kibot_resources', 'REPORT_TEMPLATE_DIR': '@RESOURCES_DIR@/templates', 'SCRIPTS_DIR': '@RESOURCES_DIR@/scripts', 'LAYER_TITLE_PAGE': 'TitlePage', 'LAYER_DNP_TOP': 'F.DNP', 'LAYER_DNP_BOTTOM': 'B.DNP', 'LAYER_DRILL_MAP': 'DrillMap', 'LAYER_TP_LIST_TOP': 'F.TestPointList', 'LAYER_TP_LIST_BOTTOM': 'B.TestPointList', 'LAYER_ASSEMBLY_TEXT_TOP': 'F.AssemblyText', 'LAYER_ASSEMBLY_TEXT_BOTTOM': 'B.AssemblyText', 'LAYER_DNP_CROSS_TOP': 'F.DNP', 'LAYER_DNP_CROSS_BOTTOM': 'B.DNP', 'FILT_FIELD_RENAME': 'field_rename', 'FILT_TP_ONLY': 'only_testpoints', 'FILT_TP_EXCLUDE': 'exclude_testpoints', 'FILT_TP_TOP_ONLY': 'only_testpoints_top', 'FILT_TP_BOTTOM_ONLY': 'only_testpoints_bottom', 'SCH_VARIANT_OUTPUT': 'value_split', 'NETLIST_OUTPUT': 'netlist', 'GERBER_OUTPUT': 'gbr_gerbers', 'ODB_OUTPUT': 'zip_odb', 'EXCELLON_DRILL_OUTPUT': 'drl_excellon', 'PDF_DRILL_MAP_OUTPUT': 'pdf_drill_map', 'DXF_DRILL_MAP_OUTPUT': 'dxf_drill_map', 'CSV_DRILL_TABLE_OUTPUT': 'csv_drill_table', 'CSV_POS_OUTPUT': 'csv_position', 'CSV_TP_OUTPUT': 'csv_testpoints', 'CSV_TP_TOP_OUTPUT': 'csv_testpoints_top', 'CSV_TP_BOTTOM_OUTPUT': 'csv_testpoints_bottom', 'CSV_BOM_OUTPUT': 'csv_bom', 'XLSX_BOM_OUTPUT': 'xlsx_bom', 'HTML_IBOM_OUTPUT': 'html_bom_interactive', 'HTML_BOM_OUTPUT': 'html_bom', 'CSV_COMP_COUNT_OUPUT': 'csv_comp_count', 'CSV_IMPEDANCE_TABLE_OUTPUT': 'csv_impedance_table', 'TXT_FAB_NOTES_OUTPUT': 'txt_fabrication_notes', 'TXT_ASSEMBLY_NOTES_OUTPUT': 'txt_assembly_notes', 'PNG_3D_VIEWER_TOP': 'png_3d_viewer_top', 'PNG_3D_VIEWER_BOTTOM': 'png_3d_viewer_bottom', 'PNG_3D_VIEWER_ANGLED_TOP': 'png_3d_viewer_angled_top', 'PNG_3D_VIEWER_ANGLED_BOTTOM': 'png_3d_viewer_angled_bottom', 'STEP_OUTPUT': 'step', 'BLENDER_OUTPUT': 'blender', 'PDF_SCHEMATIC_OUTPUT': 'pdf_schematic', 'PDF_FABRICATION_OUTPUT': 'pdf_fabrication', 'PDF_ASSEMBLY_OUTPUT': 'pdf_assembly', 'ZIP_COMPRESS_FAB_OUTPUT': 'zip_compress_fab', 'HTML_KICANVAS_OUTPUT': 'html_kicanvas', 'HTML_KIRI_OUTPUT': 'html_kiri', 'MD_README_OUTPUT': 'md_readme', 'HTML_NAV_RES_OUTPUT': 'html_navigate_results', 'DIR': 'Reports'} (kibot - config_reader.py:662)
DEBUG:- Updated definitions: {'CATEGORY': 'Schematic', 'DIR': 'Reports', 'PROJECT_NAME': 'LE_V2', 'BOARD_NAME': 'LE_BMS_A_V2', 'COMPANY': 'Company Name', 'DESIGNER': 'Author', 'LOGO': 'Logos/dummy_logo.png', 'GIT_URL': 'https://github.com/nguyen-v/KDT_Hierarchical_KiBot', 'CHECK_ZONE_FILLS': False, 'STACKUP_TABLE_NOTE': 'external layer thicknesses are specified after plating', 'MPN_FIELD': 'Manufacturer Part Number', 'MAN_FIELD': 'Manufacturer', 'GROUP_ROUND_SLOTS': True, 'GROUP_PTH_NPTH': 'no', 'GROUP_PTH_NPTH_DRL': False, 'PLOT_REFS': True, 'COLOR_THEME': 'Altium_Theme', 'SHEET_WKS': '${KIPRJMOD}/Templates/KDT_Template_PCB_GIT_A4.kicad_wks', 'FAB_SCALING': 1, 'ASSEMBLY_SCALING': 1, 'EXCLUDE_REFS': '[MB*]', '3D_VIEWER_ROT_X': 2, '3D_VIEWER_ROT_Y': -1, '3D_VIEWER_ROT_Z': 1, '3D_VIEWER_ZOOM': -1, 'KEY_COLOR': '#00FF00', 'OUTPUT_DIR': './', 'REPORT_DIR': 'Reports', 'SCHEMATIC_DIR': 'Schematic', 'MANUFACTURING_DIR': 'Manufacturing', 'ASSEMBLY_DIR': '@MANUFACTURING_DIR@/Assembly', 'FABRICATION_DIR': '@MANUFACTURING_DIR@/Fabrication', 'GERBERS_DIR': '@FABRICATION_DIR@/Gerbers', 'FAB_DRILL_TABLES_DIR': '@FABRICATION_DIR@/Drill Tables', 'TESTING_DIR': 'Testing', 'TESTPOINTS_DIR': '@TESTING_DIR@/Testpoints', 'IMAGES_DIR': 'Images', '3D_DIR': '3D', 'RESOURCES_DIR': 'kibot_resources', 'REPORT_TEMPLATE_DIR': '@RESOURCES_DIR@/templates', 'SCRIPTS_DIR': '@RESOURCES_DIR@/scripts', 'LAYER_TITLE_PAGE': 'TitlePage', 'LAYER_DNP_TOP': 'F.DNP', 'LAYER_DNP_BOTTOM': 'B.DNP', 'LAYER_DRILL_MAP': 'DrillMap', 'LAYER_TP_LIST_TOP': 'F.TestPointList', 'LAYER_TP_LIST_BOTTOM': 'B.TestPointList', 'LAYER_ASSEMBLY_TEXT_TOP': 'F.AssemblyText', 'LAYER_ASSEMBLY_TEXT_BOTTOM': 'B.AssemblyText', 'LAYER_DNP_CROSS_TOP': 'F.DNP', 'LAYER_DNP_CROSS_BOTTOM': 'B.DNP', 'FILT_FIELD_RENAME': 'field_rename', 'FILT_TP_ONLY': 'only_testpoints', 'FILT_TP_EXCLUDE': 'exclude_testpoints', 'FILT_TP_TOP_ONLY': 'only_testpoints_top', 'FILT_TP_BOTTOM_ONLY': 'only_testpoints_bottom', 'SCH_VARIANT_OUTPUT': 'value_split', 'NETLIST_OUTPUT': 'netlist', 'GERBER_OUTPUT': 'gbr_gerbers', 'ODB_OUTPUT': 'zip_odb', 'EXCELLON_DRILL_OUTPUT': 'drl_excellon', 'PDF_DRILL_MAP_OUTPUT': 'pdf_drill_map', 'DXF_DRILL_MAP_OUTPUT': 'dxf_drill_map', 'CSV_DRILL_TABLE_OUTPUT': 'csv_drill_table', 'CSV_POS_OUTPUT': 'csv_position', 'CSV_TP_OUTPUT': 'csv_testpoints', 'CSV_TP_TOP_OUTPUT': 'csv_testpoints_top', 'CSV_TP_BOTTOM_OUTPUT': 'csv_testpoints_bottom', 'CSV_BOM_OUTPUT': 'csv_bom', 'XLSX_BOM_OUTPUT': 'xlsx_bom', 'HTML_IBOM_OUTPUT': 'html_bom_interactive', 'HTML_BOM_OUTPUT': 'html_bom', 'CSV_COMP_COUNT_OUPUT': 'csv_comp_count', 'CSV_IMPEDANCE_TABLE_OUTPUT': 'csv_impedance_table', 'TXT_FAB_NOTES_OUTPUT': 'txt_fabrication_notes', 'TXT_ASSEMBLY_NOTES_OUTPUT': 'txt_assembly_notes', 'PNG_3D_VIEWER_TOP': 'png_3d_viewer_top', 'PNG_3D_VIEWER_BOTTOM': 'png_3d_viewer_bottom', 'PNG_3D_VIEWER_ANGLED_TOP': 'png_3d_viewer_angled_top', 'PNG_3D_VIEWER_ANGLED_BOTTOM': 'png_3d_viewer_angled_bottom', 'STEP_OUTPUT': 'step', 'BLENDER_OUTPUT': 'blender', 'PDF_SCHEMATIC_OUTPUT': 'pdf_schematic', 'PDF_FABRICATION_OUTPUT': 'pdf_fabrication', 'PDF_ASSEMBLY_OUTPUT': 'pdf_assembly', 'ZIP_COMPRESS_FAB_OUTPUT': 'zip_compress_fab', 'HTML_KICANVAS_OUTPUT': 'html_kicanvas', 'HTML_KIRI_OUTPUT': 'html_kiri', 'MD_README_OUTPUT': 'md_readme', 'HTML_NAV_RES_OUTPUT': 'html_navigate_results'} (kibot - config_reader.py:665)
DEBUG:Applying preprocessor definitions (kibot - config_reader.py:670)
DEBUG:- Applying CLI definitions: {} (kibot - config_reader.py:677)
DEBUG:- Applying collected definitions: {'CATEGORY': 'Schematic', 'DIR': 'Reports', 'PROJECT_NAME': 'LE_V2', 'BOARD_NAME': 'LE_BMS_A_V2', 'COMPANY': 'Company Name', 'DESIGNER': 'Author', 'LOGO': 'Logos/dummy_logo.png', 'GIT_URL': 'https://github.com/nguyen-v/KDT_Hierarchical_KiBot', 'CHECK_ZONE_FILLS': False, 'STACKUP_TABLE_NOTE': 'external layer thicknesses are specified after plating', 'MPN_FIELD': 'Manufacturer Part Number', 'MAN_FIELD': 'Manufacturer', 'GROUP_ROUND_SLOTS': True, 'GROUP_PTH_NPTH': 'no', 'GROUP_PTH_NPTH_DRL': False, 'PLOT_REFS': True, 'COLOR_THEME': 'Altium_Theme', 'SHEET_WKS': '${KIPRJMOD}/Templates/KDT_Template_PCB_GIT_A4.kicad_wks', 'FAB_SCALING': 1, 'ASSEMBLY_SCALING': 1, 'EXCLUDE_REFS': '[MB*]', '3D_VIEWER_ROT_X': 2, '3D_VIEWER_ROT_Y': -1, '3D_VIEWER_ROT_Z': 1, '3D_VIEWER_ZOOM': -1, 'KEY_COLOR': '#00FF00', 'OUTPUT_DIR': './', 'REPORT_DIR': 'Reports', 'SCHEMATIC_DIR': 'Schematic', 'MANUFACTURING_DIR': 'Manufacturing', 'ASSEMBLY_DIR': '@MANUFACTURING_DIR@/Assembly', 'FABRICATION_DIR': '@MANUFACTURING_DIR@/Fabrication', 'GERBERS_DIR': '@FABRICATION_DIR@/Gerbers', 'FAB_DRILL_TABLES_DIR': '@FABRICATION_DIR@/Drill Tables', 'TESTING_DIR': 'Testing', 'TESTPOINTS_DIR': '@TESTING_DIR@/Testpoints', 'IMAGES_DIR': 'Images', '3D_DIR': '3D', 'RESOURCES_DIR': 'kibot_resources', 'REPORT_TEMPLATE_DIR': '@RESOURCES_DIR@/templates', 'SCRIPTS_DIR': '@RESOURCES_DIR@/scripts', 'LAYER_TITLE_PAGE': 'TitlePage', 'LAYER_DNP_TOP': 'F.DNP', 'LAYER_DNP_BOTTOM': 'B.DNP', 'LAYER_DRILL_MAP': 'DrillMap', 'LAYER_TP_LIST_TOP': 'F.TestPointList', 'LAYER_TP_LIST_BOTTOM': 'B.TestPointList', 'LAYER_ASSEMBLY_TEXT_TOP': 'F.AssemblyText', 'LAYER_ASSEMBLY_TEXT_BOTTOM': 'B.AssemblyText', 'LAYER_DNP_CROSS_TOP': 'F.DNP', 'LAYER_DNP_CROSS_BOTTOM': 'B.DNP', 'FILT_FIELD_RENAME': 'field_rename', 'FILT_TP_ONLY': 'only_testpoints', 'FILT_TP_EXCLUDE': 'exclude_testpoints', 'FILT_TP_TOP_ONLY': 'only_testpoints_top', 'FILT_TP_BOTTOM_ONLY': 'only_testpoints_bottom', 'SCH_VARIANT_OUTPUT': 'value_split', 'NETLIST_OUTPUT': 'netlist', 'GERBER_OUTPUT': 'gbr_gerbers', 'ODB_OUTPUT': 'zip_odb', 'EXCELLON_DRILL_OUTPUT': 'drl_excellon', 'PDF_DRILL_MAP_OUTPUT': 'pdf_drill_map', 'DXF_DRILL_MAP_OUTPUT': 'dxf_drill_map', 'CSV_DRILL_TABLE_OUTPUT': 'csv_drill_table', 'CSV_POS_OUTPUT': 'csv_position', 'CSV_TP_OUTPUT': 'csv_testpoints', 'CSV_TP_TOP_OUTPUT': 'csv_testpoints_top', 'CSV_TP_BOTTOM_OUTPUT': 'csv_testpoints_bottom', 'CSV_BOM_OUTPUT': 'csv_bom', 'XLSX_BOM_OUTPUT': 'xlsx_bom', 'HTML_IBOM_OUTPUT': 'html_bom_interactive', 'HTML_BOM_OUTPUT': 'html_bom', 'CSV_COMP_COUNT_OUPUT': 'csv_comp_count', 'CSV_IMPEDANCE_TABLE_OUTPUT': 'csv_impedance_table', 'TXT_FAB_NOTES_OUTPUT': 'txt_fabrication_notes', 'TXT_ASSEMBLY_NOTES_OUTPUT': 'txt_assembly_notes', 'PNG_3D_VIEWER_TOP': 'png_3d_viewer_top', 'PNG_3D_VIEWER_BOTTOM': 'png_3d_viewer_bottom', 'PNG_3D_VIEWER_ANGLED_TOP': 'png_3d_viewer_angled_top', 'PNG_3D_VIEWER_ANGLED_BOTTOM': 'png_3d_viewer_angled_bottom', 'STEP_OUTPUT': 'step', 'BLENDER_OUTPUT': 'blender', 'PDF_SCHEMATIC_OUTPUT': 'pdf_schematic', 'PDF_FABRICATION_OUTPUT': 'pdf_fabrication', 'PDF_ASSEMBLY_OUTPUT': 'pdf_assembly', 'ZIP_COMPRESS_FAB_OUTPUT': 'zip_compress_fab', 'HTML_KICANVAS_OUTPUT': 'html_kicanvas', 'HTML_KIRI_OUTPUT': 'html_kiri', 'MD_README_OUTPUT': 'md_readme', 'HTML_NAV_RES_OUTPUT': 'html_navigate_results'} (kibot - config_reader.py:680)
DEBUG:- Replacing @DIR@ -> Reports (<class 'str'>) (kibot - config_reader.py:78)
DEBUG:- Applying CLI definitions: {} (kibot - config_reader.py:677)
DEBUG:- Applying collected definitions: {'CATEGORY': 'Schematic', 'DIR': 'Reports', 'PROJECT_NAME': 'LE_V2', 'BOARD_NAME': 'LE_BMS_A_V2', 'COMPANY': 'Company Name', 'DESIGNER': 'Author', 'LOGO': 'Logos/dummy_logo.png', 'GIT_URL': 'https://github.com/nguyen-v/KDT_Hierarchical_KiBot', 'CHECK_ZONE_FILLS': False, 'STACKUP_TABLE_NOTE': 'external layer thicknesses are specified after plating', 'MPN_FIELD': 'Manufacturer Part Number', 'MAN_FIELD': 'Manufacturer', 'GROUP_ROUND_SLOTS': True, 'GROUP_PTH_NPTH': 'no', 'GROUP_PTH_NPTH_DRL': False, 'PLOT_REFS': True, 'COLOR_THEME': 'Altium_Theme', 'SHEET_WKS': '${KIPRJMOD}/Templates/KDT_Template_PCB_GIT_A4.kicad_wks', 'FAB_SCALING': 1, 'ASSEMBLY_SCALING': 1, 'EXCLUDE_REFS': '[MB*]', '3D_VIEWER_ROT_X': 2, '3D_VIEWER_ROT_Y': -1, '3D_VIEWER_ROT_Z': 1, '3D_VIEWER_ZOOM': -1, 'KEY_COLOR': '#00FF00', 'OUTPUT_DIR': './', 'REPORT_DIR': 'Reports', 'SCHEMATIC_DIR': 'Schematic', 'MANUFACTURING_DIR': 'Manufacturing', 'ASSEMBLY_DIR': '@MANUFACTURING_DIR@/Assembly', 'FABRICATION_DIR': '@MANUFACTURING_DIR@/Fabrication', 'GERBERS_DIR': '@FABRICATION_DIR@/Gerbers', 'FAB_DRILL_TABLES_DIR': '@FABRICATION_DIR@/Drill Tables', 'TESTING_DIR': 'Testing', 'TESTPOINTS_DIR': '@TESTING_DIR@/Testpoints', 'IMAGES_DIR': 'Images', '3D_DIR': '3D', 'RESOURCES_DIR': 'kibot_resources', 'REPORT_TEMPLATE_DIR': '@RESOURCES_DIR@/templates', 'SCRIPTS_DIR': '@RESOURCES_DIR@/scripts', 'LAYER_TITLE_PAGE': 'TitlePage', 'LAYER_DNP_TOP': 'F.DNP', 'LAYER_DNP_BOTTOM': 'B.DNP', 'LAYER_DRILL_MAP': 'DrillMap', 'LAYER_TP_LIST_TOP': 'F.TestPointList', 'LAYER_TP_LIST_BOTTOM': 'B.TestPointList', 'LAYER_ASSEMBLY_TEXT_TOP': 'F.AssemblyText', 'LAYER_ASSEMBLY_TEXT_BOTTOM': 'B.AssemblyText', 'LAYER_DNP_CROSS_TOP': 'F.DNP', 'LAYER_DNP_CROSS_BOTTOM': 'B.DNP', 'FILT_FIELD_RENAME': 'field_rename', 'FILT_TP_ONLY': 'only_testpoints', 'FILT_TP_EXCLUDE': 'exclude_testpoints', 'FILT_TP_TOP_ONLY': 'only_testpoints_top', 'FILT_TP_BOTTOM_ONLY': 'only_testpoints_bottom', 'SCH_VARIANT_OUTPUT': 'value_split', 'NETLIST_OUTPUT': 'netlist', 'GERBER_OUTPUT': 'gbr_gerbers', 'ODB_OUTPUT': 'zip_odb', 'EXCELLON_DRILL_OUTPUT': 'drl_excellon', 'PDF_DRILL_MAP_OUTPUT': 'pdf_drill_map', 'DXF_DRILL_MAP_OUTPUT': 'dxf_drill_map', 'CSV_DRILL_TABLE_OUTPUT': 'csv_drill_table', 'CSV_POS_OUTPUT': 'csv_position', 'CSV_TP_OUTPUT': 'csv_testpoints', 'CSV_TP_TOP_OUTPUT': 'csv_testpoints_top', 'CSV_TP_BOTTOM_OUTPUT': 'csv_testpoints_bottom', 'CSV_BOM_OUTPUT': 'csv_bom', 'XLSX_BOM_OUTPUT': 'xlsx_bom', 'HTML_IBOM_OUTPUT': 'html_bom_interactive', 'HTML_BOM_OUTPUT': 'html_bom', 'CSV_COMP_COUNT_OUPUT': 'csv_comp_count', 'CSV_IMPEDANCE_TABLE_OUTPUT': 'csv_impedance_table', 'TXT_FAB_NOTES_OUTPUT': 'txt_fabrication_notes', 'TXT_ASSEMBLY_NOTES_OUTPUT': 'txt_assembly_notes', 'PNG_3D_VIEWER_TOP': 'png_3d_viewer_top', 'PNG_3D_VIEWER_BOTTOM': 'png_3d_viewer_bottom', 'PNG_3D_VIEWER_ANGLED_TOP': 'png_3d_viewer_angled_top', 'PNG_3D_VIEWER_ANGLED_BOTTOM': 'png_3d_viewer_angled_bottom', 'STEP_OUTPUT': 'step', 'BLENDER_OUTPUT': 'blender', 'PDF_SCHEMATIC_OUTPUT': 'pdf_schematic', 'PDF_FABRICATION_OUTPUT': 'pdf_fabrication', 'PDF_ASSEMBLY_OUTPUT': 'pdf_assembly', 'ZIP_COMPRESS_FAB_OUTPUT': 'zip_compress_fab', 'HTML_KICANVAS_OUTPUT': 'html_kicanvas', 'HTML_KIRI_OUTPUT': 'html_kiri', 'MD_README_OUTPUT': 'md_readme', 'HTML_NAV_RES_OUTPUT': 'html_navigate_results'} (kibot - config_reader.py:680)
DEBUG:YAML after expanding definitions:
# KiBot preflight for generating ERC reports
# https://kibot.readthedocs.io/en/latest/configuration/preflights/erc.html

kibot:
  version: 1

preflight:
  erc:
    category: 'Reports'
    dir: 'Reports'
    format: 'HTML, RPT'
    output: 'report_%f-%i%I%v.%x'

 (kibot - config_reader.py:686)
DEBUG:Parsing preflight options: {'erc': {'category': 'Reports', 'dir': 'Reports', 'format': 'HTML, RPT', 'output': 'report_%f-%i%I%v.%x'}} (kibot - config_reader.py:283)
DEBUG:Parsing preflight erc (kibot - config_reader.py:292)
DEBUG:Preflights loaded from `kibot_yaml/kibot_pre_erc_report.yaml`: ['erc'] (kibot - config_reader.py:385)
DEBUG:Found local definitions (kibot - config_reader.py:651)
DEBUG:- Local definitions: {'CHECK_ZONE_FILLS': True, 'CATEGORY': 'Schematic', 'DIR': 'Reports'} (kibot - config_reader.py:661)
DEBUG:- Current definitions: {'PROJECT_NAME': 'LE_V2', 'BOARD_NAME': 'LE_BMS_A_V2', 'COMPANY': 'Company Name', 'DESIGNER': 'Author', 'LOGO': 'Logos/dummy_logo.png', 'GIT_URL': 'https://github.com/nguyen-v/KDT_Hierarchical_KiBot', 'CHECK_ZONE_FILLS': False, 'STACKUP_TABLE_NOTE': 'external layer thicknesses are specified after plating', 'MPN_FIELD': 'Manufacturer Part Number', 'MAN_FIELD': 'Manufacturer', 'GROUP_ROUND_SLOTS': True, 'GROUP_PTH_NPTH': 'no', 'GROUP_PTH_NPTH_DRL': False, 'PLOT_REFS': True, 'COLOR_THEME': 'Altium_Theme', 'SHEET_WKS': '${KIPRJMOD}/Templates/KDT_Template_PCB_GIT_A4.kicad_wks', 'FAB_SCALING': 1, 'ASSEMBLY_SCALING': 1, 'EXCLUDE_REFS': '[MB*]', '3D_VIEWER_ROT_X': 2, '3D_VIEWER_ROT_Y': -1, '3D_VIEWER_ROT_Z': 1, '3D_VIEWER_ZOOM': -1, 'KEY_COLOR': '#00FF00', 'OUTPUT_DIR': './', 'REPORT_DIR': 'Reports', 'SCHEMATIC_DIR': 'Schematic', 'MANUFACTURING_DIR': 'Manufacturing', 'ASSEMBLY_DIR': '@MANUFACTURING_DIR@/Assembly', 'FABRICATION_DIR': '@MANUFACTURING_DIR@/Fabrication', 'GERBERS_DIR': '@FABRICATION_DIR@/Gerbers', 'FAB_DRILL_TABLES_DIR': '@FABRICATION_DIR@/Drill Tables', 'TESTING_DIR': 'Testing', 'TESTPOINTS_DIR': '@TESTING_DIR@/Testpoints', 'IMAGES_DIR': 'Images', '3D_DIR': '3D', 'RESOURCES_DIR': 'kibot_resources', 'REPORT_TEMPLATE_DIR': '@RESOURCES_DIR@/templates', 'SCRIPTS_DIR': '@RESOURCES_DIR@/scripts', 'LAYER_TITLE_PAGE': 'TitlePage', 'LAYER_DNP_TOP': 'F.DNP', 'LAYER_DNP_BOTTOM': 'B.DNP', 'LAYER_DRILL_MAP': 'DrillMap', 'LAYER_TP_LIST_TOP': 'F.TestPointList', 'LAYER_TP_LIST_BOTTOM': 'B.TestPointList', 'LAYER_ASSEMBLY_TEXT_TOP': 'F.AssemblyText', 'LAYER_ASSEMBLY_TEXT_BOTTOM': 'B.AssemblyText', 'LAYER_DNP_CROSS_TOP': 'F.DNP', 'LAYER_DNP_CROSS_BOTTOM': 'B.DNP', 'FILT_FIELD_RENAME': 'field_rename', 'FILT_TP_ONLY': 'only_testpoints', 'FILT_TP_EXCLUDE': 'exclude_testpoints', 'FILT_TP_TOP_ONLY': 'only_testpoints_top', 'FILT_TP_BOTTOM_ONLY': 'only_testpoints_bottom', 'SCH_VARIANT_OUTPUT': 'value_split', 'NETLIST_OUTPUT': 'netlist', 'GERBER_OUTPUT': 'gbr_gerbers', 'ODB_OUTPUT': 'zip_odb', 'EXCELLON_DRILL_OUTPUT': 'drl_excellon', 'PDF_DRILL_MAP_OUTPUT': 'pdf_drill_map', 'DXF_DRILL_MAP_OUTPUT': 'dxf_drill_map', 'CSV_DRILL_TABLE_OUTPUT': 'csv_drill_table', 'CSV_POS_OUTPUT': 'csv_position', 'CSV_TP_OUTPUT': 'csv_testpoints', 'CSV_TP_TOP_OUTPUT': 'csv_testpoints_top', 'CSV_TP_BOTTOM_OUTPUT': 'csv_testpoints_bottom', 'CSV_BOM_OUTPUT': 'csv_bom', 'XLSX_BOM_OUTPUT': 'xlsx_bom', 'HTML_IBOM_OUTPUT': 'html_bom_interactive', 'HTML_BOM_OUTPUT': 'html_bom', 'CSV_COMP_COUNT_OUPUT': 'csv_comp_count', 'CSV_IMPEDANCE_TABLE_OUTPUT': 'csv_impedance_table', 'TXT_FAB_NOTES_OUTPUT': 'txt_fabrication_notes', 'TXT_ASSEMBLY_NOTES_OUTPUT': 'txt_assembly_notes', 'PNG_3D_VIEWER_TOP': 'png_3d_viewer_top', 'PNG_3D_VIEWER_BOTTOM': 'png_3d_viewer_bottom', 'PNG_3D_VIEWER_ANGLED_TOP': 'png_3d_viewer_angled_top', 'PNG_3D_VIEWER_ANGLED_BOTTOM': 'png_3d_viewer_angled_bottom', 'STEP_OUTPUT': 'step', 'BLENDER_OUTPUT': 'blender', 'PDF_SCHEMATIC_OUTPUT': 'pdf_schematic', 'PDF_FABRICATION_OUTPUT': 'pdf_fabrication', 'PDF_ASSEMBLY_OUTPUT': 'pdf_assembly', 'ZIP_COMPRESS_FAB_OUTPUT': 'zip_compress_fab', 'HTML_KICANVAS_OUTPUT': 'html_kicanvas', 'HTML_KIRI_OUTPUT': 'html_kiri', 'MD_README_OUTPUT': 'md_readme', 'HTML_NAV_RES_OUTPUT': 'html_navigate_results', 'DIR': 'Reports'} (kibot - config_reader.py:662)
DEBUG:- Updated definitions: {'CHECK_ZONE_FILLS': False, 'CATEGORY': 'Schematic', 'DIR': 'Reports', 'PROJECT_NAME': 'LE_V2', 'BOARD_NAME': 'LE_BMS_A_V2', 'COMPANY': 'Company Name', 'DESIGNER': 'Author', 'LOGO': 'Logos/dummy_logo.png', 'GIT_URL': 'https://github.com/nguyen-v/KDT_Hierarchical_KiBot', 'STACKUP_TABLE_NOTE': 'external layer thicknesses are specified after plating', 'MPN_FIELD': 'Manufacturer Part Number', 'MAN_FIELD': 'Manufacturer', 'GROUP_ROUND_SLOTS': True, 'GROUP_PTH_NPTH': 'no', 'GROUP_PTH_NPTH_DRL': False, 'PLOT_REFS': True, 'COLOR_THEME': 'Altium_Theme', 'SHEET_WKS': '${KIPRJMOD}/Templates/KDT_Template_PCB_GIT_A4.kicad_wks', 'FAB_SCALING': 1, 'ASSEMBLY_SCALING': 1, 'EXCLUDE_REFS': '[MB*]', '3D_VIEWER_ROT_X': 2, '3D_VIEWER_ROT_Y': -1, '3D_VIEWER_ROT_Z': 1, '3D_VIEWER_ZOOM': -1, 'KEY_COLOR': '#00FF00', 'OUTPUT_DIR': './', 'REPORT_DIR': 'Reports', 'SCHEMATIC_DIR': 'Schematic', 'MANUFACTURING_DIR': 'Manufacturing', 'ASSEMBLY_DIR': '@MANUFACTURING_DIR@/Assembly', 'FABRICATION_DIR': '@MANUFACTURING_DIR@/Fabrication', 'GERBERS_DIR': '@FABRICATION_DIR@/Gerbers', 'FAB_DRILL_TABLES_DIR': '@FABRICATION_DIR@/Drill Tables', 'TESTING_DIR': 'Testing', 'TESTPOINTS_DIR': '@TESTING_DIR@/Testpoints', 'IMAGES_DIR': 'Images', '3D_DIR': '3D', 'RESOURCES_DIR': 'kibot_resources', 'REPORT_TEMPLATE_DIR': '@RESOURCES_DIR@/templates', 'SCRIPTS_DIR': '@RESOURCES_DIR@/scripts', 'LAYER_TITLE_PAGE': 'TitlePage', 'LAYER_DNP_TOP': 'F.DNP', 'LAYER_DNP_BOTTOM': 'B.DNP', 'LAYER_DRILL_MAP': 'DrillMap', 'LAYER_TP_LIST_TOP': 'F.TestPointList', 'LAYER_TP_LIST_BOTTOM': 'B.TestPointList', 'LAYER_ASSEMBLY_TEXT_TOP': 'F.AssemblyText', 'LAYER_ASSEMBLY_TEXT_BOTTOM': 'B.AssemblyText', 'LAYER_DNP_CROSS_TOP': 'F.DNP', 'LAYER_DNP_CROSS_BOTTOM': 'B.DNP', 'FILT_FIELD_RENAME': 'field_rename', 'FILT_TP_ONLY': 'only_testpoints', 'FILT_TP_EXCLUDE': 'exclude_testpoints', 'FILT_TP_TOP_ONLY': 'only_testpoints_top', 'FILT_TP_BOTTOM_ONLY': 'only_testpoints_bottom', 'SCH_VARIANT_OUTPUT': 'value_split', 'NETLIST_OUTPUT': 'netlist', 'GERBER_OUTPUT': 'gbr_gerbers', 'ODB_OUTPUT': 'zip_odb', 'EXCELLON_DRILL_OUTPUT': 'drl_excellon', 'PDF_DRILL_MAP_OUTPUT': 'pdf_drill_map', 'DXF_DRILL_MAP_OUTPUT': 'dxf_drill_map', 'CSV_DRILL_TABLE_OUTPUT': 'csv_drill_table', 'CSV_POS_OUTPUT': 'csv_position', 'CSV_TP_OUTPUT': 'csv_testpoints', 'CSV_TP_TOP_OUTPUT': 'csv_testpoints_top', 'CSV_TP_BOTTOM_OUTPUT': 'csv_testpoints_bottom', 'CSV_BOM_OUTPUT': 'csv_bom', 'XLSX_BOM_OUTPUT': 'xlsx_bom', 'HTML_IBOM_OUTPUT': 'html_bom_interactive', 'HTML_BOM_OUTPUT': 'html_bom', 'CSV_COMP_COUNT_OUPUT': 'csv_comp_count', 'CSV_IMPEDANCE_TABLE_OUTPUT': 'csv_impedance_table', 'TXT_FAB_NOTES_OUTPUT': 'txt_fabrication_notes', 'TXT_ASSEMBLY_NOTES_OUTPUT': 'txt_assembly_notes', 'PNG_3D_VIEWER_TOP': 'png_3d_viewer_top', 'PNG_3D_VIEWER_BOTTOM': 'png_3d_viewer_bottom', 'PNG_3D_VIEWER_ANGLED_TOP': 'png_3d_viewer_angled_top', 'PNG_3D_VIEWER_ANGLED_BOTTOM': 'png_3d_viewer_angled_bottom', 'STEP_OUTPUT': 'step', 'BLENDER_OUTPUT': 'blender', 'PDF_SCHEMATIC_OUTPUT': 'pdf_schematic', 'PDF_FABRICATION_OUTPUT': 'pdf_fabrication', 'PDF_ASSEMBLY_OUTPUT': 'pdf_assembly', 'ZIP_COMPRESS_FAB_OUTPUT': 'zip_compress_fab', 'HTML_KICANVAS_OUTPUT': 'html_kicanvas', 'HTML_KIRI_OUTPUT': 'html_kiri', 'MD_README_OUTPUT': 'md_readme', 'HTML_NAV_RES_OUTPUT': 'html_navigate_results'} (kibot - config_reader.py:665)
DEBUG:Applying preprocessor definitions (kibot - config_reader.py:670)
DEBUG:- Applying CLI definitions: {} (kibot - config_reader.py:677)
DEBUG:- Applying collected definitions: {'CHECK_ZONE_FILLS': False, 'CATEGORY': 'Schematic', 'DIR': 'Reports', 'PROJECT_NAME': 'LE_V2', 'BOARD_NAME': 'LE_BMS_A_V2', 'COMPANY': 'Company Name', 'DESIGNER': 'Author', 'LOGO': 'Logos/dummy_logo.png', 'GIT_URL': 'https://github.com/nguyen-v/KDT_Hierarchical_KiBot', 'STACKUP_TABLE_NOTE': 'external layer thicknesses are specified after plating', 'MPN_FIELD': 'Manufacturer Part Number', 'MAN_FIELD': 'Manufacturer', 'GROUP_ROUND_SLOTS': True, 'GROUP_PTH_NPTH': 'no', 'GROUP_PTH_NPTH_DRL': False, 'PLOT_REFS': True, 'COLOR_THEME': 'Altium_Theme', 'SHEET_WKS': '${KIPRJMOD}/Templates/KDT_Template_PCB_GIT_A4.kicad_wks', 'FAB_SCALING': 1, 'ASSEMBLY_SCALING': 1, 'EXCLUDE_REFS': '[MB*]', '3D_VIEWER_ROT_X': 2, '3D_VIEWER_ROT_Y': -1, '3D_VIEWER_ROT_Z': 1, '3D_VIEWER_ZOOM': -1, 'KEY_COLOR': '#00FF00', 'OUTPUT_DIR': './', 'REPORT_DIR': 'Reports', 'SCHEMATIC_DIR': 'Schematic', 'MANUFACTURING_DIR': 'Manufacturing', 'ASSEMBLY_DIR': '@MANUFACTURING_DIR@/Assembly', 'FABRICATION_DIR': '@MANUFACTURING_DIR@/Fabrication', 'GERBERS_DIR': '@FABRICATION_DIR@/Gerbers', 'FAB_DRILL_TABLES_DIR': '@FABRICATION_DIR@/Drill Tables', 'TESTING_DIR': 'Testing', 'TESTPOINTS_DIR': '@TESTING_DIR@/Testpoints', 'IMAGES_DIR': 'Images', '3D_DIR': '3D', 'RESOURCES_DIR': 'kibot_resources', 'REPORT_TEMPLATE_DIR': '@RESOURCES_DIR@/templates', 'SCRIPTS_DIR': '@RESOURCES_DIR@/scripts', 'LAYER_TITLE_PAGE': 'TitlePage', 'LAYER_DNP_TOP': 'F.DNP', 'LAYER_DNP_BOTTOM': 'B.DNP', 'LAYER_DRILL_MAP': 'DrillMap', 'LAYER_TP_LIST_TOP': 'F.TestPointList', 'LAYER_TP_LIST_BOTTOM': 'B.TestPointList', 'LAYER_ASSEMBLY_TEXT_TOP': 'F.AssemblyText', 'LAYER_ASSEMBLY_TEXT_BOTTOM': 'B.AssemblyText', 'LAYER_DNP_CROSS_TOP': 'F.DNP', 'LAYER_DNP_CROSS_BOTTOM': 'B.DNP', 'FILT_FIELD_RENAME': 'field_rename', 'FILT_TP_ONLY': 'only_testpoints', 'FILT_TP_EXCLUDE': 'exclude_testpoints', 'FILT_TP_TOP_ONLY': 'only_testpoints_top', 'FILT_TP_BOTTOM_ONLY': 'only_testpoints_bottom', 'SCH_VARIANT_OUTPUT': 'value_split', 'NETLIST_OUTPUT': 'netlist', 'GERBER_OUTPUT': 'gbr_gerbers', 'ODB_OUTPUT': 'zip_odb', 'EXCELLON_DRILL_OUTPUT': 'drl_excellon', 'PDF_DRILL_MAP_OUTPUT': 'pdf_drill_map', 'DXF_DRILL_MAP_OUTPUT': 'dxf_drill_map', 'CSV_DRILL_TABLE_OUTPUT': 'csv_drill_table', 'CSV_POS_OUTPUT': 'csv_position', 'CSV_TP_OUTPUT': 'csv_testpoints', 'CSV_TP_TOP_OUTPUT': 'csv_testpoints_top', 'CSV_TP_BOTTOM_OUTPUT': 'csv_testpoints_bottom', 'CSV_BOM_OUTPUT': 'csv_bom', 'XLSX_BOM_OUTPUT': 'xlsx_bom', 'HTML_IBOM_OUTPUT': 'html_bom_interactive', 'HTML_BOM_OUTPUT': 'html_bom', 'CSV_COMP_COUNT_OUPUT': 'csv_comp_count', 'CSV_IMPEDANCE_TABLE_OUTPUT': 'csv_impedance_table', 'TXT_FAB_NOTES_OUTPUT': 'txt_fabrication_notes', 'TXT_ASSEMBLY_NOTES_OUTPUT': 'txt_assembly_notes', 'PNG_3D_VIEWER_TOP': 'png_3d_viewer_top', 'PNG_3D_VIEWER_BOTTOM': 'png_3d_viewer_bottom', 'PNG_3D_VIEWER_ANGLED_TOP': 'png_3d_viewer_angled_top', 'PNG_3D_VIEWER_ANGLED_BOTTOM': 'png_3d_viewer_angled_bottom', 'STEP_OUTPUT': 'step', 'BLENDER_OUTPUT': 'blender', 'PDF_SCHEMATIC_OUTPUT': 'pdf_schematic', 'PDF_FABRICATION_OUTPUT': 'pdf_fabrication', 'PDF_ASSEMBLY_OUTPUT': 'pdf_assembly', 'ZIP_COMPRESS_FAB_OUTPUT': 'zip_compress_fab', 'HTML_KICANVAS_OUTPUT': 'html_kicanvas', 'HTML_KIRI_OUTPUT': 'html_kiri', 'MD_README_OUTPUT': 'md_readme', 'HTML_NAV_RES_OUTPUT': 'html_navigate_results'} (kibot - config_reader.py:680)
DEBUG:- Replacing @CHECK_ZONE_FILLS@ -> false (<class 'str'>) (kibot - config_reader.py:78)
DEBUG:- Replacing @DIR@ -> Reports (<class 'str'>) (kibot - config_reader.py:78)
DEBUG:- Applying CLI definitions: {} (kibot - config_reader.py:677)
DEBUG:- Applying collected definitions: {'CHECK_ZONE_FILLS': False, 'CATEGORY': 'Schematic', 'DIR': 'Reports', 'PROJECT_NAME': 'LE_V2', 'BOARD_NAME': 'LE_BMS_A_V2', 'COMPANY': 'Company Name', 'DESIGNER': 'Author', 'LOGO': 'Logos/dummy_logo.png', 'GIT_URL': 'https://github.com/nguyen-v/KDT_Hierarchical_KiBot', 'STACKUP_TABLE_NOTE': 'external layer thicknesses are specified after plating', 'MPN_FIELD': 'Manufacturer Part Number', 'MAN_FIELD': 'Manufacturer', 'GROUP_ROUND_SLOTS': True, 'GROUP_PTH_NPTH': 'no', 'GROUP_PTH_NPTH_DRL': False, 'PLOT_REFS': True, 'COLOR_THEME': 'Altium_Theme', 'SHEET_WKS': '${KIPRJMOD}/Templates/KDT_Template_PCB_GIT_A4.kicad_wks', 'FAB_SCALING': 1, 'ASSEMBLY_SCALING': 1, 'EXCLUDE_REFS': '[MB*]', '3D_VIEWER_ROT_X': 2, '3D_VIEWER_ROT_Y': -1, '3D_VIEWER_ROT_Z': 1, '3D_VIEWER_ZOOM': -1, 'KEY_COLOR': '#00FF00', 'OUTPUT_DIR': './', 'REPORT_DIR': 'Reports', 'SCHEMATIC_DIR': 'Schematic', 'MANUFACTURING_DIR': 'Manufacturing', 'ASSEMBLY_DIR': '@MANUFACTURING_DIR@/Assembly', 'FABRICATION_DIR': '@MANUFACTURING_DIR@/Fabrication', 'GERBERS_DIR': '@FABRICATION_DIR@/Gerbers', 'FAB_DRILL_TABLES_DIR': '@FABRICATION_DIR@/Drill Tables', 'TESTING_DIR': 'Testing', 'TESTPOINTS_DIR': '@TESTING_DIR@/Testpoints', 'IMAGES_DIR': 'Images', '3D_DIR': '3D', 'RESOURCES_DIR': 'kibot_resources', 'REPORT_TEMPLATE_DIR': '@RESOURCES_DIR@/templates', 'SCRIPTS_DIR': '@RESOURCES_DIR@/scripts', 'LAYER_TITLE_PAGE': 'TitlePage', 'LAYER_DNP_TOP': 'F.DNP', 'LAYER_DNP_BOTTOM': 'B.DNP', 'LAYER_DRILL_MAP': 'DrillMap', 'LAYER_TP_LIST_TOP': 'F.TestPointList', 'LAYER_TP_LIST_BOTTOM': 'B.TestPointList', 'LAYER_ASSEMBLY_TEXT_TOP': 'F.AssemblyText', 'LAYER_ASSEMBLY_TEXT_BOTTOM': 'B.AssemblyText', 'LAYER_DNP_CROSS_TOP': 'F.DNP', 'LAYER_DNP_CROSS_BOTTOM': 'B.DNP', 'FILT_FIELD_RENAME': 'field_rename', 'FILT_TP_ONLY': 'only_testpoints', 'FILT_TP_EXCLUDE': 'exclude_testpoints', 'FILT_TP_TOP_ONLY': 'only_testpoints_top', 'FILT_TP_BOTTOM_ONLY': 'only_testpoints_bottom', 'SCH_VARIANT_OUTPUT': 'value_split', 'NETLIST_OUTPUT': 'netlist', 'GERBER_OUTPUT': 'gbr_gerbers', 'ODB_OUTPUT': 'zip_odb', 'EXCELLON_DRILL_OUTPUT': 'drl_excellon', 'PDF_DRILL_MAP_OUTPUT': 'pdf_drill_map', 'DXF_DRILL_MAP_OUTPUT': 'dxf_drill_map', 'CSV_DRILL_TABLE_OUTPUT': 'csv_drill_table', 'CSV_POS_OUTPUT': 'csv_position', 'CSV_TP_OUTPUT': 'csv_testpoints', 'CSV_TP_TOP_OUTPUT': 'csv_testpoints_top', 'CSV_TP_BOTTOM_OUTPUT': 'csv_testpoints_bottom', 'CSV_BOM_OUTPUT': 'csv_bom', 'XLSX_BOM_OUTPUT': 'xlsx_bom', 'HTML_IBOM_OUTPUT': 'html_bom_interactive', 'HTML_BOM_OUTPUT': 'html_bom', 'CSV_COMP_COUNT_OUPUT': 'csv_comp_count', 'CSV_IMPEDANCE_TABLE_OUTPUT': 'csv_impedance_table', 'TXT_FAB_NOTES_OUTPUT': 'txt_fabrication_notes', 'TXT_ASSEMBLY_NOTES_OUTPUT': 'txt_assembly_notes', 'PNG_3D_VIEWER_TOP': 'png_3d_viewer_top', 'PNG_3D_VIEWER_BOTTOM': 'png_3d_viewer_bottom', 'PNG_3D_VIEWER_ANGLED_TOP': 'png_3d_viewer_angled_top', 'PNG_3D_VIEWER_ANGLED_BOTTOM': 'png_3d_viewer_angled_bottom', 'STEP_OUTPUT': 'step', 'BLENDER_OUTPUT': 'blender', 'PDF_SCHEMATIC_OUTPUT': 'pdf_schematic', 'PDF_FABRICATION_OUTPUT': 'pdf_fabrication', 'PDF_ASSEMBLY_OUTPUT': 'pdf_assembly', 'ZIP_COMPRESS_FAB_OUTPUT': 'zip_compress_fab', 'HTML_KICANVAS_OUTPUT': 'html_kicanvas', 'HTML_KIRI_OUTPUT': 'html_kiri', 'MD_README_OUTPUT': 'md_readme', 'HTML_NAV_RES_OUTPUT': 'html_navigate_results'} (kibot - config_reader.py:680)
DEBUG:YAML after expanding definitions:
# KiBot preflight for generating DRC reports
# https://kibot.readthedocs.io/en/latest/configuration/preflights/drc.html

kibot:
  version: 1

preflight:
  check_zone_fills: false
  drc:
    category: 'Reports'
    dir: 'Reports'
    dont_stop: true
    format: 'HTML, RPT'
    output: 'report_%f-%i%I%v.%x'

 (kibot - config_reader.py:686)
DEBUG:Parsing preflight options: {'check_zone_fills': False, 'drc': {'category': 'Reports', 'dir': 'Reports', 'dont_stop': True, 'format': 'HTML, RPT', 'output': 'report_%f-%i%I%v.%x'}} (kibot - config_reader.py:283)
DEBUG:Parsing preflight check_zone_fills (kibot - config_reader.py:292)
DEBUG:Parsing preflight drc (kibot - config_reader.py:292)
DEBUG:Preflights loaded from `kibot_yaml/kibot_pre_drc_report.yaml`: ['check_zone_fills', 'drc'] (kibot - config_reader.py:385)
DEBUG:Found local definitions (kibot - config_reader.py:651)
DEBUG:- Local definitions: {'GERBER_OUTPUT': 'gbr_gerbers', 'NOTE': 'external layer thicknesses are specified after plating'} (kibot - config_reader.py:661)
DEBUG:- Current definitions: {'PROJECT_NAME': 'LE_V2', 'BOARD_NAME': 'LE_BMS_A_V2', 'COMPANY': 'Company Name', 'DESIGNER': 'Author', 'LOGO': 'Logos/dummy_logo.png', 'GIT_URL': 'https://github.com/nguyen-v/KDT_Hierarchical_KiBot', 'CHECK_ZONE_FILLS': False, 'STACKUP_TABLE_NOTE': 'external layer thicknesses are specified after plating', 'MPN_FIELD': 'Manufacturer Part Number', 'MAN_FIELD': 'Manufacturer', 'GROUP_ROUND_SLOTS': True, 'GROUP_PTH_NPTH': 'no', 'GROUP_PTH_NPTH_DRL': False, 'PLOT_REFS': True, 'COLOR_THEME': 'Altium_Theme', 'SHEET_WKS': '${KIPRJMOD}/Templates/KDT_Template_PCB_GIT_A4.kicad_wks', 'FAB_SCALING': 1, 'ASSEMBLY_SCALING': 1, 'EXCLUDE_REFS': '[MB*]', '3D_VIEWER_ROT_X': 2, '3D_VIEWER_ROT_Y': -1, '3D_VIEWER_ROT_Z': 1, '3D_VIEWER_ZOOM': -1, 'KEY_COLOR': '#00FF00', 'OUTPUT_DIR': './', 'REPORT_DIR': 'Reports', 'SCHEMATIC_DIR': 'Schematic', 'MANUFACTURING_DIR': 'Manufacturing', 'ASSEMBLY_DIR': '@MANUFACTURING_DIR@/Assembly', 'FABRICATION_DIR': '@MANUFACTURING_DIR@/Fabrication', 'GERBERS_DIR': '@FABRICATION_DIR@/Gerbers', 'FAB_DRILL_TABLES_DIR': '@FABRICATION_DIR@/Drill Tables', 'TESTING_DIR': 'Testing', 'TESTPOINTS_DIR': '@TESTING_DIR@/Testpoints', 'IMAGES_DIR': 'Images', '3D_DIR': '3D', 'RESOURCES_DIR': 'kibot_resources', 'REPORT_TEMPLATE_DIR': '@RESOURCES_DIR@/templates', 'SCRIPTS_DIR': '@RESOURCES_DIR@/scripts', 'LAYER_TITLE_PAGE': 'TitlePage', 'LAYER_DNP_TOP': 'F.DNP', 'LAYER_DNP_BOTTOM': 'B.DNP', 'LAYER_DRILL_MAP': 'DrillMap', 'LAYER_TP_LIST_TOP': 'F.TestPointList', 'LAYER_TP_LIST_BOTTOM': 'B.TestPointList', 'LAYER_ASSEMBLY_TEXT_TOP': 'F.AssemblyText', 'LAYER_ASSEMBLY_TEXT_BOTTOM': 'B.AssemblyText', 'LAYER_DNP_CROSS_TOP': 'F.DNP', 'LAYER_DNP_CROSS_BOTTOM': 'B.DNP', 'FILT_FIELD_RENAME': 'field_rename', 'FILT_TP_ONLY': 'only_testpoints', 'FILT_TP_EXCLUDE': 'exclude_testpoints', 'FILT_TP_TOP_ONLY': 'only_testpoints_top', 'FILT_TP_BOTTOM_ONLY': 'only_testpoints_bottom', 'SCH_VARIANT_OUTPUT': 'value_split', 'NETLIST_OUTPUT': 'netlist', 'GERBER_OUTPUT': 'gbr_gerbers', 'ODB_OUTPUT': 'zip_odb', 'EXCELLON_DRILL_OUTPUT': 'drl_excellon', 'PDF_DRILL_MAP_OUTPUT': 'pdf_drill_map', 'DXF_DRILL_MAP_OUTPUT': 'dxf_drill_map', 'CSV_DRILL_TABLE_OUTPUT': 'csv_drill_table', 'CSV_POS_OUTPUT': 'csv_position', 'CSV_TP_OUTPUT': 'csv_testpoints', 'CSV_TP_TOP_OUTPUT': 'csv_testpoints_top', 'CSV_TP_BOTTOM_OUTPUT': 'csv_testpoints_bottom', 'CSV_BOM_OUTPUT': 'csv_bom', 'XLSX_BOM_OUTPUT': 'xlsx_bom', 'HTML_IBOM_OUTPUT': 'html_bom_interactive', 'HTML_BOM_OUTPUT': 'html_bom', 'CSV_COMP_COUNT_OUPUT': 'csv_comp_count', 'CSV_IMPEDANCE_TABLE_OUTPUT': 'csv_impedance_table', 'TXT_FAB_NOTES_OUTPUT': 'txt_fabrication_notes', 'TXT_ASSEMBLY_NOTES_OUTPUT': 'txt_assembly_notes', 'PNG_3D_VIEWER_TOP': 'png_3d_viewer_top', 'PNG_3D_VIEWER_BOTTOM': 'png_3d_viewer_bottom', 'PNG_3D_VIEWER_ANGLED_TOP': 'png_3d_viewer_angled_top', 'PNG_3D_VIEWER_ANGLED_BOTTOM': 'png_3d_viewer_angled_bottom', 'STEP_OUTPUT': 'step', 'BLENDER_OUTPUT': 'blender', 'PDF_SCHEMATIC_OUTPUT': 'pdf_schematic', 'PDF_FABRICATION_OUTPUT': 'pdf_fabrication', 'PDF_ASSEMBLY_OUTPUT': 'pdf_assembly', 'ZIP_COMPRESS_FAB_OUTPUT': 'zip_compress_fab', 'HTML_KICANVAS_OUTPUT': 'html_kicanvas', 'HTML_KIRI_OUTPUT': 'html_kiri', 'MD_README_OUTPUT': 'md_readme', 'HTML_NAV_RES_OUTPUT': 'html_navigate_results', 'NOTE': 'external layer thicknesses are specified after plating'} (kibot - config_reader.py:662)
DEBUG:- Updated definitions: {'GERBER_OUTPUT': 'gbr_gerbers', 'NOTE': 'external layer thicknesses are specified after plating', 'PROJECT_NAME': 'LE_V2', 'BOARD_NAME': 'LE_BMS_A_V2', 'COMPANY': 'Company Name', 'DESIGNER': 'Author', 'LOGO': 'Logos/dummy_logo.png', 'GIT_URL': 'https://github.com/nguyen-v/KDT_Hierarchical_KiBot', 'CHECK_ZONE_FILLS': False, 'STACKUP_TABLE_NOTE': 'external layer thicknesses are specified after plating', 'MPN_FIELD': 'Manufacturer Part Number', 'MAN_FIELD': 'Manufacturer', 'GROUP_ROUND_SLOTS': True, 'GROUP_PTH_NPTH': 'no', 'GROUP_PTH_NPTH_DRL': False, 'PLOT_REFS': True, 'COLOR_THEME': 'Altium_Theme', 'SHEET_WKS': '${KIPRJMOD}/Templates/KDT_Template_PCB_GIT_A4.kicad_wks', 'FAB_SCALING': 1, 'ASSEMBLY_SCALING': 1, 'EXCLUDE_REFS': '[MB*]', '3D_VIEWER_ROT_X': 2, '3D_VIEWER_ROT_Y': -1, '3D_VIEWER_ROT_Z': 1, '3D_VIEWER_ZOOM': -1, 'KEY_COLOR': '#00FF00', 'OUTPUT_DIR': './', 'REPORT_DIR': 'Reports', 'SCHEMATIC_DIR': 'Schematic', 'MANUFACTURING_DIR': 'Manufacturing', 'ASSEMBLY_DIR': '@MANUFACTURING_DIR@/Assembly', 'FABRICATION_DIR': '@MANUFACTURING_DIR@/Fabrication', 'GERBERS_DIR': '@FABRICATION_DIR@/Gerbers', 'FAB_DRILL_TABLES_DIR': '@FABRICATION_DIR@/Drill Tables', 'TESTING_DIR': 'Testing', 'TESTPOINTS_DIR': '@TESTING_DIR@/Testpoints', 'IMAGES_DIR': 'Images', '3D_DIR': '3D', 'RESOURCES_DIR': 'kibot_resources', 'REPORT_TEMPLATE_DIR': '@RESOURCES_DIR@/templates', 'SCRIPTS_DIR': '@RESOURCES_DIR@/scripts', 'LAYER_TITLE_PAGE': 'TitlePage', 'LAYER_DNP_TOP': 'F.DNP', 'LAYER_DNP_BOTTOM': 'B.DNP', 'LAYER_DRILL_MAP': 'DrillMap', 'LAYER_TP_LIST_TOP': 'F.TestPointList', 'LAYER_TP_LIST_BOTTOM': 'B.TestPointList', 'LAYER_ASSEMBLY_TEXT_TOP': 'F.AssemblyText', 'LAYER_ASSEMBLY_TEXT_BOTTOM': 'B.AssemblyText', 'LAYER_DNP_CROSS_TOP': 'F.DNP', 'LAYER_DNP_CROSS_BOTTOM': 'B.DNP', 'FILT_FIELD_RENAME': 'field_rename', 'FILT_TP_ONLY': 'only_testpoints', 'FILT_TP_EXCLUDE': 'exclude_testpoints', 'FILT_TP_TOP_ONLY': 'only_testpoints_top', 'FILT_TP_BOTTOM_ONLY': 'only_testpoints_bottom', 'SCH_VARIANT_OUTPUT': 'value_split', 'NETLIST_OUTPUT': 'netlist', 'ODB_OUTPUT': 'zip_odb', 'EXCELLON_DRILL_OUTPUT': 'drl_excellon', 'PDF_DRILL_MAP_OUTPUT': 'pdf_drill_map', 'DXF_DRILL_MAP_OUTPUT': 'dxf_drill_map', 'CSV_DRILL_TABLE_OUTPUT': 'csv_drill_table', 'CSV_POS_OUTPUT': 'csv_position', 'CSV_TP_OUTPUT': 'csv_testpoints', 'CSV_TP_TOP_OUTPUT': 'csv_testpoints_top', 'CSV_TP_BOTTOM_OUTPUT': 'csv_testpoints_bottom', 'CSV_BOM_OUTPUT': 'csv_bom', 'XLSX_BOM_OUTPUT': 'xlsx_bom', 'HTML_IBOM_OUTPUT': 'html_bom_interactive', 'HTML_BOM_OUTPUT': 'html_bom', 'CSV_COMP_COUNT_OUPUT': 'csv_comp_count', 'CSV_IMPEDANCE_TABLE_OUTPUT': 'csv_impedance_table', 'TXT_FAB_NOTES_OUTPUT': 'txt_fabrication_notes', 'TXT_ASSEMBLY_NOTES_OUTPUT': 'txt_assembly_notes', 'PNG_3D_VIEWER_TOP': 'png_3d_viewer_top', 'PNG_3D_VIEWER_BOTTOM': 'png_3d_viewer_bottom', 'PNG_3D_VIEWER_ANGLED_TOP': 'png_3d_viewer_angled_top', 'PNG_3D_VIEWER_ANGLED_BOTTOM': 'png_3d_viewer_angled_bottom', 'STEP_OUTPUT': 'step', 'BLENDER_OUTPUT': 'blender', 'PDF_SCHEMATIC_OUTPUT': 'pdf_schematic', 'PDF_FABRICATION_OUTPUT': 'pdf_fabrication', 'PDF_ASSEMBLY_OUTPUT': 'pdf_assembly', 'ZIP_COMPRESS_FAB_OUTPUT': 'zip_compress_fab', 'HTML_KICANVAS_OUTPUT': 'html_kicanvas', 'HTML_KIRI_OUTPUT': 'html_kiri', 'MD_README_OUTPUT': 'md_readme', 'HTML_NAV_RES_OUTPUT': 'html_navigate_results'} (kibot - config_reader.py:665)
DEBUG:Applying preprocessor definitions (kibot - config_reader.py:670)
DEBUG:- Applying CLI definitions: {} (kibot - config_reader.py:677)
DEBUG:- Applying collected definitions: {'GERBER_OUTPUT': 'gbr_gerbers', 'NOTE': 'external layer thicknesses are specified after plating', 'PROJECT_NAME': 'LE_V2', 'BOARD_NAME': 'LE_BMS_A_V2', 'COMPANY': 'Company Name', 'DESIGNER': 'Author', 'LOGO': 'Logos/dummy_logo.png', 'GIT_URL': 'https://github.com/nguyen-v/KDT_Hierarchical_KiBot', 'CHECK_ZONE_FILLS': False, 'STACKUP_TABLE_NOTE': 'external layer thicknesses are specified after plating', 'MPN_FIELD': 'Manufacturer Part Number', 'MAN_FIELD': 'Manufacturer', 'GROUP_ROUND_SLOTS': True, 'GROUP_PTH_NPTH': 'no', 'GROUP_PTH_NPTH_DRL': False, 'PLOT_REFS': True, 'COLOR_THEME': 'Altium_Theme', 'SHEET_WKS': '${KIPRJMOD}/Templates/KDT_Template_PCB_GIT_A4.kicad_wks', 'FAB_SCALING': 1, 'ASSEMBLY_SCALING': 1, 'EXCLUDE_REFS': '[MB*]', '3D_VIEWER_ROT_X': 2, '3D_VIEWER_ROT_Y': -1, '3D_VIEWER_ROT_Z': 1, '3D_VIEWER_ZOOM': -1, 'KEY_COLOR': '#00FF00', 'OUTPUT_DIR': './', 'REPORT_DIR': 'Reports', 'SCHEMATIC_DIR': 'Schematic', 'MANUFACTURING_DIR': 'Manufacturing', 'ASSEMBLY_DIR': '@MANUFACTURING_DIR@/Assembly', 'FABRICATION_DIR': '@MANUFACTURING_DIR@/Fabrication', 'GERBERS_DIR': '@FABRICATION_DIR@/Gerbers', 'FAB_DRILL_TABLES_DIR': '@FABRICATION_DIR@/Drill Tables', 'TESTING_DIR': 'Testing', 'TESTPOINTS_DIR': '@TESTING_DIR@/Testpoints', 'IMAGES_DIR': 'Images', '3D_DIR': '3D', 'RESOURCES_DIR': 'kibot_resources', 'REPORT_TEMPLATE_DIR': '@RESOURCES_DIR@/templates', 'SCRIPTS_DIR': '@RESOURCES_DIR@/scripts', 'LAYER_TITLE_PAGE': 'TitlePage', 'LAYER_DNP_TOP': 'F.DNP', 'LAYER_DNP_BOTTOM': 'B.DNP', 'LAYER_DRILL_MAP': 'DrillMap', 'LAYER_TP_LIST_TOP': 'F.TestPointList', 'LAYER_TP_LIST_BOTTOM': 'B.TestPointList', 'LAYER_ASSEMBLY_TEXT_TOP': 'F.AssemblyText', 'LAYER_ASSEMBLY_TEXT_BOTTOM': 'B.AssemblyText', 'LAYER_DNP_CROSS_TOP': 'F.DNP', 'LAYER_DNP_CROSS_BOTTOM': 'B.DNP', 'FILT_FIELD_RENAME': 'field_rename', 'FILT_TP_ONLY': 'only_testpoints', 'FILT_TP_EXCLUDE': 'exclude_testpoints', 'FILT_TP_TOP_ONLY': 'only_testpoints_top', 'FILT_TP_BOTTOM_ONLY': 'only_testpoints_bottom', 'SCH_VARIANT_OUTPUT': 'value_split', 'NETLIST_OUTPUT': 'netlist', 'ODB_OUTPUT': 'zip_odb', 'EXCELLON_DRILL_OUTPUT': 'drl_excellon', 'PDF_DRILL_MAP_OUTPUT': 'pdf_drill_map', 'DXF_DRILL_MAP_OUTPUT': 'dxf_drill_map', 'CSV_DRILL_TABLE_OUTPUT': 'csv_drill_table', 'CSV_POS_OUTPUT': 'csv_position', 'CSV_TP_OUTPUT': 'csv_testpoints', 'CSV_TP_TOP_OUTPUT': 'csv_testpoints_top', 'CSV_TP_BOTTOM_OUTPUT': 'csv_testpoints_bottom', 'CSV_BOM_OUTPUT': 'csv_bom', 'XLSX_BOM_OUTPUT': 'xlsx_bom', 'HTML_IBOM_OUTPUT': 'html_bom_interactive', 'HTML_BOM_OUTPUT': 'html_bom', 'CSV_COMP_COUNT_OUPUT': 'csv_comp_count', 'CSV_IMPEDANCE_TABLE_OUTPUT': 'csv_impedance_table', 'TXT_FAB_NOTES_OUTPUT': 'txt_fabrication_notes', 'TXT_ASSEMBLY_NOTES_OUTPUT': 'txt_assembly_notes', 'PNG_3D_VIEWER_TOP': 'png_3d_viewer_top', 'PNG_3D_VIEWER_BOTTOM': 'png_3d_viewer_bottom', 'PNG_3D_VIEWER_ANGLED_TOP': 'png_3d_viewer_angled_top', 'PNG_3D_VIEWER_ANGLED_BOTTOM': 'png_3d_viewer_angled_bottom', 'STEP_OUTPUT': 'step', 'BLENDER_OUTPUT': 'blender', 'PDF_SCHEMATIC_OUTPUT': 'pdf_schematic', 'PDF_FABRICATION_OUTPUT': 'pdf_fabrication', 'PDF_ASSEMBLY_OUTPUT': 'pdf_assembly', 'ZIP_COMPRESS_FAB_OUTPUT': 'zip_compress_fab', 'HTML_KICANVAS_OUTPUT': 'html_kicanvas', 'HTML_KIRI_OUTPUT': 'html_kiri', 'MD_README_OUTPUT': 'md_readme', 'HTML_NAV_RES_OUTPUT': 'html_navigate_results'} (kibot - config_reader.py:680)
DEBUG:- Replacing @GERBER_OUTPUT@ -> gbr_gerbers (<class 'str'>) (kibot - config_reader.py:78)
DEBUG:- Replacing @NOTE@ -> external layer thicknesses are specified after plating (<class 'str'>) (kibot - config_reader.py:78)
DEBUG:- Applying CLI definitions: {} (kibot - config_reader.py:677)
DEBUG:- Applying collected definitions: {'GERBER_OUTPUT': 'gbr_gerbers', 'NOTE': 'external layer thicknesses are specified after plating', 'PROJECT_NAME': 'LE_V2', 'BOARD_NAME': 'LE_BMS_A_V2', 'COMPANY': 'Company Name', 'DESIGNER': 'Author', 'LOGO': 'Logos/dummy_logo.png', 'GIT_URL': 'https://github.com/nguyen-v/KDT_Hierarchical_KiBot', 'CHECK_ZONE_FILLS': False, 'STACKUP_TABLE_NOTE': 'external layer thicknesses are specified after plating', 'MPN_FIELD': 'Manufacturer Part Number', 'MAN_FIELD': 'Manufacturer', 'GROUP_ROUND_SLOTS': True, 'GROUP_PTH_NPTH': 'no', 'GROUP_PTH_NPTH_DRL': False, 'PLOT_REFS': True, 'COLOR_THEME': 'Altium_Theme', 'SHEET_WKS': '${KIPRJMOD}/Templates/KDT_Template_PCB_GIT_A4.kicad_wks', 'FAB_SCALING': 1, 'ASSEMBLY_SCALING': 1, 'EXCLUDE_REFS': '[MB*]', '3D_VIEWER_ROT_X': 2, '3D_VIEWER_ROT_Y': -1, '3D_VIEWER_ROT_Z': 1, '3D_VIEWER_ZOOM': -1, 'KEY_COLOR': '#00FF00', 'OUTPUT_DIR': './', 'REPORT_DIR': 'Reports', 'SCHEMATIC_DIR': 'Schematic', 'MANUFACTURING_DIR': 'Manufacturing', 'ASSEMBLY_DIR': '@MANUFACTURING_DIR@/Assembly', 'FABRICATION_DIR': '@MANUFACTURING_DIR@/Fabrication', 'GERBERS_DIR': '@FABRICATION_DIR@/Gerbers', 'FAB_DRILL_TABLES_DIR': '@FABRICATION_DIR@/Drill Tables', 'TESTING_DIR': 'Testing', 'TESTPOINTS_DIR': '@TESTING_DIR@/Testpoints', 'IMAGES_DIR': 'Images', '3D_DIR': '3D', 'RESOURCES_DIR': 'kibot_resources', 'REPORT_TEMPLATE_DIR': '@RESOURCES_DIR@/templates', 'SCRIPTS_DIR': '@RESOURCES_DIR@/scripts', 'LAYER_TITLE_PAGE': 'TitlePage', 'LAYER_DNP_TOP': 'F.DNP', 'LAYER_DNP_BOTTOM': 'B.DNP', 'LAYER_DRILL_MAP': 'DrillMap', 'LAYER_TP_LIST_TOP': 'F.TestPointList', 'LAYER_TP_LIST_BOTTOM': 'B.TestPointList', 'LAYER_ASSEMBLY_TEXT_TOP': 'F.AssemblyText', 'LAYER_ASSEMBLY_TEXT_BOTTOM': 'B.AssemblyText', 'LAYER_DNP_CROSS_TOP': 'F.DNP', 'LAYER_DNP_CROSS_BOTTOM': 'B.DNP', 'FILT_FIELD_RENAME': 'field_rename', 'FILT_TP_ONLY': 'only_testpoints', 'FILT_TP_EXCLUDE': 'exclude_testpoints', 'FILT_TP_TOP_ONLY': 'only_testpoints_top', 'FILT_TP_BOTTOM_ONLY': 'only_testpoints_bottom', 'SCH_VARIANT_OUTPUT': 'value_split', 'NETLIST_OUTPUT': 'netlist', 'ODB_OUTPUT': 'zip_odb', 'EXCELLON_DRILL_OUTPUT': 'drl_excellon', 'PDF_DRILL_MAP_OUTPUT': 'pdf_drill_map', 'DXF_DRILL_MAP_OUTPUT': 'dxf_drill_map', 'CSV_DRILL_TABLE_OUTPUT': 'csv_drill_table', 'CSV_POS_OUTPUT': 'csv_position', 'CSV_TP_OUTPUT': 'csv_testpoints', 'CSV_TP_TOP_OUTPUT': 'csv_testpoints_top', 'CSV_TP_BOTTOM_OUTPUT': 'csv_testpoints_bottom', 'CSV_BOM_OUTPUT': 'csv_bom', 'XLSX_BOM_OUTPUT': 'xlsx_bom', 'HTML_IBOM_OUTPUT': 'html_bom_interactive', 'HTML_BOM_OUTPUT': 'html_bom', 'CSV_COMP_COUNT_OUPUT': 'csv_comp_count', 'CSV_IMPEDANCE_TABLE_OUTPUT': 'csv_impedance_table', 'TXT_FAB_NOTES_OUTPUT': 'txt_fabrication_notes', 'TXT_ASSEMBLY_NOTES_OUTPUT': 'txt_assembly_notes', 'PNG_3D_VIEWER_TOP': 'png_3d_viewer_top', 'PNG_3D_VIEWER_BOTTOM': 'png_3d_viewer_bottom', 'PNG_3D_VIEWER_ANGLED_TOP': 'png_3d_viewer_angled_top', 'PNG_3D_VIEWER_ANGLED_BOTTOM': 'png_3d_viewer_angled_bottom', 'STEP_OUTPUT': 'step', 'BLENDER_OUTPUT': 'blender', 'PDF_SCHEMATIC_OUTPUT': 'pdf_schematic', 'PDF_FABRICATION_OUTPUT': 'pdf_fabrication', 'PDF_ASSEMBLY_OUTPUT': 'pdf_assembly', 'ZIP_COMPRESS_FAB_OUTPUT': 'zip_compress_fab', 'HTML_KICANVAS_OUTPUT': 'html_kicanvas', 'HTML_KIRI_OUTPUT': 'html_kiri', 'MD_README_OUTPUT': 'md_readme', 'HTML_NAV_RES_OUTPUT': 'html_navigate_results'} (kibot - config_reader.py:680)
DEBUG:YAML after expanding definitions:
# KiBot preflight for Draw Fancy Stackup feature
# https://kibot.readthedocs.io/en/latest/configuration/preflights/draw_fancy_stackup.html

kibot:
  version: 1

preflight:
  update_xml: true
  draw_fancy_stackup:
    gerber: 'gbr_gerbers'
    gerber_extension_only: True
    draw_stackup: True
    draw_vias: True
    columns:
      - 'material'
      - 'layer'
      - 'thickness'
      - 'dielectric'
      - 'layer_type'
      - 'gerber'
    note: 'external layer thicknesses are specified after plating'

 (kibot - config_reader.py:686)
DEBUG:Parsing preflight options: {'update_xml': True, 'draw_fancy_stackup': {'gerber': 'gbr_gerbers', 'gerber_extension_only': True, 'draw_stackup': True, 'draw_vias': True, 'columns': ['material', 'layer', 'thickness', 'dielectric', 'layer_type', 'gerber'], 'note': 'external layer thicknesses are specified after plating'}} (kibot - config_reader.py:283)
DEBUG:Parsing preflight update_xml (kibot - config_reader.py:292)
DEBUG:Parsing preflight draw_fancy_stackup (kibot - config_reader.py:292)
DEBUG:Preflights loaded from `kibot_yaml/kibot_pre_draw_stackup.yaml`: ['update_xml', 'draw_fancy_stackup'] (kibot - config_reader.py:385)
DEBUG:Found local definitions (kibot - config_reader.py:651)
DEBUG:- Local definitions: {'NAME': 'netlist', 'COMMENT': 'Schematic netlist in KiCad format'} (kibot - config_reader.py:661)
DEBUG:- Current definitions: {'PROJECT_NAME': 'LE_V2', 'BOARD_NAME': 'LE_BMS_A_V2', 'COMPANY': 'Company Name', 'DESIGNER': 'Author', 'LOGO': 'Logos/dummy_logo.png', 'GIT_URL': 'https://github.com/nguyen-v/KDT_Hierarchical_KiBot', 'CHECK_ZONE_FILLS': False, 'STACKUP_TABLE_NOTE': 'external layer thicknesses are specified after plating', 'MPN_FIELD': 'Manufacturer Part Number', 'MAN_FIELD': 'Manufacturer', 'GROUP_ROUND_SLOTS': True, 'GROUP_PTH_NPTH': 'no', 'GROUP_PTH_NPTH_DRL': False, 'PLOT_REFS': True, 'COLOR_THEME': 'Altium_Theme', 'SHEET_WKS': '${KIPRJMOD}/Templates/KDT_Template_PCB_GIT_A4.kicad_wks', 'FAB_SCALING': 1, 'ASSEMBLY_SCALING': 1, 'EXCLUDE_REFS': '[MB*]', '3D_VIEWER_ROT_X': 2, '3D_VIEWER_ROT_Y': -1, '3D_VIEWER_ROT_Z': 1, '3D_VIEWER_ZOOM': -1, 'KEY_COLOR': '#00FF00', 'OUTPUT_DIR': './', 'REPORT_DIR': 'Reports', 'SCHEMATIC_DIR': 'Schematic', 'MANUFACTURING_DIR': 'Manufacturing', 'ASSEMBLY_DIR': '@MANUFACTURING_DIR@/Assembly', 'FABRICATION_DIR': '@MANUFACTURING_DIR@/Fabrication', 'GERBERS_DIR': '@FABRICATION_DIR@/Gerbers', 'FAB_DRILL_TABLES_DIR': '@FABRICATION_DIR@/Drill Tables', 'TESTING_DIR': 'Testing', 'TESTPOINTS_DIR': '@TESTING_DIR@/Testpoints', 'IMAGES_DIR': 'Images', '3D_DIR': '3D', 'RESOURCES_DIR': 'kibot_resources', 'REPORT_TEMPLATE_DIR': '@RESOURCES_DIR@/templates', 'SCRIPTS_DIR': '@RESOURCES_DIR@/scripts', 'LAYER_TITLE_PAGE': 'TitlePage', 'LAYER_DNP_TOP': 'F.DNP', 'LAYER_DNP_BOTTOM': 'B.DNP', 'LAYER_DRILL_MAP': 'DrillMap', 'LAYER_TP_LIST_TOP': 'F.TestPointList', 'LAYER_TP_LIST_BOTTOM': 'B.TestPointList', 'LAYER_ASSEMBLY_TEXT_TOP': 'F.AssemblyText', 'LAYER_ASSEMBLY_TEXT_BOTTOM': 'B.AssemblyText', 'LAYER_DNP_CROSS_TOP': 'F.DNP', 'LAYER_DNP_CROSS_BOTTOM': 'B.DNP', 'FILT_FIELD_RENAME': 'field_rename', 'FILT_TP_ONLY': 'only_testpoints', 'FILT_TP_EXCLUDE': 'exclude_testpoints', 'FILT_TP_TOP_ONLY': 'only_testpoints_top', 'FILT_TP_BOTTOM_ONLY': 'only_testpoints_bottom', 'SCH_VARIANT_OUTPUT': 'value_split', 'NETLIST_OUTPUT': 'netlist', 'GERBER_OUTPUT': 'gbr_gerbers', 'ODB_OUTPUT': 'zip_odb', 'EXCELLON_DRILL_OUTPUT': 'drl_excellon', 'PDF_DRILL_MAP_OUTPUT': 'pdf_drill_map', 'DXF_DRILL_MAP_OUTPUT': 'dxf_drill_map', 'CSV_DRILL_TABLE_OUTPUT': 'csv_drill_table', 'CSV_POS_OUTPUT': 'csv_position', 'CSV_TP_OUTPUT': 'csv_testpoints', 'CSV_TP_TOP_OUTPUT': 'csv_testpoints_top', 'CSV_TP_BOTTOM_OUTPUT': 'csv_testpoints_bottom', 'CSV_BOM_OUTPUT': 'csv_bom', 'XLSX_BOM_OUTPUT': 'xlsx_bom', 'HTML_IBOM_OUTPUT': 'html_bom_interactive', 'HTML_BOM_OUTPUT': 'html_bom', 'CSV_COMP_COUNT_OUPUT': 'csv_comp_count', 'CSV_IMPEDANCE_TABLE_OUTPUT': 'csv_impedance_table', 'TXT_FAB_NOTES_OUTPUT': 'txt_fabrication_notes', 'TXT_ASSEMBLY_NOTES_OUTPUT': 'txt_assembly_notes', 'PNG_3D_VIEWER_TOP': 'png_3d_viewer_top', 'PNG_3D_VIEWER_BOTTOM': 'png_3d_viewer_bottom', 'PNG_3D_VIEWER_ANGLED_TOP': 'png_3d_viewer_angled_top', 'PNG_3D_VIEWER_ANGLED_BOTTOM': 'png_3d_viewer_angled_bottom', 'STEP_OUTPUT': 'step', 'BLENDER_OUTPUT': 'blender', 'PDF_SCHEMATIC_OUTPUT': 'pdf_schematic', 'PDF_FABRICATION_OUTPUT': 'pdf_fabrication', 'PDF_ASSEMBLY_OUTPUT': 'pdf_assembly', 'ZIP_COMPRESS_FAB_OUTPUT': 'zip_compress_fab', 'HTML_KICANVAS_OUTPUT': 'html_kicanvas', 'HTML_KIRI_OUTPUT': 'html_kiri', 'MD_README_OUTPUT': 'md_readme', 'HTML_NAV_RES_OUTPUT': 'html_navigate_results', 'NAME': 'netlist', 'COMMENT': 'Schematic netlist in KiCad format'} (kibot - config_reader.py:662)
DEBUG:- Updated definitions: {'NAME': 'netlist', 'COMMENT': 'Schematic netlist in KiCad format', 'PROJECT_NAME': 'LE_V2', 'BOARD_NAME': 'LE_BMS_A_V2', 'COMPANY': 'Company Name', 'DESIGNER': 'Author', 'LOGO': 'Logos/dummy_logo.png', 'GIT_URL': 'https://github.com/nguyen-v/KDT_Hierarchical_KiBot', 'CHECK_ZONE_FILLS': False, 'STACKUP_TABLE_NOTE': 'external layer thicknesses are specified after plating', 'MPN_FIELD': 'Manufacturer Part Number', 'MAN_FIELD': 'Manufacturer', 'GROUP_ROUND_SLOTS': True, 'GROUP_PTH_NPTH': 'no', 'GROUP_PTH_NPTH_DRL': False, 'PLOT_REFS': True, 'COLOR_THEME': 'Altium_Theme', 'SHEET_WKS': '${KIPRJMOD}/Templates/KDT_Template_PCB_GIT_A4.kicad_wks', 'FAB_SCALING': 1, 'ASSEMBLY_SCALING': 1, 'EXCLUDE_REFS': '[MB*]', '3D_VIEWER_ROT_X': 2, '3D_VIEWER_ROT_Y': -1, '3D_VIEWER_ROT_Z': 1, '3D_VIEWER_ZOOM': -1, 'KEY_COLOR': '#00FF00', 'OUTPUT_DIR': './', 'REPORT_DIR': 'Reports', 'SCHEMATIC_DIR': 'Schematic', 'MANUFACTURING_DIR': 'Manufacturing', 'ASSEMBLY_DIR': '@MANUFACTURING_DIR@/Assembly', 'FABRICATION_DIR': '@MANUFACTURING_DIR@/Fabrication', 'GERBERS_DIR': '@FABRICATION_DIR@/Gerbers', 'FAB_DRILL_TABLES_DIR': '@FABRICATION_DIR@/Drill Tables', 'TESTING_DIR': 'Testing', 'TESTPOINTS_DIR': '@TESTING_DIR@/Testpoints', 'IMAGES_DIR': 'Images', '3D_DIR': '3D', 'RESOURCES_DIR': 'kibot_resources', 'REPORT_TEMPLATE_DIR': '@RESOURCES_DIR@/templates', 'SCRIPTS_DIR': '@RESOURCES_DIR@/scripts', 'LAYER_TITLE_PAGE': 'TitlePage', 'LAYER_DNP_TOP': 'F.DNP', 'LAYER_DNP_BOTTOM': 'B.DNP', 'LAYER_DRILL_MAP': 'DrillMap', 'LAYER_TP_LIST_TOP': 'F.TestPointList', 'LAYER_TP_LIST_BOTTOM': 'B.TestPointList', 'LAYER_ASSEMBLY_TEXT_TOP': 'F.AssemblyText', 'LAYER_ASSEMBLY_TEXT_BOTTOM': 'B.AssemblyText', 'LAYER_DNP_CROSS_TOP': 'F.DNP', 'LAYER_DNP_CROSS_BOTTOM': 'B.DNP', 'FILT_FIELD_RENAME': 'field_rename', 'FILT_TP_ONLY': 'only_testpoints', 'FILT_TP_EXCLUDE': 'exclude_testpoints', 'FILT_TP_TOP_ONLY': 'only_testpoints_top', 'FILT_TP_BOTTOM_ONLY': 'only_testpoints_bottom', 'SCH_VARIANT_OUTPUT': 'value_split', 'NETLIST_OUTPUT': 'netlist', 'GERBER_OUTPUT': 'gbr_gerbers', 'ODB_OUTPUT': 'zip_odb', 'EXCELLON_DRILL_OUTPUT': 'drl_excellon', 'PDF_DRILL_MAP_OUTPUT': 'pdf_drill_map', 'DXF_DRILL_MAP_OUTPUT': 'dxf_drill_map', 'CSV_DRILL_TABLE_OUTPUT': 'csv_drill_table', 'CSV_POS_OUTPUT': 'csv_position', 'CSV_TP_OUTPUT': 'csv_testpoints', 'CSV_TP_TOP_OUTPUT': 'csv_testpoints_top', 'CSV_TP_BOTTOM_OUTPUT': 'csv_testpoints_bottom', 'CSV_BOM_OUTPUT': 'csv_bom', 'XLSX_BOM_OUTPUT': 'xlsx_bom', 'HTML_IBOM_OUTPUT': 'html_bom_interactive', 'HTML_BOM_OUTPUT': 'html_bom', 'CSV_COMP_COUNT_OUPUT': 'csv_comp_count', 'CSV_IMPEDANCE_TABLE_OUTPUT': 'csv_impedance_table', 'TXT_FAB_NOTES_OUTPUT': 'txt_fabrication_notes', 'TXT_ASSEMBLY_NOTES_OUTPUT': 'txt_assembly_notes', 'PNG_3D_VIEWER_TOP': 'png_3d_viewer_top', 'PNG_3D_VIEWER_BOTTOM': 'png_3d_viewer_bottom', 'PNG_3D_VIEWER_ANGLED_TOP': 'png_3d_viewer_angled_top', 'PNG_3D_VIEWER_ANGLED_BOTTOM': 'png_3d_viewer_angled_bottom', 'STEP_OUTPUT': 'step', 'BLENDER_OUTPUT': 'blender', 'PDF_SCHEMATIC_OUTPUT': 'pdf_schematic', 'PDF_FABRICATION_OUTPUT': 'pdf_fabrication', 'PDF_ASSEMBLY_OUTPUT': 'pdf_assembly', 'ZIP_COMPRESS_FAB_OUTPUT': 'zip_compress_fab', 'HTML_KICANVAS_OUTPUT': 'html_kicanvas', 'HTML_KIRI_OUTPUT': 'html_kiri', 'MD_README_OUTPUT': 'md_readme', 'HTML_NAV_RES_OUTPUT': 'html_navigate_results'} (kibot - config_reader.py:665)
DEBUG:Applying preprocessor definitions (kibot - config_reader.py:670)
DEBUG:- Applying CLI definitions: {} (kibot - config_reader.py:677)
DEBUG:- Applying collected definitions: {'NAME': 'netlist', 'COMMENT': 'Schematic netlist in KiCad format', 'PROJECT_NAME': 'LE_V2', 'BOARD_NAME': 'LE_BMS_A_V2', 'COMPANY': 'Company Name', 'DESIGNER': 'Author', 'LOGO': 'Logos/dummy_logo.png', 'GIT_URL': 'https://github.com/nguyen-v/KDT_Hierarchical_KiBot', 'CHECK_ZONE_FILLS': False, 'STACKUP_TABLE_NOTE': 'external layer thicknesses are specified after plating', 'MPN_FIELD': 'Manufacturer Part Number', 'MAN_FIELD': 'Manufacturer', 'GROUP_ROUND_SLOTS': True, 'GROUP_PTH_NPTH': 'no', 'GROUP_PTH_NPTH_DRL': False, 'PLOT_REFS': True, 'COLOR_THEME': 'Altium_Theme', 'SHEET_WKS': '${KIPRJMOD}/Templates/KDT_Template_PCB_GIT_A4.kicad_wks', 'FAB_SCALING': 1, 'ASSEMBLY_SCALING': 1, 'EXCLUDE_REFS': '[MB*]', '3D_VIEWER_ROT_X': 2, '3D_VIEWER_ROT_Y': -1, '3D_VIEWER_ROT_Z': 1, '3D_VIEWER_ZOOM': -1, 'KEY_COLOR': '#00FF00', 'OUTPUT_DIR': './', 'REPORT_DIR': 'Reports', 'SCHEMATIC_DIR': 'Schematic', 'MANUFACTURING_DIR': 'Manufacturing', 'ASSEMBLY_DIR': '@MANUFACTURING_DIR@/Assembly', 'FABRICATION_DIR': '@MANUFACTURING_DIR@/Fabrication', 'GERBERS_DIR': '@FABRICATION_DIR@/Gerbers', 'FAB_DRILL_TABLES_DIR': '@FABRICATION_DIR@/Drill Tables', 'TESTING_DIR': 'Testing', 'TESTPOINTS_DIR': '@TESTING_DIR@/Testpoints', 'IMAGES_DIR': 'Images', '3D_DIR': '3D', 'RESOURCES_DIR': 'kibot_resources', 'REPORT_TEMPLATE_DIR': '@RESOURCES_DIR@/templates', 'SCRIPTS_DIR': '@RESOURCES_DIR@/scripts', 'LAYER_TITLE_PAGE': 'TitlePage', 'LAYER_DNP_TOP': 'F.DNP', 'LAYER_DNP_BOTTOM': 'B.DNP', 'LAYER_DRILL_MAP': 'DrillMap', 'LAYER_TP_LIST_TOP': 'F.TestPointList', 'LAYER_TP_LIST_BOTTOM': 'B.TestPointList', 'LAYER_ASSEMBLY_TEXT_TOP': 'F.AssemblyText', 'LAYER_ASSEMBLY_TEXT_BOTTOM': 'B.AssemblyText', 'LAYER_DNP_CROSS_TOP': 'F.DNP', 'LAYER_DNP_CROSS_BOTTOM': 'B.DNP', 'FILT_FIELD_RENAME': 'field_rename', 'FILT_TP_ONLY': 'only_testpoints', 'FILT_TP_EXCLUDE': 'exclude_testpoints', 'FILT_TP_TOP_ONLY': 'only_testpoints_top', 'FILT_TP_BOTTOM_ONLY': 'only_testpoints_bottom', 'SCH_VARIANT_OUTPUT': 'value_split', 'NETLIST_OUTPUT': 'netlist', 'GERBER_OUTPUT': 'gbr_gerbers', 'ODB_OUTPUT': 'zip_odb', 'EXCELLON_DRILL_OUTPUT': 'drl_excellon', 'PDF_DRILL_MAP_OUTPUT': 'pdf_drill_map', 'DXF_DRILL_MAP_OUTPUT': 'dxf_drill_map', 'CSV_DRILL_TABLE_OUTPUT': 'csv_drill_table', 'CSV_POS_OUTPUT': 'csv_position', 'CSV_TP_OUTPUT': 'csv_testpoints', 'CSV_TP_TOP_OUTPUT': 'csv_testpoints_top', 'CSV_TP_BOTTOM_OUTPUT': 'csv_testpoints_bottom', 'CSV_BOM_OUTPUT': 'csv_bom', 'XLSX_BOM_OUTPUT': 'xlsx_bom', 'HTML_IBOM_OUTPUT': 'html_bom_interactive', 'HTML_BOM_OUTPUT': 'html_bom', 'CSV_COMP_COUNT_OUPUT': 'csv_comp_count', 'CSV_IMPEDANCE_TABLE_OUTPUT': 'csv_impedance_table', 'TXT_FAB_NOTES_OUTPUT': 'txt_fabrication_notes', 'TXT_ASSEMBLY_NOTES_OUTPUT': 'txt_assembly_notes', 'PNG_3D_VIEWER_TOP': 'png_3d_viewer_top', 'PNG_3D_VIEWER_BOTTOM': 'png_3d_viewer_bottom', 'PNG_3D_VIEWER_ANGLED_TOP': 'png_3d_viewer_angled_top', 'PNG_3D_VIEWER_ANGLED_BOTTOM': 'png_3d_viewer_angled_bottom', 'STEP_OUTPUT': 'step', 'BLENDER_OUTPUT': 'blender', 'PDF_SCHEMATIC_OUTPUT': 'pdf_schematic', 'PDF_FABRICATION_OUTPUT': 'pdf_fabrication', 'PDF_ASSEMBLY_OUTPUT': 'pdf_assembly', 'ZIP_COMPRESS_FAB_OUTPUT': 'zip_compress_fab', 'HTML_KICANVAS_OUTPUT': 'html_kicanvas', 'HTML_KIRI_OUTPUT': 'html_kiri', 'MD_README_OUTPUT': 'md_readme', 'HTML_NAV_RES_OUTPUT': 'html_navigate_results'} (kibot - config_reader.py:680)
DEBUG:- Replacing @NAME@ -> netlist (<class 'str'>) (kibot - config_reader.py:78)
DEBUG:- Replacing @COMMENT@ -> Schematic netlist in KiCad format (<class 'str'>) (kibot - config_reader.py:78)
DEBUG:- Applying CLI definitions: {} (kibot - config_reader.py:677)
DEBUG:- Applying collected definitions: {'NAME': 'netlist', 'COMMENT': 'Schematic netlist in KiCad format', 'PROJECT_NAME': 'LE_V2', 'BOARD_NAME': 'LE_BMS_A_V2', 'COMPANY': 'Company Name', 'DESIGNER': 'Author', 'LOGO': 'Logos/dummy_logo.png', 'GIT_URL': 'https://github.com/nguyen-v/KDT_Hierarchical_KiBot', 'CHECK_ZONE_FILLS': False, 'STACKUP_TABLE_NOTE': 'external layer thicknesses are specified after plating', 'MPN_FIELD': 'Manufacturer Part Number', 'MAN_FIELD': 'Manufacturer', 'GROUP_ROUND_SLOTS': True, 'GROUP_PTH_NPTH': 'no', 'GROUP_PTH_NPTH_DRL': False, 'PLOT_REFS': True, 'COLOR_THEME': 'Altium_Theme', 'SHEET_WKS': '${KIPRJMOD}/Templates/KDT_Template_PCB_GIT_A4.kicad_wks', 'FAB_SCALING': 1, 'ASSEMBLY_SCALING': 1, 'EXCLUDE_REFS': '[MB*]', '3D_VIEWER_ROT_X': 2, '3D_VIEWER_ROT_Y': -1, '3D_VIEWER_ROT_Z': 1, '3D_VIEWER_ZOOM': -1, 'KEY_COLOR': '#00FF00', 'OUTPUT_DIR': './', 'REPORT_DIR': 'Reports', 'SCHEMATIC_DIR': 'Schematic', 'MANUFACTURING_DIR': 'Manufacturing', 'ASSEMBLY_DIR': '@MANUFACTURING_DIR@/Assembly', 'FABRICATION_DIR': '@MANUFACTURING_DIR@/Fabrication', 'GERBERS_DIR': '@FABRICATION_DIR@/Gerbers', 'FAB_DRILL_TABLES_DIR': '@FABRICATION_DIR@/Drill Tables', 'TESTING_DIR': 'Testing', 'TESTPOINTS_DIR': '@TESTING_DIR@/Testpoints', 'IMAGES_DIR': 'Images', '3D_DIR': '3D', 'RESOURCES_DIR': 'kibot_resources', 'REPORT_TEMPLATE_DIR': '@RESOURCES_DIR@/templates', 'SCRIPTS_DIR': '@RESOURCES_DIR@/scripts', 'LAYER_TITLE_PAGE': 'TitlePage', 'LAYER_DNP_TOP': 'F.DNP', 'LAYER_DNP_BOTTOM': 'B.DNP', 'LAYER_DRILL_MAP': 'DrillMap', 'LAYER_TP_LIST_TOP': 'F.TestPointList', 'LAYER_TP_LIST_BOTTOM': 'B.TestPointList', 'LAYER_ASSEMBLY_TEXT_TOP': 'F.AssemblyText', 'LAYER_ASSEMBLY_TEXT_BOTTOM': 'B.AssemblyText', 'LAYER_DNP_CROSS_TOP': 'F.DNP', 'LAYER_DNP_CROSS_BOTTOM': 'B.DNP', 'FILT_FIELD_RENAME': 'field_rename', 'FILT_TP_ONLY': 'only_testpoints', 'FILT_TP_EXCLUDE': 'exclude_testpoints', 'FILT_TP_TOP_ONLY': 'only_testpoints_top', 'FILT_TP_BOTTOM_ONLY': 'only_testpoints_bottom', 'SCH_VARIANT_OUTPUT': 'value_split', 'NETLIST_OUTPUT': 'netlist', 'GERBER_OUTPUT': 'gbr_gerbers', 'ODB_OUTPUT': 'zip_odb', 'EXCELLON_DRILL_OUTPUT': 'drl_excellon', 'PDF_DRILL_MAP_OUTPUT': 'pdf_drill_map', 'DXF_DRILL_MAP_OUTPUT': 'dxf_drill_map', 'CSV_DRILL_TABLE_OUTPUT': 'csv_drill_table', 'CSV_POS_OUTPUT': 'csv_position', 'CSV_TP_OUTPUT': 'csv_testpoints', 'CSV_TP_TOP_OUTPUT': 'csv_testpoints_top', 'CSV_TP_BOTTOM_OUTPUT': 'csv_testpoints_bottom', 'CSV_BOM_OUTPUT': 'csv_bom', 'XLSX_BOM_OUTPUT': 'xlsx_bom', 'HTML_IBOM_OUTPUT': 'html_bom_interactive', 'HTML_BOM_OUTPUT': 'html_bom', 'CSV_COMP_COUNT_OUPUT': 'csv_comp_count', 'CSV_IMPEDANCE_TABLE_OUTPUT': 'csv_impedance_table', 'TXT_FAB_NOTES_OUTPUT': 'txt_fabrication_notes', 'TXT_ASSEMBLY_NOTES_OUTPUT': 'txt_assembly_notes', 'PNG_3D_VIEWER_TOP': 'png_3d_viewer_top', 'PNG_3D_VIEWER_BOTTOM': 'png_3d_viewer_bottom', 'PNG_3D_VIEWER_ANGLED_TOP': 'png_3d_viewer_angled_top', 'PNG_3D_VIEWER_ANGLED_BOTTOM': 'png_3d_viewer_angled_bottom', 'STEP_OUTPUT': 'step', 'BLENDER_OUTPUT': 'blender', 'PDF_SCHEMATIC_OUTPUT': 'pdf_schematic', 'PDF_FABRICATION_OUTPUT': 'pdf_fabrication', 'PDF_ASSEMBLY_OUTPUT': 'pdf_assembly', 'ZIP_COMPRESS_FAB_OUTPUT': 'zip_compress_fab', 'HTML_KICANVAS_OUTPUT': 'html_kicanvas', 'HTML_KIRI_OUTPUT': 'html_kiri', 'MD_README_OUTPUT': 'md_readme', 'HTML_NAV_RES_OUTPUT': 'html_navigate_results'} (kibot - config_reader.py:680)
DEBUG:YAML after expanding definitions:
# KiBot output for generating netlist in KiCad format
# https://kibot.readthedocs.io/en/latest/configuration/outputs/netlist.html

kibot:
  version: 1

outputs:
- name: netlist
  comment: 'Schematic netlist in KiCad format'
  type: netlist

 (kibot - config_reader.py:686)
DEBUG:Pre-parsing output options for `netlist` (netlist) (kibot - config_reader.py:169)
DEBUG:Outputs loaded from `kibot_yaml/kibot_out_netlist.yaml`: ['netlist'] (kibot - config_reader.py:361)
DEBUG:Found local definitions (kibot - config_reader.py:651)
DEBUG:- Local definitions: {'NAME': 'gbr_gerbers', 'COMMENT': 'Gerbers in GBR format', 'DIR': 'Manufacturing/Fabrication/Gerbers', 'PLOT_REFS': True} (kibot - config_reader.py:661)
DEBUG:- Current definitions: {'PROJECT_NAME': 'LE_V2', 'BOARD_NAME': 'LE_BMS_A_V2', 'COMPANY': 'Company Name', 'DESIGNER': 'Author', 'LOGO': 'Logos/dummy_logo.png', 'GIT_URL': 'https://github.com/nguyen-v/KDT_Hierarchical_KiBot', 'CHECK_ZONE_FILLS': False, 'STACKUP_TABLE_NOTE': 'external layer thicknesses are specified after plating', 'MPN_FIELD': 'Manufacturer Part Number', 'MAN_FIELD': 'Manufacturer', 'GROUP_ROUND_SLOTS': True, 'GROUP_PTH_NPTH': 'no', 'GROUP_PTH_NPTH_DRL': False, 'PLOT_REFS': True, 'COLOR_THEME': 'Altium_Theme', 'SHEET_WKS': '${KIPRJMOD}/Templates/KDT_Template_PCB_GIT_A4.kicad_wks', 'FAB_SCALING': 1, 'ASSEMBLY_SCALING': 1, 'EXCLUDE_REFS': '[MB*]', '3D_VIEWER_ROT_X': 2, '3D_VIEWER_ROT_Y': -1, '3D_VIEWER_ROT_Z': 1, '3D_VIEWER_ZOOM': -1, 'KEY_COLOR': '#00FF00', 'OUTPUT_DIR': './', 'REPORT_DIR': 'Reports', 'SCHEMATIC_DIR': 'Schematic', 'MANUFACTURING_DIR': 'Manufacturing', 'ASSEMBLY_DIR': '@MANUFACTURING_DIR@/Assembly', 'FABRICATION_DIR': '@MANUFACTURING_DIR@/Fabrication', 'GERBERS_DIR': '@FABRICATION_DIR@/Gerbers', 'FAB_DRILL_TABLES_DIR': '@FABRICATION_DIR@/Drill Tables', 'TESTING_DIR': 'Testing', 'TESTPOINTS_DIR': '@TESTING_DIR@/Testpoints', 'IMAGES_DIR': 'Images', '3D_DIR': '3D', 'RESOURCES_DIR': 'kibot_resources', 'REPORT_TEMPLATE_DIR': '@RESOURCES_DIR@/templates', 'SCRIPTS_DIR': '@RESOURCES_DIR@/scripts', 'LAYER_TITLE_PAGE': 'TitlePage', 'LAYER_DNP_TOP': 'F.DNP', 'LAYER_DNP_BOTTOM': 'B.DNP', 'LAYER_DRILL_MAP': 'DrillMap', 'LAYER_TP_LIST_TOP': 'F.TestPointList', 'LAYER_TP_LIST_BOTTOM': 'B.TestPointList', 'LAYER_ASSEMBLY_TEXT_TOP': 'F.AssemblyText', 'LAYER_ASSEMBLY_TEXT_BOTTOM': 'B.AssemblyText', 'LAYER_DNP_CROSS_TOP': 'F.DNP', 'LAYER_DNP_CROSS_BOTTOM': 'B.DNP', 'FILT_FIELD_RENAME': 'field_rename', 'FILT_TP_ONLY': 'only_testpoints', 'FILT_TP_EXCLUDE': 'exclude_testpoints', 'FILT_TP_TOP_ONLY': 'only_testpoints_top', 'FILT_TP_BOTTOM_ONLY': 'only_testpoints_bottom', 'SCH_VARIANT_OUTPUT': 'value_split', 'NETLIST_OUTPUT': 'netlist', 'GERBER_OUTPUT': 'gbr_gerbers', 'ODB_OUTPUT': 'zip_odb', 'EXCELLON_DRILL_OUTPUT': 'drl_excellon', 'PDF_DRILL_MAP_OUTPUT': 'pdf_drill_map', 'DXF_DRILL_MAP_OUTPUT': 'dxf_drill_map', 'CSV_DRILL_TABLE_OUTPUT': 'csv_drill_table', 'CSV_POS_OUTPUT': 'csv_position', 'CSV_TP_OUTPUT': 'csv_testpoints', 'CSV_TP_TOP_OUTPUT': 'csv_testpoints_top', 'CSV_TP_BOTTOM_OUTPUT': 'csv_testpoints_bottom', 'CSV_BOM_OUTPUT': 'csv_bom', 'XLSX_BOM_OUTPUT': 'xlsx_bom', 'HTML_IBOM_OUTPUT': 'html_bom_interactive', 'HTML_BOM_OUTPUT': 'html_bom', 'CSV_COMP_COUNT_OUPUT': 'csv_comp_count', 'CSV_IMPEDANCE_TABLE_OUTPUT': 'csv_impedance_table', 'TXT_FAB_NOTES_OUTPUT': 'txt_fabrication_notes', 'TXT_ASSEMBLY_NOTES_OUTPUT': 'txt_assembly_notes', 'PNG_3D_VIEWER_TOP': 'png_3d_viewer_top', 'PNG_3D_VIEWER_BOTTOM': 'png_3d_viewer_bottom', 'PNG_3D_VIEWER_ANGLED_TOP': 'png_3d_viewer_angled_top', 'PNG_3D_VIEWER_ANGLED_BOTTOM': 'png_3d_viewer_angled_bottom', 'STEP_OUTPUT': 'step', 'BLENDER_OUTPUT': 'blender', 'PDF_SCHEMATIC_OUTPUT': 'pdf_schematic', 'PDF_FABRICATION_OUTPUT': 'pdf_fabrication', 'PDF_ASSEMBLY_OUTPUT': 'pdf_assembly', 'ZIP_COMPRESS_FAB_OUTPUT': 'zip_compress_fab', 'HTML_KICANVAS_OUTPUT': 'html_kicanvas', 'HTML_KIRI_OUTPUT': 'html_kiri', 'MD_README_OUTPUT': 'md_readme', 'HTML_NAV_RES_OUTPUT': 'html_navigate_results', 'NAME': 'gbr_gerbers', 'COMMENT': 'Gerbers in GBR format', 'DIR': 'Manufacturing/Fabrication/Gerbers'} (kibot - config_reader.py:662)
DEBUG:- Updated definitions: {'NAME': 'gbr_gerbers', 'COMMENT': 'Gerbers in GBR format', 'DIR': 'Manufacturing/Fabrication/Gerbers', 'PLOT_REFS': True, 'PROJECT_NAME': 'LE_V2', 'BOARD_NAME': 'LE_BMS_A_V2', 'COMPANY': 'Company Name', 'DESIGNER': 'Author', 'LOGO': 'Logos/dummy_logo.png', 'GIT_URL': 'https://github.com/nguyen-v/KDT_Hierarchical_KiBot', 'CHECK_ZONE_FILLS': False, 'STACKUP_TABLE_NOTE': 'external layer thicknesses are specified after plating', 'MPN_FIELD': 'Manufacturer Part Number', 'MAN_FIELD': 'Manufacturer', 'GROUP_ROUND_SLOTS': True, 'GROUP_PTH_NPTH': 'no', 'GROUP_PTH_NPTH_DRL': False, 'COLOR_THEME': 'Altium_Theme', 'SHEET_WKS': '${KIPRJMOD}/Templates/KDT_Template_PCB_GIT_A4.kicad_wks', 'FAB_SCALING': 1, 'ASSEMBLY_SCALING': 1, 'EXCLUDE_REFS': '[MB*]', '3D_VIEWER_ROT_X': 2, '3D_VIEWER_ROT_Y': -1, '3D_VIEWER_ROT_Z': 1, '3D_VIEWER_ZOOM': -1, 'KEY_COLOR': '#00FF00', 'OUTPUT_DIR': './', 'REPORT_DIR': 'Reports', 'SCHEMATIC_DIR': 'Schematic', 'MANUFACTURING_DIR': 'Manufacturing', 'ASSEMBLY_DIR': '@MANUFACTURING_DIR@/Assembly', 'FABRICATION_DIR': '@MANUFACTURING_DIR@/Fabrication', 'GERBERS_DIR': '@FABRICATION_DIR@/Gerbers', 'FAB_DRILL_TABLES_DIR': '@FABRICATION_DIR@/Drill Tables', 'TESTING_DIR': 'Testing', 'TESTPOINTS_DIR': '@TESTING_DIR@/Testpoints', 'IMAGES_DIR': 'Images', '3D_DIR': '3D', 'RESOURCES_DIR': 'kibot_resources', 'REPORT_TEMPLATE_DIR': '@RESOURCES_DIR@/templates', 'SCRIPTS_DIR': '@RESOURCES_DIR@/scripts', 'LAYER_TITLE_PAGE': 'TitlePage', 'LAYER_DNP_TOP': 'F.DNP', 'LAYER_DNP_BOTTOM': 'B.DNP', 'LAYER_DRILL_MAP': 'DrillMap', 'LAYER_TP_LIST_TOP': 'F.TestPointList', 'LAYER_TP_LIST_BOTTOM': 'B.TestPointList', 'LAYER_ASSEMBLY_TEXT_TOP': 'F.AssemblyText', 'LAYER_ASSEMBLY_TEXT_BOTTOM': 'B.AssemblyText', 'LAYER_DNP_CROSS_TOP': 'F.DNP', 'LAYER_DNP_CROSS_BOTTOM': 'B.DNP', 'FILT_FIELD_RENAME': 'field_rename', 'FILT_TP_ONLY': 'only_testpoints', 'FILT_TP_EXCLUDE': 'exclude_testpoints', 'FILT_TP_TOP_ONLY': 'only_testpoints_top', 'FILT_TP_BOTTOM_ONLY': 'only_testpoints_bottom', 'SCH_VARIANT_OUTPUT': 'value_split', 'NETLIST_OUTPUT': 'netlist', 'GERBER_OUTPUT': 'gbr_gerbers', 'ODB_OUTPUT': 'zip_odb', 'EXCELLON_DRILL_OUTPUT': 'drl_excellon', 'PDF_DRILL_MAP_OUTPUT': 'pdf_drill_map', 'DXF_DRILL_MAP_OUTPUT': 'dxf_drill_map', 'CSV_DRILL_TABLE_OUTPUT': 'csv_drill_table', 'CSV_POS_OUTPUT': 'csv_position', 'CSV_TP_OUTPUT': 'csv_testpoints', 'CSV_TP_TOP_OUTPUT': 'csv_testpoints_top', 'CSV_TP_BOTTOM_OUTPUT': 'csv_testpoints_bottom', 'CSV_BOM_OUTPUT': 'csv_bom', 'XLSX_BOM_OUTPUT': 'xlsx_bom', 'HTML_IBOM_OUTPUT': 'html_bom_interactive', 'HTML_BOM_OUTPUT': 'html_bom', 'CSV_COMP_COUNT_OUPUT': 'csv_comp_count', 'CSV_IMPEDANCE_TABLE_OUTPUT': 'csv_impedance_table', 'TXT_FAB_NOTES_OUTPUT': 'txt_fabrication_notes', 'TXT_ASSEMBLY_NOTES_OUTPUT': 'txt_assembly_notes', 'PNG_3D_VIEWER_TOP': 'png_3d_viewer_top', 'PNG_3D_VIEWER_BOTTOM': 'png_3d_viewer_bottom', 'PNG_3D_VIEWER_ANGLED_TOP': 'png_3d_viewer_angled_top', 'PNG_3D_VIEWER_ANGLED_BOTTOM': 'png_3d_viewer_angled_bottom', 'STEP_OUTPUT': 'step', 'BLENDER_OUTPUT': 'blender', 'PDF_SCHEMATIC_OUTPUT': 'pdf_schematic', 'PDF_FABRICATION_OUTPUT': 'pdf_fabrication', 'PDF_ASSEMBLY_OUTPUT': 'pdf_assembly', 'ZIP_COMPRESS_FAB_OUTPUT': 'zip_compress_fab', 'HTML_KICANVAS_OUTPUT': 'html_kicanvas', 'HTML_KIRI_OUTPUT': 'html_kiri', 'MD_README_OUTPUT': 'md_readme', 'HTML_NAV_RES_OUTPUT': 'html_navigate_results'} (kibot - config_reader.py:665)
DEBUG:Applying preprocessor definitions (kibot - config_reader.py:670)
DEBUG:- Applying CLI definitions: {} (kibot - config_reader.py:677)
DEBUG:- Applying collected definitions: {'NAME': 'gbr_gerbers', 'COMMENT': 'Gerbers in GBR format', 'DIR': 'Manufacturing/Fabrication/Gerbers', 'PLOT_REFS': True, 'PROJECT_NAME': 'LE_V2', 'BOARD_NAME': 'LE_BMS_A_V2', 'COMPANY': 'Company Name', 'DESIGNER': 'Author', 'LOGO': 'Logos/dummy_logo.png', 'GIT_URL': 'https://github.com/nguyen-v/KDT_Hierarchical_KiBot', 'CHECK_ZONE_FILLS': False, 'STACKUP_TABLE_NOTE': 'external layer thicknesses are specified after plating', 'MPN_FIELD': 'Manufacturer Part Number', 'MAN_FIELD': 'Manufacturer', 'GROUP_ROUND_SLOTS': True, 'GROUP_PTH_NPTH': 'no', 'GROUP_PTH_NPTH_DRL': False, 'COLOR_THEME': 'Altium_Theme', 'SHEET_WKS': '${KIPRJMOD}/Templates/KDT_Template_PCB_GIT_A4.kicad_wks', 'FAB_SCALING': 1, 'ASSEMBLY_SCALING': 1, 'EXCLUDE_REFS': '[MB*]', '3D_VIEWER_ROT_X': 2, '3D_VIEWER_ROT_Y': -1, '3D_VIEWER_ROT_Z': 1, '3D_VIEWER_ZOOM': -1, 'KEY_COLOR': '#00FF00', 'OUTPUT_DIR': './', 'REPORT_DIR': 'Reports', 'SCHEMATIC_DIR': 'Schematic', 'MANUFACTURING_DIR': 'Manufacturing', 'ASSEMBLY_DIR': '@MANUFACTURING_DIR@/Assembly', 'FABRICATION_DIR': '@MANUFACTURING_DIR@/Fabrication', 'GERBERS_DIR': '@FABRICATION_DIR@/Gerbers', 'FAB_DRILL_TABLES_DIR': '@FABRICATION_DIR@/Drill Tables', 'TESTING_DIR': 'Testing', 'TESTPOINTS_DIR': '@TESTING_DIR@/Testpoints', 'IMAGES_DIR': 'Images', '3D_DIR': '3D', 'RESOURCES_DIR': 'kibot_resources', 'REPORT_TEMPLATE_DIR': '@RESOURCES_DIR@/templates', 'SCRIPTS_DIR': '@RESOURCES_DIR@/scripts', 'LAYER_TITLE_PAGE': 'TitlePage', 'LAYER_DNP_TOP': 'F.DNP', 'LAYER_DNP_BOTTOM': 'B.DNP', 'LAYER_DRILL_MAP': 'DrillMap', 'LAYER_TP_LIST_TOP': 'F.TestPointList', 'LAYER_TP_LIST_BOTTOM': 'B.TestPointList', 'LAYER_ASSEMBLY_TEXT_TOP': 'F.AssemblyText', 'LAYER_ASSEMBLY_TEXT_BOTTOM': 'B.AssemblyText', 'LAYER_DNP_CROSS_TOP': 'F.DNP', 'LAYER_DNP_CROSS_BOTTOM': 'B.DNP', 'FILT_FIELD_RENAME': 'field_rename', 'FILT_TP_ONLY': 'only_testpoints', 'FILT_TP_EXCLUDE': 'exclude_testpoints', 'FILT_TP_TOP_ONLY': 'only_testpoints_top', 'FILT_TP_BOTTOM_ONLY': 'only_testpoints_bottom', 'SCH_VARIANT_OUTPUT': 'value_split', 'NETLIST_OUTPUT': 'netlist', 'GERBER_OUTPUT': 'gbr_gerbers', 'ODB_OUTPUT': 'zip_odb', 'EXCELLON_DRILL_OUTPUT': 'drl_excellon', 'PDF_DRILL_MAP_OUTPUT': 'pdf_drill_map', 'DXF_DRILL_MAP_OUTPUT': 'dxf_drill_map', 'CSV_DRILL_TABLE_OUTPUT': 'csv_drill_table', 'CSV_POS_OUTPUT': 'csv_position', 'CSV_TP_OUTPUT': 'csv_testpoints', 'CSV_TP_TOP_OUTPUT': 'csv_testpoints_top', 'CSV_TP_BOTTOM_OUTPUT': 'csv_testpoints_bottom', 'CSV_BOM_OUTPUT': 'csv_bom', 'XLSX_BOM_OUTPUT': 'xlsx_bom', 'HTML_IBOM_OUTPUT': 'html_bom_interactive', 'HTML_BOM_OUTPUT': 'html_bom', 'CSV_COMP_COUNT_OUPUT': 'csv_comp_count', 'CSV_IMPEDANCE_TABLE_OUTPUT': 'csv_impedance_table', 'TXT_FAB_NOTES_OUTPUT': 'txt_fabrication_notes', 'TXT_ASSEMBLY_NOTES_OUTPUT': 'txt_assembly_notes', 'PNG_3D_VIEWER_TOP': 'png_3d_viewer_top', 'PNG_3D_VIEWER_BOTTOM': 'png_3d_viewer_bottom', 'PNG_3D_VIEWER_ANGLED_TOP': 'png_3d_viewer_angled_top', 'PNG_3D_VIEWER_ANGLED_BOTTOM': 'png_3d_viewer_angled_bottom', 'STEP_OUTPUT': 'step', 'BLENDER_OUTPUT': 'blender', 'PDF_SCHEMATIC_OUTPUT': 'pdf_schematic', 'PDF_FABRICATION_OUTPUT': 'pdf_fabrication', 'PDF_ASSEMBLY_OUTPUT': 'pdf_assembly', 'ZIP_COMPRESS_FAB_OUTPUT': 'zip_compress_fab', 'HTML_KICANVAS_OUTPUT': 'html_kicanvas', 'HTML_KIRI_OUTPUT': 'html_kiri', 'MD_README_OUTPUT': 'md_readme', 'HTML_NAV_RES_OUTPUT': 'html_navigate_results'} (kibot - config_reader.py:680)
DEBUG:- Replacing @NAME@ -> gbr_gerbers (<class 'str'>) (kibot - config_reader.py:78)
DEBUG:- Replacing @COMMENT@ -> Gerbers in GBR format (<class 'str'>) (kibot - config_reader.py:78)
DEBUG:- Replacing @DIR@ -> Manufacturing/Fabrication/Gerbers (<class 'str'>) (kibot - config_reader.py:78)
DEBUG:- Replacing @PLOT_REFS@ -> true (<class 'str'>) (kibot - config_reader.py:78)
DEBUG:- Applying CLI definitions: {} (kibot - config_reader.py:677)
DEBUG:- Applying collected definitions: {'NAME': 'gbr_gerbers', 'COMMENT': 'Gerbers in GBR format', 'DIR': 'Manufacturing/Fabrication/Gerbers', 'PLOT_REFS': True, 'PROJECT_NAME': 'LE_V2', 'BOARD_NAME': 'LE_BMS_A_V2', 'COMPANY': 'Company Name', 'DESIGNER': 'Author', 'LOGO': 'Logos/dummy_logo.png', 'GIT_URL': 'https://github.com/nguyen-v/KDT_Hierarchical_KiBot', 'CHECK_ZONE_FILLS': False, 'STACKUP_TABLE_NOTE': 'external layer thicknesses are specified after plating', 'MPN_FIELD': 'Manufacturer Part Number', 'MAN_FIELD': 'Manufacturer', 'GROUP_ROUND_SLOTS': True, 'GROUP_PTH_NPTH': 'no', 'GROUP_PTH_NPTH_DRL': False, 'COLOR_THEME': 'Altium_Theme', 'SHEET_WKS': '${KIPRJMOD}/Templates/KDT_Template_PCB_GIT_A4.kicad_wks', 'FAB_SCALING': 1, 'ASSEMBLY_SCALING': 1, 'EXCLUDE_REFS': '[MB*]', '3D_VIEWER_ROT_X': 2, '3D_VIEWER_ROT_Y': -1, '3D_VIEWER_ROT_Z': 1, '3D_VIEWER_ZOOM': -1, 'KEY_COLOR': '#00FF00', 'OUTPUT_DIR': './', 'REPORT_DIR': 'Reports', 'SCHEMATIC_DIR': 'Schematic', 'MANUFACTURING_DIR': 'Manufacturing', 'ASSEMBLY_DIR': '@MANUFACTURING_DIR@/Assembly', 'FABRICATION_DIR': '@MANUFACTURING_DIR@/Fabrication', 'GERBERS_DIR': '@FABRICATION_DIR@/Gerbers', 'FAB_DRILL_TABLES_DIR': '@FABRICATION_DIR@/Drill Tables', 'TESTING_DIR': 'Testing', 'TESTPOINTS_DIR': '@TESTING_DIR@/Testpoints', 'IMAGES_DIR': 'Images', '3D_DIR': '3D', 'RESOURCES_DIR': 'kibot_resources', 'REPORT_TEMPLATE_DIR': '@RESOURCES_DIR@/templates', 'SCRIPTS_DIR': '@RESOURCES_DIR@/scripts', 'LAYER_TITLE_PAGE': 'TitlePage', 'LAYER_DNP_TOP': 'F.DNP', 'LAYER_DNP_BOTTOM': 'B.DNP', 'LAYER_DRILL_MAP': 'DrillMap', 'LAYER_TP_LIST_TOP': 'F.TestPointList', 'LAYER_TP_LIST_BOTTOM': 'B.TestPointList', 'LAYER_ASSEMBLY_TEXT_TOP': 'F.AssemblyText', 'LAYER_ASSEMBLY_TEXT_BOTTOM': 'B.AssemblyText', 'LAYER_DNP_CROSS_TOP': 'F.DNP', 'LAYER_DNP_CROSS_BOTTOM': 'B.DNP', 'FILT_FIELD_RENAME': 'field_rename', 'FILT_TP_ONLY': 'only_testpoints', 'FILT_TP_EXCLUDE': 'exclude_testpoints', 'FILT_TP_TOP_ONLY': 'only_testpoints_top', 'FILT_TP_BOTTOM_ONLY': 'only_testpoints_bottom', 'SCH_VARIANT_OUTPUT': 'value_split', 'NETLIST_OUTPUT': 'netlist', 'GERBER_OUTPUT': 'gbr_gerbers', 'ODB_OUTPUT': 'zip_odb', 'EXCELLON_DRILL_OUTPUT': 'drl_excellon', 'PDF_DRILL_MAP_OUTPUT': 'pdf_drill_map', 'DXF_DRILL_MAP_OUTPUT': 'dxf_drill_map', 'CSV_DRILL_TABLE_OUTPUT': 'csv_drill_table', 'CSV_POS_OUTPUT': 'csv_position', 'CSV_TP_OUTPUT': 'csv_testpoints', 'CSV_TP_TOP_OUTPUT': 'csv_testpoints_top', 'CSV_TP_BOTTOM_OUTPUT': 'csv_testpoints_bottom', 'CSV_BOM_OUTPUT': 'csv_bom', 'XLSX_BOM_OUTPUT': 'xlsx_bom', 'HTML_IBOM_OUTPUT': 'html_bom_interactive', 'HTML_BOM_OUTPUT': 'html_bom', 'CSV_COMP_COUNT_OUPUT': 'csv_comp_count', 'CSV_IMPEDANCE_TABLE_OUTPUT': 'csv_impedance_table', 'TXT_FAB_NOTES_OUTPUT': 'txt_fabrication_notes', 'TXT_ASSEMBLY_NOTES_OUTPUT': 'txt_assembly_notes', 'PNG_3D_VIEWER_TOP': 'png_3d_viewer_top', 'PNG_3D_VIEWER_BOTTOM': 'png_3d_viewer_bottom', 'PNG_3D_VIEWER_ANGLED_TOP': 'png_3d_viewer_angled_top', 'PNG_3D_VIEWER_ANGLED_BOTTOM': 'png_3d_viewer_angled_bottom', 'STEP_OUTPUT': 'step', 'BLENDER_OUTPUT': 'blender', 'PDF_SCHEMATIC_OUTPUT': 'pdf_schematic', 'PDF_FABRICATION_OUTPUT': 'pdf_fabrication', 'PDF_ASSEMBLY_OUTPUT': 'pdf_assembly', 'ZIP_COMPRESS_FAB_OUTPUT': 'zip_compress_fab', 'HTML_KICANVAS_OUTPUT': 'html_kicanvas', 'HTML_KIRI_OUTPUT': 'html_kiri', 'MD_README_OUTPUT': 'md_readme', 'HTML_NAV_RES_OUTPUT': 'html_navigate_results'} (kibot - config_reader.py:680)
DEBUG:YAML after expanding definitions:
# KiBot output for generating Gerber files
# https://kibot.readthedocs.io/en/latest/configuration/outputs/gerber.html

kibot:
  version: 1

outputs:
- name: gbr_gerbers
  comment: 'Gerbers in GBR format'
  type: gerber
  category: 'Manufacturing/Fabrication/Gerbers'
  dir: 'Manufacturing/Fabrication/Gerbers'
  layers: ['copper', 'Edge.Cuts', 'F.Silkscreen', 'F.Mask', 'F.Paste', 'B.Silkscreen', 'B.Mask', 'B.Paste']
  options:
    subtract_mask_from_silk: true
    plot_footprint_refs: true
    plot_footprint_values: false
    create_gerber_job_file: false

 (kibot - config_reader.py:686)
DEBUG:Pre-parsing output options for `gbr_gerbers` (gerber) (kibot - config_reader.py:169)
DEBUG:Outputs loaded from `kibot_yaml/kibot_out_gerber.yaml`: ['gbr_gerbers'] (kibot - config_reader.py:361)
DEBUG:Found local definitions (kibot - config_reader.py:651)
DEBUG:- Local definitions: {'NAME': 'zip_odb', 'COMMENT': 'ODB++ in ZIP format', 'DIR': 'Manufacturing/Fabrication'} (kibot - config_reader.py:661)
DEBUG:- Current definitions: {'PROJECT_NAME': 'LE_V2', 'BOARD_NAME': 'LE_BMS_A_V2', 'COMPANY': 'Company Name', 'DESIGNER': 'Author', 'LOGO': 'Logos/dummy_logo.png', 'GIT_URL': 'https://github.com/nguyen-v/KDT_Hierarchical_KiBot', 'CHECK_ZONE_FILLS': False, 'STACKUP_TABLE_NOTE': 'external layer thicknesses are specified after plating', 'MPN_FIELD': 'Manufacturer Part Number', 'MAN_FIELD': 'Manufacturer', 'GROUP_ROUND_SLOTS': True, 'GROUP_PTH_NPTH': 'no', 'GROUP_PTH_NPTH_DRL': False, 'PLOT_REFS': True, 'COLOR_THEME': 'Altium_Theme', 'SHEET_WKS': '${KIPRJMOD}/Templates/KDT_Template_PCB_GIT_A4.kicad_wks', 'FAB_SCALING': 1, 'ASSEMBLY_SCALING': 1, 'EXCLUDE_REFS': '[MB*]', '3D_VIEWER_ROT_X': 2, '3D_VIEWER_ROT_Y': -1, '3D_VIEWER_ROT_Z': 1, '3D_VIEWER_ZOOM': -1, 'KEY_COLOR': '#00FF00', 'OUTPUT_DIR': './', 'REPORT_DIR': 'Reports', 'SCHEMATIC_DIR': 'Schematic', 'MANUFACTURING_DIR': 'Manufacturing', 'ASSEMBLY_DIR': '@MANUFACTURING_DIR@/Assembly', 'FABRICATION_DIR': '@MANUFACTURING_DIR@/Fabrication', 'GERBERS_DIR': '@FABRICATION_DIR@/Gerbers', 'FAB_DRILL_TABLES_DIR': '@FABRICATION_DIR@/Drill Tables', 'TESTING_DIR': 'Testing', 'TESTPOINTS_DIR': '@TESTING_DIR@/Testpoints', 'IMAGES_DIR': 'Images', '3D_DIR': '3D', 'RESOURCES_DIR': 'kibot_resources', 'REPORT_TEMPLATE_DIR': '@RESOURCES_DIR@/templates', 'SCRIPTS_DIR': '@RESOURCES_DIR@/scripts', 'LAYER_TITLE_PAGE': 'TitlePage', 'LAYER_DNP_TOP': 'F.DNP', 'LAYER_DNP_BOTTOM': 'B.DNP', 'LAYER_DRILL_MAP': 'DrillMap', 'LAYER_TP_LIST_TOP': 'F.TestPointList', 'LAYER_TP_LIST_BOTTOM': 'B.TestPointList', 'LAYER_ASSEMBLY_TEXT_TOP': 'F.AssemblyText', 'LAYER_ASSEMBLY_TEXT_BOTTOM': 'B.AssemblyText', 'LAYER_DNP_CROSS_TOP': 'F.DNP', 'LAYER_DNP_CROSS_BOTTOM': 'B.DNP', 'FILT_FIELD_RENAME': 'field_rename', 'FILT_TP_ONLY': 'only_testpoints', 'FILT_TP_EXCLUDE': 'exclude_testpoints', 'FILT_TP_TOP_ONLY': 'only_testpoints_top', 'FILT_TP_BOTTOM_ONLY': 'only_testpoints_bottom', 'SCH_VARIANT_OUTPUT': 'value_split', 'NETLIST_OUTPUT': 'netlist', 'GERBER_OUTPUT': 'gbr_gerbers', 'ODB_OUTPUT': 'zip_odb', 'EXCELLON_DRILL_OUTPUT': 'drl_excellon', 'PDF_DRILL_MAP_OUTPUT': 'pdf_drill_map', 'DXF_DRILL_MAP_OUTPUT': 'dxf_drill_map', 'CSV_DRILL_TABLE_OUTPUT': 'csv_drill_table', 'CSV_POS_OUTPUT': 'csv_position', 'CSV_TP_OUTPUT': 'csv_testpoints', 'CSV_TP_TOP_OUTPUT': 'csv_testpoints_top', 'CSV_TP_BOTTOM_OUTPUT': 'csv_testpoints_bottom', 'CSV_BOM_OUTPUT': 'csv_bom', 'XLSX_BOM_OUTPUT': 'xlsx_bom', 'HTML_IBOM_OUTPUT': 'html_bom_interactive', 'HTML_BOM_OUTPUT': 'html_bom', 'CSV_COMP_COUNT_OUPUT': 'csv_comp_count', 'CSV_IMPEDANCE_TABLE_OUTPUT': 'csv_impedance_table', 'TXT_FAB_NOTES_OUTPUT': 'txt_fabrication_notes', 'TXT_ASSEMBLY_NOTES_OUTPUT': 'txt_assembly_notes', 'PNG_3D_VIEWER_TOP': 'png_3d_viewer_top', 'PNG_3D_VIEWER_BOTTOM': 'png_3d_viewer_bottom', 'PNG_3D_VIEWER_ANGLED_TOP': 'png_3d_viewer_angled_top', 'PNG_3D_VIEWER_ANGLED_BOTTOM': 'png_3d_viewer_angled_bottom', 'STEP_OUTPUT': 'step', 'BLENDER_OUTPUT': 'blender', 'PDF_SCHEMATIC_OUTPUT': 'pdf_schematic', 'PDF_FABRICATION_OUTPUT': 'pdf_fabrication', 'PDF_ASSEMBLY_OUTPUT': 'pdf_assembly', 'ZIP_COMPRESS_FAB_OUTPUT': 'zip_compress_fab', 'HTML_KICANVAS_OUTPUT': 'html_kicanvas', 'HTML_KIRI_OUTPUT': 'html_kiri', 'MD_README_OUTPUT': 'md_readme', 'HTML_NAV_RES_OUTPUT': 'html_navigate_results', 'NAME': 'zip_odb', 'COMMENT': 'ODB++ in ZIP format', 'DIR': 'Manufacturing/Fabrication'} (kibot - config_reader.py:662)
DEBUG:- Updated definitions: {'NAME': 'zip_odb', 'COMMENT': 'ODB++ in ZIP format', 'DIR': 'Manufacturing/Fabrication', 'PROJECT_NAME': 'LE_V2', 'BOARD_NAME': 'LE_BMS_A_V2', 'COMPANY': 'Company Name', 'DESIGNER': 'Author', 'LOGO': 'Logos/dummy_logo.png', 'GIT_URL': 'https://github.com/nguyen-v/KDT_Hierarchical_KiBot', 'CHECK_ZONE_FILLS': False, 'STACKUP_TABLE_NOTE': 'external layer thicknesses are specified after plating', 'MPN_FIELD': 'Manufacturer Part Number', 'MAN_FIELD': 'Manufacturer', 'GROUP_ROUND_SLOTS': True, 'GROUP_PTH_NPTH': 'no', 'GROUP_PTH_NPTH_DRL': False, 'PLOT_REFS': True, 'COLOR_THEME': 'Altium_Theme', 'SHEET_WKS': '${KIPRJMOD}/Templates/KDT_Template_PCB_GIT_A4.kicad_wks', 'FAB_SCALING': 1, 'ASSEMBLY_SCALING': 1, 'EXCLUDE_REFS': '[MB*]', '3D_VIEWER_ROT_X': 2, '3D_VIEWER_ROT_Y': -1, '3D_VIEWER_ROT_Z': 1, '3D_VIEWER_ZOOM': -1, 'KEY_COLOR': '#00FF00', 'OUTPUT_DIR': './', 'REPORT_DIR': 'Reports', 'SCHEMATIC_DIR': 'Schematic', 'MANUFACTURING_DIR': 'Manufacturing', 'ASSEMBLY_DIR': '@MANUFACTURING_DIR@/Assembly', 'FABRICATION_DIR': '@MANUFACTURING_DIR@/Fabrication', 'GERBERS_DIR': '@FABRICATION_DIR@/Gerbers', 'FAB_DRILL_TABLES_DIR': '@FABRICATION_DIR@/Drill Tables', 'TESTING_DIR': 'Testing', 'TESTPOINTS_DIR': '@TESTING_DIR@/Testpoints', 'IMAGES_DIR': 'Images', '3D_DIR': '3D', 'RESOURCES_DIR': 'kibot_resources', 'REPORT_TEMPLATE_DIR': '@RESOURCES_DIR@/templates', 'SCRIPTS_DIR': '@RESOURCES_DIR@/scripts', 'LAYER_TITLE_PAGE': 'TitlePage', 'LAYER_DNP_TOP': 'F.DNP', 'LAYER_DNP_BOTTOM': 'B.DNP', 'LAYER_DRILL_MAP': 'DrillMap', 'LAYER_TP_LIST_TOP': 'F.TestPointList', 'LAYER_TP_LIST_BOTTOM': 'B.TestPointList', 'LAYER_ASSEMBLY_TEXT_TOP': 'F.AssemblyText', 'LAYER_ASSEMBLY_TEXT_BOTTOM': 'B.AssemblyText', 'LAYER_DNP_CROSS_TOP': 'F.DNP', 'LAYER_DNP_CROSS_BOTTOM': 'B.DNP', 'FILT_FIELD_RENAME': 'field_rename', 'FILT_TP_ONLY': 'only_testpoints', 'FILT_TP_EXCLUDE': 'exclude_testpoints', 'FILT_TP_TOP_ONLY': 'only_testpoints_top', 'FILT_TP_BOTTOM_ONLY': 'only_testpoints_bottom', 'SCH_VARIANT_OUTPUT': 'value_split', 'NETLIST_OUTPUT': 'netlist', 'GERBER_OUTPUT': 'gbr_gerbers', 'ODB_OUTPUT': 'zip_odb', 'EXCELLON_DRILL_OUTPUT': 'drl_excellon', 'PDF_DRILL_MAP_OUTPUT': 'pdf_drill_map', 'DXF_DRILL_MAP_OUTPUT': 'dxf_drill_map', 'CSV_DRILL_TABLE_OUTPUT': 'csv_drill_table', 'CSV_POS_OUTPUT': 'csv_position', 'CSV_TP_OUTPUT': 'csv_testpoints', 'CSV_TP_TOP_OUTPUT': 'csv_testpoints_top', 'CSV_TP_BOTTOM_OUTPUT': 'csv_testpoints_bottom', 'CSV_BOM_OUTPUT': 'csv_bom', 'XLSX_BOM_OUTPUT': 'xlsx_bom', 'HTML_IBOM_OUTPUT': 'html_bom_interactive', 'HTML_BOM_OUTPUT': 'html_bom', 'CSV_COMP_COUNT_OUPUT': 'csv_comp_count', 'CSV_IMPEDANCE_TABLE_OUTPUT': 'csv_impedance_table', 'TXT_FAB_NOTES_OUTPUT': 'txt_fabrication_notes', 'TXT_ASSEMBLY_NOTES_OUTPUT': 'txt_assembly_notes', 'PNG_3D_VIEWER_TOP': 'png_3d_viewer_top', 'PNG_3D_VIEWER_BOTTOM': 'png_3d_viewer_bottom', 'PNG_3D_VIEWER_ANGLED_TOP': 'png_3d_viewer_angled_top', 'PNG_3D_VIEWER_ANGLED_BOTTOM': 'png_3d_viewer_angled_bottom', 'STEP_OUTPUT': 'step', 'BLENDER_OUTPUT': 'blender', 'PDF_SCHEMATIC_OUTPUT': 'pdf_schematic', 'PDF_FABRICATION_OUTPUT': 'pdf_fabrication', 'PDF_ASSEMBLY_OUTPUT': 'pdf_assembly', 'ZIP_COMPRESS_FAB_OUTPUT': 'zip_compress_fab', 'HTML_KICANVAS_OUTPUT': 'html_kicanvas', 'HTML_KIRI_OUTPUT': 'html_kiri', 'MD_README_OUTPUT': 'md_readme', 'HTML_NAV_RES_OUTPUT': 'html_navigate_results'} (kibot - config_reader.py:665)
DEBUG:Applying preprocessor definitions (kibot - config_reader.py:670)
DEBUG:- Applying CLI definitions: {} (kibot - config_reader.py:677)
DEBUG:- Applying collected definitions: {'NAME': 'zip_odb', 'COMMENT': 'ODB++ in ZIP format', 'DIR': 'Manufacturing/Fabrication', 'PROJECT_NAME': 'LE_V2', 'BOARD_NAME': 'LE_BMS_A_V2', 'COMPANY': 'Company Name', 'DESIGNER': 'Author', 'LOGO': 'Logos/dummy_logo.png', 'GIT_URL': 'https://github.com/nguyen-v/KDT_Hierarchical_KiBot', 'CHECK_ZONE_FILLS': False, 'STACKUP_TABLE_NOTE': 'external layer thicknesses are specified after plating', 'MPN_FIELD': 'Manufacturer Part Number', 'MAN_FIELD': 'Manufacturer', 'GROUP_ROUND_SLOTS': True, 'GROUP_PTH_NPTH': 'no', 'GROUP_PTH_NPTH_DRL': False, 'PLOT_REFS': True, 'COLOR_THEME': 'Altium_Theme', 'SHEET_WKS': '${KIPRJMOD}/Templates/KDT_Template_PCB_GIT_A4.kicad_wks', 'FAB_SCALING': 1, 'ASSEMBLY_SCALING': 1, 'EXCLUDE_REFS': '[MB*]', '3D_VIEWER_ROT_X': 2, '3D_VIEWER_ROT_Y': -1, '3D_VIEWER_ROT_Z': 1, '3D_VIEWER_ZOOM': -1, 'KEY_COLOR': '#00FF00', 'OUTPUT_DIR': './', 'REPORT_DIR': 'Reports', 'SCHEMATIC_DIR': 'Schematic', 'MANUFACTURING_DIR': 'Manufacturing', 'ASSEMBLY_DIR': '@MANUFACTURING_DIR@/Assembly', 'FABRICATION_DIR': '@MANUFACTURING_DIR@/Fabrication', 'GERBERS_DIR': '@FABRICATION_DIR@/Gerbers', 'FAB_DRILL_TABLES_DIR': '@FABRICATION_DIR@/Drill Tables', 'TESTING_DIR': 'Testing', 'TESTPOINTS_DIR': '@TESTING_DIR@/Testpoints', 'IMAGES_DIR': 'Images', '3D_DIR': '3D', 'RESOURCES_DIR': 'kibot_resources', 'REPORT_TEMPLATE_DIR': '@RESOURCES_DIR@/templates', 'SCRIPTS_DIR': '@RESOURCES_DIR@/scripts', 'LAYER_TITLE_PAGE': 'TitlePage', 'LAYER_DNP_TOP': 'F.DNP', 'LAYER_DNP_BOTTOM': 'B.DNP', 'LAYER_DRILL_MAP': 'DrillMap', 'LAYER_TP_LIST_TOP': 'F.TestPointList', 'LAYER_TP_LIST_BOTTOM': 'B.TestPointList', 'LAYER_ASSEMBLY_TEXT_TOP': 'F.AssemblyText', 'LAYER_ASSEMBLY_TEXT_BOTTOM': 'B.AssemblyText', 'LAYER_DNP_CROSS_TOP': 'F.DNP', 'LAYER_DNP_CROSS_BOTTOM': 'B.DNP', 'FILT_FIELD_RENAME': 'field_rename', 'FILT_TP_ONLY': 'only_testpoints', 'FILT_TP_EXCLUDE': 'exclude_testpoints', 'FILT_TP_TOP_ONLY': 'only_testpoints_top', 'FILT_TP_BOTTOM_ONLY': 'only_testpoints_bottom', 'SCH_VARIANT_OUTPUT': 'value_split', 'NETLIST_OUTPUT': 'netlist', 'GERBER_OUTPUT': 'gbr_gerbers', 'ODB_OUTPUT': 'zip_odb', 'EXCELLON_DRILL_OUTPUT': 'drl_excellon', 'PDF_DRILL_MAP_OUTPUT': 'pdf_drill_map', 'DXF_DRILL_MAP_OUTPUT': 'dxf_drill_map', 'CSV_DRILL_TABLE_OUTPUT': 'csv_drill_table', 'CSV_POS_OUTPUT': 'csv_position', 'CSV_TP_OUTPUT': 'csv_testpoints', 'CSV_TP_TOP_OUTPUT': 'csv_testpoints_top', 'CSV_TP_BOTTOM_OUTPUT': 'csv_testpoints_bottom', 'CSV_BOM_OUTPUT': 'csv_bom', 'XLSX_BOM_OUTPUT': 'xlsx_bom', 'HTML_IBOM_OUTPUT': 'html_bom_interactive', 'HTML_BOM_OUTPUT': 'html_bom', 'CSV_COMP_COUNT_OUPUT': 'csv_comp_count', 'CSV_IMPEDANCE_TABLE_OUTPUT': 'csv_impedance_table', 'TXT_FAB_NOTES_OUTPUT': 'txt_fabrication_notes', 'TXT_ASSEMBLY_NOTES_OUTPUT': 'txt_assembly_notes', 'PNG_3D_VIEWER_TOP': 'png_3d_viewer_top', 'PNG_3D_VIEWER_BOTTOM': 'png_3d_viewer_bottom', 'PNG_3D_VIEWER_ANGLED_TOP': 'png_3d_viewer_angled_top', 'PNG_3D_VIEWER_ANGLED_BOTTOM': 'png_3d_viewer_angled_bottom', 'STEP_OUTPUT': 'step', 'BLENDER_OUTPUT': 'blender', 'PDF_SCHEMATIC_OUTPUT': 'pdf_schematic', 'PDF_FABRICATION_OUTPUT': 'pdf_fabrication', 'PDF_ASSEMBLY_OUTPUT': 'pdf_assembly', 'ZIP_COMPRESS_FAB_OUTPUT': 'zip_compress_fab', 'HTML_KICANVAS_OUTPUT': 'html_kicanvas', 'HTML_KIRI_OUTPUT': 'html_kiri', 'MD_README_OUTPUT': 'md_readme', 'HTML_NAV_RES_OUTPUT': 'html_navigate_results'} (kibot - config_reader.py:680)
DEBUG:- Replacing @NAME@ -> zip_odb (<class 'str'>) (kibot - config_reader.py:78)
DEBUG:- Replacing @COMMENT@ -> ODB++ in ZIP format (<class 'str'>) (kibot - config_reader.py:78)
DEBUG:- Replacing @DIR@ -> Manufacturing/Fabrication (<class 'str'>) (kibot - config_reader.py:78)
DEBUG:- Applying CLI definitions: {} (kibot - config_reader.py:677)
DEBUG:- Applying collected definitions: {'NAME': 'zip_odb', 'COMMENT': 'ODB++ in ZIP format', 'DIR': 'Manufacturing/Fabrication', 'PROJECT_NAME': 'LE_V2', 'BOARD_NAME': 'LE_BMS_A_V2', 'COMPANY': 'Company Name', 'DESIGNER': 'Author', 'LOGO': 'Logos/dummy_logo.png', 'GIT_URL': 'https://github.com/nguyen-v/KDT_Hierarchical_KiBot', 'CHECK_ZONE_FILLS': False, 'STACKUP_TABLE_NOTE': 'external layer thicknesses are specified after plating', 'MPN_FIELD': 'Manufacturer Part Number', 'MAN_FIELD': 'Manufacturer', 'GROUP_ROUND_SLOTS': True, 'GROUP_PTH_NPTH': 'no', 'GROUP_PTH_NPTH_DRL': False, 'PLOT_REFS': True, 'COLOR_THEME': 'Altium_Theme', 'SHEET_WKS': '${KIPRJMOD}/Templates/KDT_Template_PCB_GIT_A4.kicad_wks', 'FAB_SCALING': 1, 'ASSEMBLY_SCALING': 1, 'EXCLUDE_REFS': '[MB*]', '3D_VIEWER_ROT_X': 2, '3D_VIEWER_ROT_Y': -1, '3D_VIEWER_ROT_Z': 1, '3D_VIEWER_ZOOM': -1, 'KEY_COLOR': '#00FF00', 'OUTPUT_DIR': './', 'REPORT_DIR': 'Reports', 'SCHEMATIC_DIR': 'Schematic', 'MANUFACTURING_DIR': 'Manufacturing', 'ASSEMBLY_DIR': '@MANUFACTURING_DIR@/Assembly', 'FABRICATION_DIR': '@MANUFACTURING_DIR@/Fabrication', 'GERBERS_DIR': '@FABRICATION_DIR@/Gerbers', 'FAB_DRILL_TABLES_DIR': '@FABRICATION_DIR@/Drill Tables', 'TESTING_DIR': 'Testing', 'TESTPOINTS_DIR': '@TESTING_DIR@/Testpoints', 'IMAGES_DIR': 'Images', '3D_DIR': '3D', 'RESOURCES_DIR': 'kibot_resources', 'REPORT_TEMPLATE_DIR': '@RESOURCES_DIR@/templates', 'SCRIPTS_DIR': '@RESOURCES_DIR@/scripts', 'LAYER_TITLE_PAGE': 'TitlePage', 'LAYER_DNP_TOP': 'F.DNP', 'LAYER_DNP_BOTTOM': 'B.DNP', 'LAYER_DRILL_MAP': 'DrillMap', 'LAYER_TP_LIST_TOP': 'F.TestPointList', 'LAYER_TP_LIST_BOTTOM': 'B.TestPointList', 'LAYER_ASSEMBLY_TEXT_TOP': 'F.AssemblyText', 'LAYER_ASSEMBLY_TEXT_BOTTOM': 'B.AssemblyText', 'LAYER_DNP_CROSS_TOP': 'F.DNP', 'LAYER_DNP_CROSS_BOTTOM': 'B.DNP', 'FILT_FIELD_RENAME': 'field_rename', 'FILT_TP_ONLY': 'only_testpoints', 'FILT_TP_EXCLUDE': 'exclude_testpoints', 'FILT_TP_TOP_ONLY': 'only_testpoints_top', 'FILT_TP_BOTTOM_ONLY': 'only_testpoints_bottom', 'SCH_VARIANT_OUTPUT': 'value_split', 'NETLIST_OUTPUT': 'netlist', 'GERBER_OUTPUT': 'gbr_gerbers', 'ODB_OUTPUT': 'zip_odb', 'EXCELLON_DRILL_OUTPUT': 'drl_excellon', 'PDF_DRILL_MAP_OUTPUT': 'pdf_drill_map', 'DXF_DRILL_MAP_OUTPUT': 'dxf_drill_map', 'CSV_DRILL_TABLE_OUTPUT': 'csv_drill_table', 'CSV_POS_OUTPUT': 'csv_position', 'CSV_TP_OUTPUT': 'csv_testpoints', 'CSV_TP_TOP_OUTPUT': 'csv_testpoints_top', 'CSV_TP_BOTTOM_OUTPUT': 'csv_testpoints_bottom', 'CSV_BOM_OUTPUT': 'csv_bom', 'XLSX_BOM_OUTPUT': 'xlsx_bom', 'HTML_IBOM_OUTPUT': 'html_bom_interactive', 'HTML_BOM_OUTPUT': 'html_bom', 'CSV_COMP_COUNT_OUPUT': 'csv_comp_count', 'CSV_IMPEDANCE_TABLE_OUTPUT': 'csv_impedance_table', 'TXT_FAB_NOTES_OUTPUT': 'txt_fabrication_notes', 'TXT_ASSEMBLY_NOTES_OUTPUT': 'txt_assembly_notes', 'PNG_3D_VIEWER_TOP': 'png_3d_viewer_top', 'PNG_3D_VIEWER_BOTTOM': 'png_3d_viewer_bottom', 'PNG_3D_VIEWER_ANGLED_TOP': 'png_3d_viewer_angled_top', 'PNG_3D_VIEWER_ANGLED_BOTTOM': 'png_3d_viewer_angled_bottom', 'STEP_OUTPUT': 'step', 'BLENDER_OUTPUT': 'blender', 'PDF_SCHEMATIC_OUTPUT': 'pdf_schematic', 'PDF_FABRICATION_OUTPUT': 'pdf_fabrication', 'PDF_ASSEMBLY_OUTPUT': 'pdf_assembly', 'ZIP_COMPRESS_FAB_OUTPUT': 'zip_compress_fab', 'HTML_KICANVAS_OUTPUT': 'html_kicanvas', 'HTML_KIRI_OUTPUT': 'html_kiri', 'MD_README_OUTPUT': 'md_readme', 'HTML_NAV_RES_OUTPUT': 'html_navigate_results'} (kibot - config_reader.py:680)
DEBUG:YAML after expanding definitions:
# KiBot output for generating ODB++ files
# https://kibot.readthedocs.io/en/latest/configuration/outputs/odb.html

kibot:
  version: 1

outputs:
- name: zip_odb
  comment: 'ODB++ in ZIP format'
  type: odb
  category: 'Manufacturing/Fabrication'
  dir: 'Manufacturing/Fabrication'
  options:
    dnf_filter: _kibom_dnf_Config

 (kibot - config_reader.py:686)
DEBUG:Pre-parsing output options for `zip_odb` (odb) (kibot - config_reader.py:169)
DEBUG:Outputs loaded from `kibot_yaml/kibot_out_odb.yaml`: ['zip_odb'] (kibot - config_reader.py:361)
DEBUG:Found local definitions (kibot - config_reader.py:651)
DEBUG:- Local definitions: {'NAME': 'drl_excellon', 'COMMENT': 'Drill in Excellon format', 'DIR': 'Manufacturing/Fabrication/Gerbers', 'GENERATE_DRILL': True, 'PTH_NPTH': False, 'MAP_FORMAT': 'None'} (kibot - config_reader.py:661)
DEBUG:- Current definitions: {'PROJECT_NAME': 'LE_V2', 'BOARD_NAME': 'LE_BMS_A_V2', 'COMPANY': 'Company Name', 'DESIGNER': 'Author', 'LOGO': 'Logos/dummy_logo.png', 'GIT_URL': 'https://github.com/nguyen-v/KDT_Hierarchical_KiBot', 'CHECK_ZONE_FILLS': False, 'STACKUP_TABLE_NOTE': 'external layer thicknesses are specified after plating', 'MPN_FIELD': 'Manufacturer Part Number', 'MAN_FIELD': 'Manufacturer', 'GROUP_ROUND_SLOTS': True, 'GROUP_PTH_NPTH': 'no', 'GROUP_PTH_NPTH_DRL': False, 'PLOT_REFS': True, 'COLOR_THEME': 'Altium_Theme', 'SHEET_WKS': '${KIPRJMOD}/Templates/KDT_Template_PCB_GIT_A4.kicad_wks', 'FAB_SCALING': 1, 'ASSEMBLY_SCALING': 1, 'EXCLUDE_REFS': '[MB*]', '3D_VIEWER_ROT_X': 2, '3D_VIEWER_ROT_Y': -1, '3D_VIEWER_ROT_Z': 1, '3D_VIEWER_ZOOM': -1, 'KEY_COLOR': '#00FF00', 'OUTPUT_DIR': './', 'REPORT_DIR': 'Reports', 'SCHEMATIC_DIR': 'Schematic', 'MANUFACTURING_DIR': 'Manufacturing', 'ASSEMBLY_DIR': '@MANUFACTURING_DIR@/Assembly', 'FABRICATION_DIR': '@MANUFACTURING_DIR@/Fabrication', 'GERBERS_DIR': '@FABRICATION_DIR@/Gerbers', 'FAB_DRILL_TABLES_DIR': '@FABRICATION_DIR@/Drill Tables', 'TESTING_DIR': 'Testing', 'TESTPOINTS_DIR': '@TESTING_DIR@/Testpoints', 'IMAGES_DIR': 'Images', '3D_DIR': '3D', 'RESOURCES_DIR': 'kibot_resources', 'REPORT_TEMPLATE_DIR': '@RESOURCES_DIR@/templates', 'SCRIPTS_DIR': '@RESOURCES_DIR@/scripts', 'LAYER_TITLE_PAGE': 'TitlePage', 'LAYER_DNP_TOP': 'F.DNP', 'LAYER_DNP_BOTTOM': 'B.DNP', 'LAYER_DRILL_MAP': 'DrillMap', 'LAYER_TP_LIST_TOP': 'F.TestPointList', 'LAYER_TP_LIST_BOTTOM': 'B.TestPointList', 'LAYER_ASSEMBLY_TEXT_TOP': 'F.AssemblyText', 'LAYER_ASSEMBLY_TEXT_BOTTOM': 'B.AssemblyText', 'LAYER_DNP_CROSS_TOP': 'F.DNP', 'LAYER_DNP_CROSS_BOTTOM': 'B.DNP', 'FILT_FIELD_RENAME': 'field_rename', 'FILT_TP_ONLY': 'only_testpoints', 'FILT_TP_EXCLUDE': 'exclude_testpoints', 'FILT_TP_TOP_ONLY': 'only_testpoints_top', 'FILT_TP_BOTTOM_ONLY': 'only_testpoints_bottom', 'SCH_VARIANT_OUTPUT': 'value_split', 'NETLIST_OUTPUT': 'netlist', 'GERBER_OUTPUT': 'gbr_gerbers', 'ODB_OUTPUT': 'zip_odb', 'EXCELLON_DRILL_OUTPUT': 'drl_excellon', 'PDF_DRILL_MAP_OUTPUT': 'pdf_drill_map', 'DXF_DRILL_MAP_OUTPUT': 'dxf_drill_map', 'CSV_DRILL_TABLE_OUTPUT': 'csv_drill_table', 'CSV_POS_OUTPUT': 'csv_position', 'CSV_TP_OUTPUT': 'csv_testpoints', 'CSV_TP_TOP_OUTPUT': 'csv_testpoints_top', 'CSV_TP_BOTTOM_OUTPUT': 'csv_testpoints_bottom', 'CSV_BOM_OUTPUT': 'csv_bom', 'XLSX_BOM_OUTPUT': 'xlsx_bom', 'HTML_IBOM_OUTPUT': 'html_bom_interactive', 'HTML_BOM_OUTPUT': 'html_bom', 'CSV_COMP_COUNT_OUPUT': 'csv_comp_count', 'CSV_IMPEDANCE_TABLE_OUTPUT': 'csv_impedance_table', 'TXT_FAB_NOTES_OUTPUT': 'txt_fabrication_notes', 'TXT_ASSEMBLY_NOTES_OUTPUT': 'txt_assembly_notes', 'PNG_3D_VIEWER_TOP': 'png_3d_viewer_top', 'PNG_3D_VIEWER_BOTTOM': 'png_3d_viewer_bottom', 'PNG_3D_VIEWER_ANGLED_TOP': 'png_3d_viewer_angled_top', 'PNG_3D_VIEWER_ANGLED_BOTTOM': 'png_3d_viewer_angled_bottom', 'STEP_OUTPUT': 'step', 'BLENDER_OUTPUT': 'blender', 'PDF_SCHEMATIC_OUTPUT': 'pdf_schematic', 'PDF_FABRICATION_OUTPUT': 'pdf_fabrication', 'PDF_ASSEMBLY_OUTPUT': 'pdf_assembly', 'ZIP_COMPRESS_FAB_OUTPUT': 'zip_compress_fab', 'HTML_KICANVAS_OUTPUT': 'html_kicanvas', 'HTML_KIRI_OUTPUT': 'html_kiri', 'MD_README_OUTPUT': 'md_readme', 'HTML_NAV_RES_OUTPUT': 'html_navigate_results', 'NAME': 'drl_excellon', 'COMMENT': 'Drill in Excellon format', 'DIR': 'Manufacturing/Fabrication/Gerbers'} (kibot - config_reader.py:662)
DEBUG:- Updated definitions: {'NAME': 'drl_excellon', 'COMMENT': 'Drill in Excellon format', 'DIR': 'Manufacturing/Fabrication/Gerbers', 'GENERATE_DRILL': True, 'PTH_NPTH': False, 'MAP_FORMAT': 'None', 'PROJECT_NAME': 'LE_V2', 'BOARD_NAME': 'LE_BMS_A_V2', 'COMPANY': 'Company Name', 'DESIGNER': 'Author', 'LOGO': 'Logos/dummy_logo.png', 'GIT_URL': 'https://github.com/nguyen-v/KDT_Hierarchical_KiBot', 'CHECK_ZONE_FILLS': False, 'STACKUP_TABLE_NOTE': 'external layer thicknesses are specified after plating', 'MPN_FIELD': 'Manufacturer Part Number', 'MAN_FIELD': 'Manufacturer', 'GROUP_ROUND_SLOTS': True, 'GROUP_PTH_NPTH': 'no', 'GROUP_PTH_NPTH_DRL': False, 'PLOT_REFS': True, 'COLOR_THEME': 'Altium_Theme', 'SHEET_WKS': '${KIPRJMOD}/Templates/KDT_Template_PCB_GIT_A4.kicad_wks', 'FAB_SCALING': 1, 'ASSEMBLY_SCALING': 1, 'EXCLUDE_REFS': '[MB*]', '3D_VIEWER_ROT_X': 2, '3D_VIEWER_ROT_Y': -1, '3D_VIEWER_ROT_Z': 1, '3D_VIEWER_ZOOM': -1, 'KEY_COLOR': '#00FF00', 'OUTPUT_DIR': './', 'REPORT_DIR': 'Reports', 'SCHEMATIC_DIR': 'Schematic', 'MANUFACTURING_DIR': 'Manufacturing', 'ASSEMBLY_DIR': '@MANUFACTURING_DIR@/Assembly', 'FABRICATION_DIR': '@MANUFACTURING_DIR@/Fabrication', 'GERBERS_DIR': '@FABRICATION_DIR@/Gerbers', 'FAB_DRILL_TABLES_DIR': '@FABRICATION_DIR@/Drill Tables', 'TESTING_DIR': 'Testing', 'TESTPOINTS_DIR': '@TESTING_DIR@/Testpoints', 'IMAGES_DIR': 'Images', '3D_DIR': '3D', 'RESOURCES_DIR': 'kibot_resources', 'REPORT_TEMPLATE_DIR': '@RESOURCES_DIR@/templates', 'SCRIPTS_DIR': '@RESOURCES_DIR@/scripts', 'LAYER_TITLE_PAGE': 'TitlePage', 'LAYER_DNP_TOP': 'F.DNP', 'LAYER_DNP_BOTTOM': 'B.DNP', 'LAYER_DRILL_MAP': 'DrillMap', 'LAYER_TP_LIST_TOP': 'F.TestPointList', 'LAYER_TP_LIST_BOTTOM': 'B.TestPointList', 'LAYER_ASSEMBLY_TEXT_TOP': 'F.AssemblyText', 'LAYER_ASSEMBLY_TEXT_BOTTOM': 'B.AssemblyText', 'LAYER_DNP_CROSS_TOP': 'F.DNP', 'LAYER_DNP_CROSS_BOTTOM': 'B.DNP', 'FILT_FIELD_RENAME': 'field_rename', 'FILT_TP_ONLY': 'only_testpoints', 'FILT_TP_EXCLUDE': 'exclude_testpoints', 'FILT_TP_TOP_ONLY': 'only_testpoints_top', 'FILT_TP_BOTTOM_ONLY': 'only_testpoints_bottom', 'SCH_VARIANT_OUTPUT': 'value_split', 'NETLIST_OUTPUT': 'netlist', 'GERBER_OUTPUT': 'gbr_gerbers', 'ODB_OUTPUT': 'zip_odb', 'EXCELLON_DRILL_OUTPUT': 'drl_excellon', 'PDF_DRILL_MAP_OUTPUT': 'pdf_drill_map', 'DXF_DRILL_MAP_OUTPUT': 'dxf_drill_map', 'CSV_DRILL_TABLE_OUTPUT': 'csv_drill_table', 'CSV_POS_OUTPUT': 'csv_position', 'CSV_TP_OUTPUT': 'csv_testpoints', 'CSV_TP_TOP_OUTPUT': 'csv_testpoints_top', 'CSV_TP_BOTTOM_OUTPUT': 'csv_testpoints_bottom', 'CSV_BOM_OUTPUT': 'csv_bom', 'XLSX_BOM_OUTPUT': 'xlsx_bom', 'HTML_IBOM_OUTPUT': 'html_bom_interactive', 'HTML_BOM_OUTPUT': 'html_bom', 'CSV_COMP_COUNT_OUPUT': 'csv_comp_count', 'CSV_IMPEDANCE_TABLE_OUTPUT': 'csv_impedance_table', 'TXT_FAB_NOTES_OUTPUT': 'txt_fabrication_notes', 'TXT_ASSEMBLY_NOTES_OUTPUT': 'txt_assembly_notes', 'PNG_3D_VIEWER_TOP': 'png_3d_viewer_top', 'PNG_3D_VIEWER_BOTTOM': 'png_3d_viewer_bottom', 'PNG_3D_VIEWER_ANGLED_TOP': 'png_3d_viewer_angled_top', 'PNG_3D_VIEWER_ANGLED_BOTTOM': 'png_3d_viewer_angled_bottom', 'STEP_OUTPUT': 'step', 'BLENDER_OUTPUT': 'blender', 'PDF_SCHEMATIC_OUTPUT': 'pdf_schematic', 'PDF_FABRICATION_OUTPUT': 'pdf_fabrication', 'PDF_ASSEMBLY_OUTPUT': 'pdf_assembly', 'ZIP_COMPRESS_FAB_OUTPUT': 'zip_compress_fab', 'HTML_KICANVAS_OUTPUT': 'html_kicanvas', 'HTML_KIRI_OUTPUT': 'html_kiri', 'MD_README_OUTPUT': 'md_readme', 'HTML_NAV_RES_OUTPUT': 'html_navigate_results'} (kibot - config_reader.py:665)
DEBUG:Applying preprocessor definitions (kibot - config_reader.py:670)
DEBUG:- Applying CLI definitions: {} (kibot - config_reader.py:677)
DEBUG:- Applying collected definitions: {'NAME': 'drl_excellon', 'COMMENT': 'Drill in Excellon format', 'DIR': 'Manufacturing/Fabrication/Gerbers', 'GENERATE_DRILL': True, 'PTH_NPTH': False, 'MAP_FORMAT': 'None', 'PROJECT_NAME': 'LE_V2', 'BOARD_NAME': 'LE_BMS_A_V2', 'COMPANY': 'Company Name', 'DESIGNER': 'Author', 'LOGO': 'Logos/dummy_logo.png', 'GIT_URL': 'https://github.com/nguyen-v/KDT_Hierarchical_KiBot', 'CHECK_ZONE_FILLS': False, 'STACKUP_TABLE_NOTE': 'external layer thicknesses are specified after plating', 'MPN_FIELD': 'Manufacturer Part Number', 'MAN_FIELD': 'Manufacturer', 'GROUP_ROUND_SLOTS': True, 'GROUP_PTH_NPTH': 'no', 'GROUP_PTH_NPTH_DRL': False, 'PLOT_REFS': True, 'COLOR_THEME': 'Altium_Theme', 'SHEET_WKS': '${KIPRJMOD}/Templates/KDT_Template_PCB_GIT_A4.kicad_wks', 'FAB_SCALING': 1, 'ASSEMBLY_SCALING': 1, 'EXCLUDE_REFS': '[MB*]', '3D_VIEWER_ROT_X': 2, '3D_VIEWER_ROT_Y': -1, '3D_VIEWER_ROT_Z': 1, '3D_VIEWER_ZOOM': -1, 'KEY_COLOR': '#00FF00', 'OUTPUT_DIR': './', 'REPORT_DIR': 'Reports', 'SCHEMATIC_DIR': 'Schematic', 'MANUFACTURING_DIR': 'Manufacturing', 'ASSEMBLY_DIR': '@MANUFACTURING_DIR@/Assembly', 'FABRICATION_DIR': '@MANUFACTURING_DIR@/Fabrication', 'GERBERS_DIR': '@FABRICATION_DIR@/Gerbers', 'FAB_DRILL_TABLES_DIR': '@FABRICATION_DIR@/Drill Tables', 'TESTING_DIR': 'Testing', 'TESTPOINTS_DIR': '@TESTING_DIR@/Testpoints', 'IMAGES_DIR': 'Images', '3D_DIR': '3D', 'RESOURCES_DIR': 'kibot_resources', 'REPORT_TEMPLATE_DIR': '@RESOURCES_DIR@/templates', 'SCRIPTS_DIR': '@RESOURCES_DIR@/scripts', 'LAYER_TITLE_PAGE': 'TitlePage', 'LAYER_DNP_TOP': 'F.DNP', 'LAYER_DNP_BOTTOM': 'B.DNP', 'LAYER_DRILL_MAP': 'DrillMap', 'LAYER_TP_LIST_TOP': 'F.TestPointList', 'LAYER_TP_LIST_BOTTOM': 'B.TestPointList', 'LAYER_ASSEMBLY_TEXT_TOP': 'F.AssemblyText', 'LAYER_ASSEMBLY_TEXT_BOTTOM': 'B.AssemblyText', 'LAYER_DNP_CROSS_TOP': 'F.DNP', 'LAYER_DNP_CROSS_BOTTOM': 'B.DNP', 'FILT_FIELD_RENAME': 'field_rename', 'FILT_TP_ONLY': 'only_testpoints', 'FILT_TP_EXCLUDE': 'exclude_testpoints', 'FILT_TP_TOP_ONLY': 'only_testpoints_top', 'FILT_TP_BOTTOM_ONLY': 'only_testpoints_bottom', 'SCH_VARIANT_OUTPUT': 'value_split', 'NETLIST_OUTPUT': 'netlist', 'GERBER_OUTPUT': 'gbr_gerbers', 'ODB_OUTPUT': 'zip_odb', 'EXCELLON_DRILL_OUTPUT': 'drl_excellon', 'PDF_DRILL_MAP_OUTPUT': 'pdf_drill_map', 'DXF_DRILL_MAP_OUTPUT': 'dxf_drill_map', 'CSV_DRILL_TABLE_OUTPUT': 'csv_drill_table', 'CSV_POS_OUTPUT': 'csv_position', 'CSV_TP_OUTPUT': 'csv_testpoints', 'CSV_TP_TOP_OUTPUT': 'csv_testpoints_top', 'CSV_TP_BOTTOM_OUTPUT': 'csv_testpoints_bottom', 'CSV_BOM_OUTPUT': 'csv_bom', 'XLSX_BOM_OUTPUT': 'xlsx_bom', 'HTML_IBOM_OUTPUT': 'html_bom_interactive', 'HTML_BOM_OUTPUT': 'html_bom', 'CSV_COMP_COUNT_OUPUT': 'csv_comp_count', 'CSV_IMPEDANCE_TABLE_OUTPUT': 'csv_impedance_table', 'TXT_FAB_NOTES_OUTPUT': 'txt_fabrication_notes', 'TXT_ASSEMBLY_NOTES_OUTPUT': 'txt_assembly_notes', 'PNG_3D_VIEWER_TOP': 'png_3d_viewer_top', 'PNG_3D_VIEWER_BOTTOM': 'png_3d_viewer_bottom', 'PNG_3D_VIEWER_ANGLED_TOP': 'png_3d_viewer_angled_top', 'PNG_3D_VIEWER_ANGLED_BOTTOM': 'png_3d_viewer_angled_bottom', 'STEP_OUTPUT': 'step', 'BLENDER_OUTPUT': 'blender', 'PDF_SCHEMATIC_OUTPUT': 'pdf_schematic', 'PDF_FABRICATION_OUTPUT': 'pdf_fabrication', 'PDF_ASSEMBLY_OUTPUT': 'pdf_assembly', 'ZIP_COMPRESS_FAB_OUTPUT': 'zip_compress_fab', 'HTML_KICANVAS_OUTPUT': 'html_kicanvas', 'HTML_KIRI_OUTPUT': 'html_kiri', 'MD_README_OUTPUT': 'md_readme', 'HTML_NAV_RES_OUTPUT': 'html_navigate_results'} (kibot - config_reader.py:680)
DEBUG:- Replacing @NAME@ -> drl_excellon (<class 'str'>) (kibot - config_reader.py:78)
DEBUG:- Replacing @COMMENT@ -> Drill in Excellon format (<class 'str'>) (kibot - config_reader.py:78)
DEBUG:- Replacing @DIR@ -> Manufacturing/Fabrication/Gerbers (<class 'str'>) (kibot - config_reader.py:78)
DEBUG:- Replacing @GENERATE_DRILL@ -> true (<class 'str'>) (kibot - config_reader.py:78)
DEBUG:- Replacing @PTH_NPTH@ -> false (<class 'str'>) (kibot - config_reader.py:78)
DEBUG:- Replacing @MAP_FORMAT@ -> None (<class 'str'>) (kibot - config_reader.py:78)
DEBUG:- Applying CLI definitions: {} (kibot - config_reader.py:677)
DEBUG:- Applying collected definitions: {'NAME': 'drl_excellon', 'COMMENT': 'Drill in Excellon format', 'DIR': 'Manufacturing/Fabrication/Gerbers', 'GENERATE_DRILL': True, 'PTH_NPTH': False, 'MAP_FORMAT': 'None', 'PROJECT_NAME': 'LE_V2', 'BOARD_NAME': 'LE_BMS_A_V2', 'COMPANY': 'Company Name', 'DESIGNER': 'Author', 'LOGO': 'Logos/dummy_logo.png', 'GIT_URL': 'https://github.com/nguyen-v/KDT_Hierarchical_KiBot', 'CHECK_ZONE_FILLS': False, 'STACKUP_TABLE_NOTE': 'external layer thicknesses are specified after plating', 'MPN_FIELD': 'Manufacturer Part Number', 'MAN_FIELD': 'Manufacturer', 'GROUP_ROUND_SLOTS': True, 'GROUP_PTH_NPTH': 'no', 'GROUP_PTH_NPTH_DRL': False, 'PLOT_REFS': True, 'COLOR_THEME': 'Altium_Theme', 'SHEET_WKS': '${KIPRJMOD}/Templates/KDT_Template_PCB_GIT_A4.kicad_wks', 'FAB_SCALING': 1, 'ASSEMBLY_SCALING': 1, 'EXCLUDE_REFS': '[MB*]', '3D_VIEWER_ROT_X': 2, '3D_VIEWER_ROT_Y': -1, '3D_VIEWER_ROT_Z': 1, '3D_VIEWER_ZOOM': -1, 'KEY_COLOR': '#00FF00', 'OUTPUT_DIR': './', 'REPORT_DIR': 'Reports', 'SCHEMATIC_DIR': 'Schematic', 'MANUFACTURING_DIR': 'Manufacturing', 'ASSEMBLY_DIR': '@MANUFACTURING_DIR@/Assembly', 'FABRICATION_DIR': '@MANUFACTURING_DIR@/Fabrication', 'GERBERS_DIR': '@FABRICATION_DIR@/Gerbers', 'FAB_DRILL_TABLES_DIR': '@FABRICATION_DIR@/Drill Tables', 'TESTING_DIR': 'Testing', 'TESTPOINTS_DIR': '@TESTING_DIR@/Testpoints', 'IMAGES_DIR': 'Images', '3D_DIR': '3D', 'RESOURCES_DIR': 'kibot_resources', 'REPORT_TEMPLATE_DIR': '@RESOURCES_DIR@/templates', 'SCRIPTS_DIR': '@RESOURCES_DIR@/scripts', 'LAYER_TITLE_PAGE': 'TitlePage', 'LAYER_DNP_TOP': 'F.DNP', 'LAYER_DNP_BOTTOM': 'B.DNP', 'LAYER_DRILL_MAP': 'DrillMap', 'LAYER_TP_LIST_TOP': 'F.TestPointList', 'LAYER_TP_LIST_BOTTOM': 'B.TestPointList', 'LAYER_ASSEMBLY_TEXT_TOP': 'F.AssemblyText', 'LAYER_ASSEMBLY_TEXT_BOTTOM': 'B.AssemblyText', 'LAYER_DNP_CROSS_TOP': 'F.DNP', 'LAYER_DNP_CROSS_BOTTOM': 'B.DNP', 'FILT_FIELD_RENAME': 'field_rename', 'FILT_TP_ONLY': 'only_testpoints', 'FILT_TP_EXCLUDE': 'exclude_testpoints', 'FILT_TP_TOP_ONLY': 'only_testpoints_top', 'FILT_TP_BOTTOM_ONLY': 'only_testpoints_bottom', 'SCH_VARIANT_OUTPUT': 'value_split', 'NETLIST_OUTPUT': 'netlist', 'GERBER_OUTPUT': 'gbr_gerbers', 'ODB_OUTPUT': 'zip_odb', 'EXCELLON_DRILL_OUTPUT': 'drl_excellon', 'PDF_DRILL_MAP_OUTPUT': 'pdf_drill_map', 'DXF_DRILL_MAP_OUTPUT': 'dxf_drill_map', 'CSV_DRILL_TABLE_OUTPUT': 'csv_drill_table', 'CSV_POS_OUTPUT': 'csv_position', 'CSV_TP_OUTPUT': 'csv_testpoints', 'CSV_TP_TOP_OUTPUT': 'csv_testpoints_top', 'CSV_TP_BOTTOM_OUTPUT': 'csv_testpoints_bottom', 'CSV_BOM_OUTPUT': 'csv_bom', 'XLSX_BOM_OUTPUT': 'xlsx_bom', 'HTML_IBOM_OUTPUT': 'html_bom_interactive', 'HTML_BOM_OUTPUT': 'html_bom', 'CSV_COMP_COUNT_OUPUT': 'csv_comp_count', 'CSV_IMPEDANCE_TABLE_OUTPUT': 'csv_impedance_table', 'TXT_FAB_NOTES_OUTPUT': 'txt_fabrication_notes', 'TXT_ASSEMBLY_NOTES_OUTPUT': 'txt_assembly_notes', 'PNG_3D_VIEWER_TOP': 'png_3d_viewer_top', 'PNG_3D_VIEWER_BOTTOM': 'png_3d_viewer_bottom', 'PNG_3D_VIEWER_ANGLED_TOP': 'png_3d_viewer_angled_top', 'PNG_3D_VIEWER_ANGLED_BOTTOM': 'png_3d_viewer_angled_bottom', 'STEP_OUTPUT': 'step', 'BLENDER_OUTPUT': 'blender', 'PDF_SCHEMATIC_OUTPUT': 'pdf_schematic', 'PDF_FABRICATION_OUTPUT': 'pdf_fabrication', 'PDF_ASSEMBLY_OUTPUT': 'pdf_assembly', 'ZIP_COMPRESS_FAB_OUTPUT': 'zip_compress_fab', 'HTML_KICANVAS_OUTPUT': 'html_kicanvas', 'HTML_KIRI_OUTPUT': 'html_kiri', 'MD_README_OUTPUT': 'md_readme', 'HTML_NAV_RES_OUTPUT': 'html_navigate_results'} (kibot - config_reader.py:680)
DEBUG:YAML after expanding definitions:
# KiBot output for generating drill Gerber files
# https://kibot.readthedocs.io/en/latest/configuration/outputs/excellon.html

kibot:
  version: 1

outputs:
- name: drl_excellon
  comment: 'Drill in Excellon format'
  type: excellon
  category: 'Manufacturing/Fabrication/Gerbers'
  dir: 'Manufacturing/Fabrication/Gerbers'
  options:
    generate_drill_files: true
    pth_and_npth_single_file: false
    map: 'None'

 (kibot - config_reader.py:686)
DEBUG:Pre-parsing output options for `drl_excellon` (excellon) (kibot - config_reader.py:169)
DEBUG:Outputs loaded from `kibot_yaml/kibot_out_excellon_drill.yaml`: ['drl_excellon'] (kibot - config_reader.py:361)
DEBUG:Found local definitions (kibot - config_reader.py:651)
DEBUG:- Local definitions: {'NAME': 'drl_excellon', 'COMMENT': 'Drill in Excellon format', 'DIR': 'Manufacturing/Fabrication/Gerbers', 'GENERATE_DRILL': True, 'PTH_NPTH': False, 'MAP_FORMAT': 'None'} (kibot - config_reader.py:661)
DEBUG:- Current definitions: {'PROJECT_NAME': 'LE_V2', 'BOARD_NAME': 'LE_BMS_A_V2', 'COMPANY': 'Company Name', 'DESIGNER': 'Author', 'LOGO': 'Logos/dummy_logo.png', 'GIT_URL': 'https://github.com/nguyen-v/KDT_Hierarchical_KiBot', 'CHECK_ZONE_FILLS': False, 'STACKUP_TABLE_NOTE': 'external layer thicknesses are specified after plating', 'MPN_FIELD': 'Manufacturer Part Number', 'MAN_FIELD': 'Manufacturer', 'GROUP_ROUND_SLOTS': True, 'GROUP_PTH_NPTH': 'no', 'GROUP_PTH_NPTH_DRL': False, 'PLOT_REFS': True, 'COLOR_THEME': 'Altium_Theme', 'SHEET_WKS': '${KIPRJMOD}/Templates/KDT_Template_PCB_GIT_A4.kicad_wks', 'FAB_SCALING': 1, 'ASSEMBLY_SCALING': 1, 'EXCLUDE_REFS': '[MB*]', '3D_VIEWER_ROT_X': 2, '3D_VIEWER_ROT_Y': -1, '3D_VIEWER_ROT_Z': 1, '3D_VIEWER_ZOOM': -1, 'KEY_COLOR': '#00FF00', 'OUTPUT_DIR': './', 'REPORT_DIR': 'Reports', 'SCHEMATIC_DIR': 'Schematic', 'MANUFACTURING_DIR': 'Manufacturing', 'ASSEMBLY_DIR': '@MANUFACTURING_DIR@/Assembly', 'FABRICATION_DIR': '@MANUFACTURING_DIR@/Fabrication', 'GERBERS_DIR': '@FABRICATION_DIR@/Gerbers', 'FAB_DRILL_TABLES_DIR': '@FABRICATION_DIR@/Drill Tables', 'TESTING_DIR': 'Testing', 'TESTPOINTS_DIR': '@TESTING_DIR@/Testpoints', 'IMAGES_DIR': 'Images', '3D_DIR': '3D', 'RESOURCES_DIR': 'kibot_resources', 'REPORT_TEMPLATE_DIR': '@RESOURCES_DIR@/templates', 'SCRIPTS_DIR': '@RESOURCES_DIR@/scripts', 'LAYER_TITLE_PAGE': 'TitlePage', 'LAYER_DNP_TOP': 'F.DNP', 'LAYER_DNP_BOTTOM': 'B.DNP', 'LAYER_DRILL_MAP': 'DrillMap', 'LAYER_TP_LIST_TOP': 'F.TestPointList', 'LAYER_TP_LIST_BOTTOM': 'B.TestPointList', 'LAYER_ASSEMBLY_TEXT_TOP': 'F.AssemblyText', 'LAYER_ASSEMBLY_TEXT_BOTTOM': 'B.AssemblyText', 'LAYER_DNP_CROSS_TOP': 'F.DNP', 'LAYER_DNP_CROSS_BOTTOM': 'B.DNP', 'FILT_FIELD_RENAME': 'field_rename', 'FILT_TP_ONLY': 'only_testpoints', 'FILT_TP_EXCLUDE': 'exclude_testpoints', 'FILT_TP_TOP_ONLY': 'only_testpoints_top', 'FILT_TP_BOTTOM_ONLY': 'only_testpoints_bottom', 'SCH_VARIANT_OUTPUT': 'value_split', 'NETLIST_OUTPUT': 'netlist', 'GERBER_OUTPUT': 'gbr_gerbers', 'ODB_OUTPUT': 'zip_odb', 'EXCELLON_DRILL_OUTPUT': 'drl_excellon', 'PDF_DRILL_MAP_OUTPUT': 'pdf_drill_map', 'DXF_DRILL_MAP_OUTPUT': 'dxf_drill_map', 'CSV_DRILL_TABLE_OUTPUT': 'csv_drill_table', 'CSV_POS_OUTPUT': 'csv_position', 'CSV_TP_OUTPUT': 'csv_testpoints', 'CSV_TP_TOP_OUTPUT': 'csv_testpoints_top', 'CSV_TP_BOTTOM_OUTPUT': 'csv_testpoints_bottom', 'CSV_BOM_OUTPUT': 'csv_bom', 'XLSX_BOM_OUTPUT': 'xlsx_bom', 'HTML_IBOM_OUTPUT': 'html_bom_interactive', 'HTML_BOM_OUTPUT': 'html_bom', 'CSV_COMP_COUNT_OUPUT': 'csv_comp_count', 'CSV_IMPEDANCE_TABLE_OUTPUT': 'csv_impedance_table', 'TXT_FAB_NOTES_OUTPUT': 'txt_fabrication_notes', 'TXT_ASSEMBLY_NOTES_OUTPUT': 'txt_assembly_notes', 'PNG_3D_VIEWER_TOP': 'png_3d_viewer_top', 'PNG_3D_VIEWER_BOTTOM': 'png_3d_viewer_bottom', 'PNG_3D_VIEWER_ANGLED_TOP': 'png_3d_viewer_angled_top', 'PNG_3D_VIEWER_ANGLED_BOTTOM': 'png_3d_viewer_angled_bottom', 'STEP_OUTPUT': 'step', 'BLENDER_OUTPUT': 'blender', 'PDF_SCHEMATIC_OUTPUT': 'pdf_schematic', 'PDF_FABRICATION_OUTPUT': 'pdf_fabrication', 'PDF_ASSEMBLY_OUTPUT': 'pdf_assembly', 'ZIP_COMPRESS_FAB_OUTPUT': 'zip_compress_fab', 'HTML_KICANVAS_OUTPUT': 'html_kicanvas', 'HTML_KIRI_OUTPUT': 'html_kiri', 'MD_README_OUTPUT': 'md_readme', 'HTML_NAV_RES_OUTPUT': 'html_navigate_results', 'NAME': 'pdf_drill_map', 'COMMENT': 'Drill Map in PDF format', 'DIR': 'Manufacturing/Fabrication/Gerbers', 'GENERATE_DRILL': False, 'PTH_NPTH': False, 'MAP_FORMAT': 'pdf'} (kibot - config_reader.py:662)
DEBUG:- Updated definitions: {'NAME': 'pdf_drill_map', 'COMMENT': 'Drill Map in PDF format', 'DIR': 'Manufacturing/Fabrication/Gerbers', 'GENERATE_DRILL': False, 'PTH_NPTH': False, 'MAP_FORMAT': 'pdf', 'PROJECT_NAME': 'LE_V2', 'BOARD_NAME': 'LE_BMS_A_V2', 'COMPANY': 'Company Name', 'DESIGNER': 'Author', 'LOGO': 'Logos/dummy_logo.png', 'GIT_URL': 'https://github.com/nguyen-v/KDT_Hierarchical_KiBot', 'CHECK_ZONE_FILLS': False, 'STACKUP_TABLE_NOTE': 'external layer thicknesses are specified after plating', 'MPN_FIELD': 'Manufacturer Part Number', 'MAN_FIELD': 'Manufacturer', 'GROUP_ROUND_SLOTS': True, 'GROUP_PTH_NPTH': 'no', 'GROUP_PTH_NPTH_DRL': False, 'PLOT_REFS': True, 'COLOR_THEME': 'Altium_Theme', 'SHEET_WKS': '${KIPRJMOD}/Templates/KDT_Template_PCB_GIT_A4.kicad_wks', 'FAB_SCALING': 1, 'ASSEMBLY_SCALING': 1, 'EXCLUDE_REFS': '[MB*]', '3D_VIEWER_ROT_X': 2, '3D_VIEWER_ROT_Y': -1, '3D_VIEWER_ROT_Z': 1, '3D_VIEWER_ZOOM': -1, 'KEY_COLOR': '#00FF00', 'OUTPUT_DIR': './', 'REPORT_DIR': 'Reports', 'SCHEMATIC_DIR': 'Schematic', 'MANUFACTURING_DIR': 'Manufacturing', 'ASSEMBLY_DIR': '@MANUFACTURING_DIR@/Assembly', 'FABRICATION_DIR': '@MANUFACTURING_DIR@/Fabrication', 'GERBERS_DIR': '@FABRICATION_DIR@/Gerbers', 'FAB_DRILL_TABLES_DIR': '@FABRICATION_DIR@/Drill Tables', 'TESTING_DIR': 'Testing', 'TESTPOINTS_DIR': '@TESTING_DIR@/Testpoints', 'IMAGES_DIR': 'Images', '3D_DIR': '3D', 'RESOURCES_DIR': 'kibot_resources', 'REPORT_TEMPLATE_DIR': '@RESOURCES_DIR@/templates', 'SCRIPTS_DIR': '@RESOURCES_DIR@/scripts', 'LAYER_TITLE_PAGE': 'TitlePage', 'LAYER_DNP_TOP': 'F.DNP', 'LAYER_DNP_BOTTOM': 'B.DNP', 'LAYER_DRILL_MAP': 'DrillMap', 'LAYER_TP_LIST_TOP': 'F.TestPointList', 'LAYER_TP_LIST_BOTTOM': 'B.TestPointList', 'LAYER_ASSEMBLY_TEXT_TOP': 'F.AssemblyText', 'LAYER_ASSEMBLY_TEXT_BOTTOM': 'B.AssemblyText', 'LAYER_DNP_CROSS_TOP': 'F.DNP', 'LAYER_DNP_CROSS_BOTTOM': 'B.DNP', 'FILT_FIELD_RENAME': 'field_rename', 'FILT_TP_ONLY': 'only_testpoints', 'FILT_TP_EXCLUDE': 'exclude_testpoints', 'FILT_TP_TOP_ONLY': 'only_testpoints_top', 'FILT_TP_BOTTOM_ONLY': 'only_testpoints_bottom', 'SCH_VARIANT_OUTPUT': 'value_split', 'NETLIST_OUTPUT': 'netlist', 'GERBER_OUTPUT': 'gbr_gerbers', 'ODB_OUTPUT': 'zip_odb', 'EXCELLON_DRILL_OUTPUT': 'drl_excellon', 'PDF_DRILL_MAP_OUTPUT': 'pdf_drill_map', 'DXF_DRILL_MAP_OUTPUT': 'dxf_drill_map', 'CSV_DRILL_TABLE_OUTPUT': 'csv_drill_table', 'CSV_POS_OUTPUT': 'csv_position', 'CSV_TP_OUTPUT': 'csv_testpoints', 'CSV_TP_TOP_OUTPUT': 'csv_testpoints_top', 'CSV_TP_BOTTOM_OUTPUT': 'csv_testpoints_bottom', 'CSV_BOM_OUTPUT': 'csv_bom', 'XLSX_BOM_OUTPUT': 'xlsx_bom', 'HTML_IBOM_OUTPUT': 'html_bom_interactive', 'HTML_BOM_OUTPUT': 'html_bom', 'CSV_COMP_COUNT_OUPUT': 'csv_comp_count', 'CSV_IMPEDANCE_TABLE_OUTPUT': 'csv_impedance_table', 'TXT_FAB_NOTES_OUTPUT': 'txt_fabrication_notes', 'TXT_ASSEMBLY_NOTES_OUTPUT': 'txt_assembly_notes', 'PNG_3D_VIEWER_TOP': 'png_3d_viewer_top', 'PNG_3D_VIEWER_BOTTOM': 'png_3d_viewer_bottom', 'PNG_3D_VIEWER_ANGLED_TOP': 'png_3d_viewer_angled_top', 'PNG_3D_VIEWER_ANGLED_BOTTOM': 'png_3d_viewer_angled_bottom', 'STEP_OUTPUT': 'step', 'BLENDER_OUTPUT': 'blender', 'PDF_SCHEMATIC_OUTPUT': 'pdf_schematic', 'PDF_FABRICATION_OUTPUT': 'pdf_fabrication', 'PDF_ASSEMBLY_OUTPUT': 'pdf_assembly', 'ZIP_COMPRESS_FAB_OUTPUT': 'zip_compress_fab', 'HTML_KICANVAS_OUTPUT': 'html_kicanvas', 'HTML_KIRI_OUTPUT': 'html_kiri', 'MD_README_OUTPUT': 'md_readme', 'HTML_NAV_RES_OUTPUT': 'html_navigate_results'} (kibot - config_reader.py:665)
DEBUG:Applying preprocessor definitions (kibot - config_reader.py:670)
DEBUG:- Applying CLI definitions: {} (kibot - config_reader.py:677)
DEBUG:- Applying collected definitions: {'NAME': 'pdf_drill_map', 'COMMENT': 'Drill Map in PDF format', 'DIR': 'Manufacturing/Fabrication/Gerbers', 'GENERATE_DRILL': False, 'PTH_NPTH': False, 'MAP_FORMAT': 'pdf', 'PROJECT_NAME': 'LE_V2', 'BOARD_NAME': 'LE_BMS_A_V2', 'COMPANY': 'Company Name', 'DESIGNER': 'Author', 'LOGO': 'Logos/dummy_logo.png', 'GIT_URL': 'https://github.com/nguyen-v/KDT_Hierarchical_KiBot', 'CHECK_ZONE_FILLS': False, 'STACKUP_TABLE_NOTE': 'external layer thicknesses are specified after plating', 'MPN_FIELD': 'Manufacturer Part Number', 'MAN_FIELD': 'Manufacturer', 'GROUP_ROUND_SLOTS': True, 'GROUP_PTH_NPTH': 'no', 'GROUP_PTH_NPTH_DRL': False, 'PLOT_REFS': True, 'COLOR_THEME': 'Altium_Theme', 'SHEET_WKS': '${KIPRJMOD}/Templates/KDT_Template_PCB_GIT_A4.kicad_wks', 'FAB_SCALING': 1, 'ASSEMBLY_SCALING': 1, 'EXCLUDE_REFS': '[MB*]', '3D_VIEWER_ROT_X': 2, '3D_VIEWER_ROT_Y': -1, '3D_VIEWER_ROT_Z': 1, '3D_VIEWER_ZOOM': -1, 'KEY_COLOR': '#00FF00', 'OUTPUT_DIR': './', 'REPORT_DIR': 'Reports', 'SCHEMATIC_DIR': 'Schematic', 'MANUFACTURING_DIR': 'Manufacturing', 'ASSEMBLY_DIR': '@MANUFACTURING_DIR@/Assembly', 'FABRICATION_DIR': '@MANUFACTURING_DIR@/Fabrication', 'GERBERS_DIR': '@FABRICATION_DIR@/Gerbers', 'FAB_DRILL_TABLES_DIR': '@FABRICATION_DIR@/Drill Tables', 'TESTING_DIR': 'Testing', 'TESTPOINTS_DIR': '@TESTING_DIR@/Testpoints', 'IMAGES_DIR': 'Images', '3D_DIR': '3D', 'RESOURCES_DIR': 'kibot_resources', 'REPORT_TEMPLATE_DIR': '@RESOURCES_DIR@/templates', 'SCRIPTS_DIR': '@RESOURCES_DIR@/scripts', 'LAYER_TITLE_PAGE': 'TitlePage', 'LAYER_DNP_TOP': 'F.DNP', 'LAYER_DNP_BOTTOM': 'B.DNP', 'LAYER_DRILL_MAP': 'DrillMap', 'LAYER_TP_LIST_TOP': 'F.TestPointList', 'LAYER_TP_LIST_BOTTOM': 'B.TestPointList', 'LAYER_ASSEMBLY_TEXT_TOP': 'F.AssemblyText', 'LAYER_ASSEMBLY_TEXT_BOTTOM': 'B.AssemblyText', 'LAYER_DNP_CROSS_TOP': 'F.DNP', 'LAYER_DNP_CROSS_BOTTOM': 'B.DNP', 'FILT_FIELD_RENAME': 'field_rename', 'FILT_TP_ONLY': 'only_testpoints', 'FILT_TP_EXCLUDE': 'exclude_testpoints', 'FILT_TP_TOP_ONLY': 'only_testpoints_top', 'FILT_TP_BOTTOM_ONLY': 'only_testpoints_bottom', 'SCH_VARIANT_OUTPUT': 'value_split', 'NETLIST_OUTPUT': 'netlist', 'GERBER_OUTPUT': 'gbr_gerbers', 'ODB_OUTPUT': 'zip_odb', 'EXCELLON_DRILL_OUTPUT': 'drl_excellon', 'PDF_DRILL_MAP_OUTPUT': 'pdf_drill_map', 'DXF_DRILL_MAP_OUTPUT': 'dxf_drill_map', 'CSV_DRILL_TABLE_OUTPUT': 'csv_drill_table', 'CSV_POS_OUTPUT': 'csv_position', 'CSV_TP_OUTPUT': 'csv_testpoints', 'CSV_TP_TOP_OUTPUT': 'csv_testpoints_top', 'CSV_TP_BOTTOM_OUTPUT': 'csv_testpoints_bottom', 'CSV_BOM_OUTPUT': 'csv_bom', 'XLSX_BOM_OUTPUT': 'xlsx_bom', 'HTML_IBOM_OUTPUT': 'html_bom_interactive', 'HTML_BOM_OUTPUT': 'html_bom', 'CSV_COMP_COUNT_OUPUT': 'csv_comp_count', 'CSV_IMPEDANCE_TABLE_OUTPUT': 'csv_impedance_table', 'TXT_FAB_NOTES_OUTPUT': 'txt_fabrication_notes', 'TXT_ASSEMBLY_NOTES_OUTPUT': 'txt_assembly_notes', 'PNG_3D_VIEWER_TOP': 'png_3d_viewer_top', 'PNG_3D_VIEWER_BOTTOM': 'png_3d_viewer_bottom', 'PNG_3D_VIEWER_ANGLED_TOP': 'png_3d_viewer_angled_top', 'PNG_3D_VIEWER_ANGLED_BOTTOM': 'png_3d_viewer_angled_bottom', 'STEP_OUTPUT': 'step', 'BLENDER_OUTPUT': 'blender', 'PDF_SCHEMATIC_OUTPUT': 'pdf_schematic', 'PDF_FABRICATION_OUTPUT': 'pdf_fabrication', 'PDF_ASSEMBLY_OUTPUT': 'pdf_assembly', 'ZIP_COMPRESS_FAB_OUTPUT': 'zip_compress_fab', 'HTML_KICANVAS_OUTPUT': 'html_kicanvas', 'HTML_KIRI_OUTPUT': 'html_kiri', 'MD_README_OUTPUT': 'md_readme', 'HTML_NAV_RES_OUTPUT': 'html_navigate_results'} (kibot - config_reader.py:680)
DEBUG:- Replacing @NAME@ -> pdf_drill_map (<class 'str'>) (kibot - config_reader.py:78)
DEBUG:- Replacing @COMMENT@ -> Drill Map in PDF format (<class 'str'>) (kibot - config_reader.py:78)
DEBUG:- Replacing @DIR@ -> Manufacturing/Fabrication/Gerbers (<class 'str'>) (kibot - config_reader.py:78)
DEBUG:- Replacing @GENERATE_DRILL@ -> false (<class 'str'>) (kibot - config_reader.py:78)
DEBUG:- Replacing @PTH_NPTH@ -> false (<class 'str'>) (kibot - config_reader.py:78)
DEBUG:- Replacing @MAP_FORMAT@ -> pdf (<class 'str'>) (kibot - config_reader.py:78)
DEBUG:- Applying CLI definitions: {} (kibot - config_reader.py:677)
DEBUG:- Applying collected definitions: {'NAME': 'pdf_drill_map', 'COMMENT': 'Drill Map in PDF format', 'DIR': 'Manufacturing/Fabrication/Gerbers', 'GENERATE_DRILL': False, 'PTH_NPTH': False, 'MAP_FORMAT': 'pdf', 'PROJECT_NAME': 'LE_V2', 'BOARD_NAME': 'LE_BMS_A_V2', 'COMPANY': 'Company Name', 'DESIGNER': 'Author', 'LOGO': 'Logos/dummy_logo.png', 'GIT_URL': 'https://github.com/nguyen-v/KDT_Hierarchical_KiBot', 'CHECK_ZONE_FILLS': False, 'STACKUP_TABLE_NOTE': 'external layer thicknesses are specified after plating', 'MPN_FIELD': 'Manufacturer Part Number', 'MAN_FIELD': 'Manufacturer', 'GROUP_ROUND_SLOTS': True, 'GROUP_PTH_NPTH': 'no', 'GROUP_PTH_NPTH_DRL': False, 'PLOT_REFS': True, 'COLOR_THEME': 'Altium_Theme', 'SHEET_WKS': '${KIPRJMOD}/Templates/KDT_Template_PCB_GIT_A4.kicad_wks', 'FAB_SCALING': 1, 'ASSEMBLY_SCALING': 1, 'EXCLUDE_REFS': '[MB*]', '3D_VIEWER_ROT_X': 2, '3D_VIEWER_ROT_Y': -1, '3D_VIEWER_ROT_Z': 1, '3D_VIEWER_ZOOM': -1, 'KEY_COLOR': '#00FF00', 'OUTPUT_DIR': './', 'REPORT_DIR': 'Reports', 'SCHEMATIC_DIR': 'Schematic', 'MANUFACTURING_DIR': 'Manufacturing', 'ASSEMBLY_DIR': '@MANUFACTURING_DIR@/Assembly', 'FABRICATION_DIR': '@MANUFACTURING_DIR@/Fabrication', 'GERBERS_DIR': '@FABRICATION_DIR@/Gerbers', 'FAB_DRILL_TABLES_DIR': '@FABRICATION_DIR@/Drill Tables', 'TESTING_DIR': 'Testing', 'TESTPOINTS_DIR': '@TESTING_DIR@/Testpoints', 'IMAGES_DIR': 'Images', '3D_DIR': '3D', 'RESOURCES_DIR': 'kibot_resources', 'REPORT_TEMPLATE_DIR': '@RESOURCES_DIR@/templates', 'SCRIPTS_DIR': '@RESOURCES_DIR@/scripts', 'LAYER_TITLE_PAGE': 'TitlePage', 'LAYER_DNP_TOP': 'F.DNP', 'LAYER_DNP_BOTTOM': 'B.DNP', 'LAYER_DRILL_MAP': 'DrillMap', 'LAYER_TP_LIST_TOP': 'F.TestPointList', 'LAYER_TP_LIST_BOTTOM': 'B.TestPointList', 'LAYER_ASSEMBLY_TEXT_TOP': 'F.AssemblyText', 'LAYER_ASSEMBLY_TEXT_BOTTOM': 'B.AssemblyText', 'LAYER_DNP_CROSS_TOP': 'F.DNP', 'LAYER_DNP_CROSS_BOTTOM': 'B.DNP', 'FILT_FIELD_RENAME': 'field_rename', 'FILT_TP_ONLY': 'only_testpoints', 'FILT_TP_EXCLUDE': 'exclude_testpoints', 'FILT_TP_TOP_ONLY': 'only_testpoints_top', 'FILT_TP_BOTTOM_ONLY': 'only_testpoints_bottom', 'SCH_VARIANT_OUTPUT': 'value_split', 'NETLIST_OUTPUT': 'netlist', 'GERBER_OUTPUT': 'gbr_gerbers', 'ODB_OUTPUT': 'zip_odb', 'EXCELLON_DRILL_OUTPUT': 'drl_excellon', 'PDF_DRILL_MAP_OUTPUT': 'pdf_drill_map', 'DXF_DRILL_MAP_OUTPUT': 'dxf_drill_map', 'CSV_DRILL_TABLE_OUTPUT': 'csv_drill_table', 'CSV_POS_OUTPUT': 'csv_position', 'CSV_TP_OUTPUT': 'csv_testpoints', 'CSV_TP_TOP_OUTPUT': 'csv_testpoints_top', 'CSV_TP_BOTTOM_OUTPUT': 'csv_testpoints_bottom', 'CSV_BOM_OUTPUT': 'csv_bom', 'XLSX_BOM_OUTPUT': 'xlsx_bom', 'HTML_IBOM_OUTPUT': 'html_bom_interactive', 'HTML_BOM_OUTPUT': 'html_bom', 'CSV_COMP_COUNT_OUPUT': 'csv_comp_count', 'CSV_IMPEDANCE_TABLE_OUTPUT': 'csv_impedance_table', 'TXT_FAB_NOTES_OUTPUT': 'txt_fabrication_notes', 'TXT_ASSEMBLY_NOTES_OUTPUT': 'txt_assembly_notes', 'PNG_3D_VIEWER_TOP': 'png_3d_viewer_top', 'PNG_3D_VIEWER_BOTTOM': 'png_3d_viewer_bottom', 'PNG_3D_VIEWER_ANGLED_TOP': 'png_3d_viewer_angled_top', 'PNG_3D_VIEWER_ANGLED_BOTTOM': 'png_3d_viewer_angled_bottom', 'STEP_OUTPUT': 'step', 'BLENDER_OUTPUT': 'blender', 'PDF_SCHEMATIC_OUTPUT': 'pdf_schematic', 'PDF_FABRICATION_OUTPUT': 'pdf_fabrication', 'PDF_ASSEMBLY_OUTPUT': 'pdf_assembly', 'ZIP_COMPRESS_FAB_OUTPUT': 'zip_compress_fab', 'HTML_KICANVAS_OUTPUT': 'html_kicanvas', 'HTML_KIRI_OUTPUT': 'html_kiri', 'MD_README_OUTPUT': 'md_readme', 'HTML_NAV_RES_OUTPUT': 'html_navigate_results'} (kibot - config_reader.py:680)
DEBUG:YAML after expanding definitions:
# KiBot output for generating drill Gerber files
# https://kibot.readthedocs.io/en/latest/configuration/outputs/excellon.html

kibot:
  version: 1

outputs:
- name: pdf_drill_map
  comment: 'Drill Map in PDF format'
  type: excellon
  category: 'Manufacturing/Fabrication/Gerbers'
  dir: 'Manufacturing/Fabrication/Gerbers'
  options:
    generate_drill_files: false
    pth_and_npth_single_file: false
    map: 'pdf'

 (kibot - config_reader.py:686)
DEBUG:Pre-parsing output options for `pdf_drill_map` (excellon) (kibot - config_reader.py:169)
DEBUG:Outputs loaded from `kibot_yaml/kibot_out_excellon_drill.yaml`: ['pdf_drill_map'] (kibot - config_reader.py:361)
DEBUG:Found local definitions (kibot - config_reader.py:651)
DEBUG:- Local definitions: {'NAME': 'csv_drill_table', 'COMMENT': 'Drill Table in CSV format', 'DIR': 'Manufacturing/Fabrication/Tables', 'PTH_NPTH': 'yes', 'GROUP_ROUND_SLOTS': True} (kibot - config_reader.py:661)
DEBUG:- Current definitions: {'PROJECT_NAME': 'LE_V2', 'BOARD_NAME': 'LE_BMS_A_V2', 'COMPANY': 'Company Name', 'DESIGNER': 'Author', 'LOGO': 'Logos/dummy_logo.png', 'GIT_URL': 'https://github.com/nguyen-v/KDT_Hierarchical_KiBot', 'CHECK_ZONE_FILLS': False, 'STACKUP_TABLE_NOTE': 'external layer thicknesses are specified after plating', 'MPN_FIELD': 'Manufacturer Part Number', 'MAN_FIELD': 'Manufacturer', 'GROUP_ROUND_SLOTS': True, 'GROUP_PTH_NPTH': 'no', 'GROUP_PTH_NPTH_DRL': False, 'PLOT_REFS': True, 'COLOR_THEME': 'Altium_Theme', 'SHEET_WKS': '${KIPRJMOD}/Templates/KDT_Template_PCB_GIT_A4.kicad_wks', 'FAB_SCALING': 1, 'ASSEMBLY_SCALING': 1, 'EXCLUDE_REFS': '[MB*]', '3D_VIEWER_ROT_X': 2, '3D_VIEWER_ROT_Y': -1, '3D_VIEWER_ROT_Z': 1, '3D_VIEWER_ZOOM': -1, 'KEY_COLOR': '#00FF00', 'OUTPUT_DIR': './', 'REPORT_DIR': 'Reports', 'SCHEMATIC_DIR': 'Schematic', 'MANUFACTURING_DIR': 'Manufacturing', 'ASSEMBLY_DIR': '@MANUFACTURING_DIR@/Assembly', 'FABRICATION_DIR': '@MANUFACTURING_DIR@/Fabrication', 'GERBERS_DIR': '@FABRICATION_DIR@/Gerbers', 'FAB_DRILL_TABLES_DIR': '@FABRICATION_DIR@/Drill Tables', 'TESTING_DIR': 'Testing', 'TESTPOINTS_DIR': '@TESTING_DIR@/Testpoints', 'IMAGES_DIR': 'Images', '3D_DIR': '3D', 'RESOURCES_DIR': 'kibot_resources', 'REPORT_TEMPLATE_DIR': '@RESOURCES_DIR@/templates', 'SCRIPTS_DIR': '@RESOURCES_DIR@/scripts', 'LAYER_TITLE_PAGE': 'TitlePage', 'LAYER_DNP_TOP': 'F.DNP', 'LAYER_DNP_BOTTOM': 'B.DNP', 'LAYER_DRILL_MAP': 'DrillMap', 'LAYER_TP_LIST_TOP': 'F.TestPointList', 'LAYER_TP_LIST_BOTTOM': 'B.TestPointList', 'LAYER_ASSEMBLY_TEXT_TOP': 'F.AssemblyText', 'LAYER_ASSEMBLY_TEXT_BOTTOM': 'B.AssemblyText', 'LAYER_DNP_CROSS_TOP': 'F.DNP', 'LAYER_DNP_CROSS_BOTTOM': 'B.DNP', 'FILT_FIELD_RENAME': 'field_rename', 'FILT_TP_ONLY': 'only_testpoints', 'FILT_TP_EXCLUDE': 'exclude_testpoints', 'FILT_TP_TOP_ONLY': 'only_testpoints_top', 'FILT_TP_BOTTOM_ONLY': 'only_testpoints_bottom', 'SCH_VARIANT_OUTPUT': 'value_split', 'NETLIST_OUTPUT': 'netlist', 'GERBER_OUTPUT': 'gbr_gerbers', 'ODB_OUTPUT': 'zip_odb', 'EXCELLON_DRILL_OUTPUT': 'drl_excellon', 'PDF_DRILL_MAP_OUTPUT': 'pdf_drill_map', 'DXF_DRILL_MAP_OUTPUT': 'dxf_drill_map', 'CSV_DRILL_TABLE_OUTPUT': 'csv_drill_table', 'CSV_POS_OUTPUT': 'csv_position', 'CSV_TP_OUTPUT': 'csv_testpoints', 'CSV_TP_TOP_OUTPUT': 'csv_testpoints_top', 'CSV_TP_BOTTOM_OUTPUT': 'csv_testpoints_bottom', 'CSV_BOM_OUTPUT': 'csv_bom', 'XLSX_BOM_OUTPUT': 'xlsx_bom', 'HTML_IBOM_OUTPUT': 'html_bom_interactive', 'HTML_BOM_OUTPUT': 'html_bom', 'CSV_COMP_COUNT_OUPUT': 'csv_comp_count', 'CSV_IMPEDANCE_TABLE_OUTPUT': 'csv_impedance_table', 'TXT_FAB_NOTES_OUTPUT': 'txt_fabrication_notes', 'TXT_ASSEMBLY_NOTES_OUTPUT': 'txt_assembly_notes', 'PNG_3D_VIEWER_TOP': 'png_3d_viewer_top', 'PNG_3D_VIEWER_BOTTOM': 'png_3d_viewer_bottom', 'PNG_3D_VIEWER_ANGLED_TOP': 'png_3d_viewer_angled_top', 'PNG_3D_VIEWER_ANGLED_BOTTOM': 'png_3d_viewer_angled_bottom', 'STEP_OUTPUT': 'step', 'BLENDER_OUTPUT': 'blender', 'PDF_SCHEMATIC_OUTPUT': 'pdf_schematic', 'PDF_FABRICATION_OUTPUT': 'pdf_fabrication', 'PDF_ASSEMBLY_OUTPUT': 'pdf_assembly', 'ZIP_COMPRESS_FAB_OUTPUT': 'zip_compress_fab', 'HTML_KICANVAS_OUTPUT': 'html_kicanvas', 'HTML_KIRI_OUTPUT': 'html_kiri', 'MD_README_OUTPUT': 'md_readme', 'HTML_NAV_RES_OUTPUT': 'html_navigate_results', 'NAME': 'csv_drill_table', 'COMMENT': 'Drill Table in CSV format', 'DIR': 'Manufacturing/Fabrication/Drill Tables', 'PTH_NPTH': 'no'} (kibot - config_reader.py:662)
DEBUG:- Updated definitions: {'NAME': 'csv_drill_table', 'COMMENT': 'Drill Table in CSV format', 'DIR': 'Manufacturing/Fabrication/Drill Tables', 'PTH_NPTH': 'no', 'GROUP_ROUND_SLOTS': True, 'PROJECT_NAME': 'LE_V2', 'BOARD_NAME': 'LE_BMS_A_V2', 'COMPANY': 'Company Name', 'DESIGNER': 'Author', 'LOGO': 'Logos/dummy_logo.png', 'GIT_URL': 'https://github.com/nguyen-v/KDT_Hierarchical_KiBot', 'CHECK_ZONE_FILLS': False, 'STACKUP_TABLE_NOTE': 'external layer thicknesses are specified after plating', 'MPN_FIELD': 'Manufacturer Part Number', 'MAN_FIELD': 'Manufacturer', 'GROUP_PTH_NPTH': 'no', 'GROUP_PTH_NPTH_DRL': False, 'PLOT_REFS': True, 'COLOR_THEME': 'Altium_Theme', 'SHEET_WKS': '${KIPRJMOD}/Templates/KDT_Template_PCB_GIT_A4.kicad_wks', 'FAB_SCALING': 1, 'ASSEMBLY_SCALING': 1, 'EXCLUDE_REFS': '[MB*]', '3D_VIEWER_ROT_X': 2, '3D_VIEWER_ROT_Y': -1, '3D_VIEWER_ROT_Z': 1, '3D_VIEWER_ZOOM': -1, 'KEY_COLOR': '#00FF00', 'OUTPUT_DIR': './', 'REPORT_DIR': 'Reports', 'SCHEMATIC_DIR': 'Schematic', 'MANUFACTURING_DIR': 'Manufacturing', 'ASSEMBLY_DIR': '@MANUFACTURING_DIR@/Assembly', 'FABRICATION_DIR': '@MANUFACTURING_DIR@/Fabrication', 'GERBERS_DIR': '@FABRICATION_DIR@/Gerbers', 'FAB_DRILL_TABLES_DIR': '@FABRICATION_DIR@/Drill Tables', 'TESTING_DIR': 'Testing', 'TESTPOINTS_DIR': '@TESTING_DIR@/Testpoints', 'IMAGES_DIR': 'Images', '3D_DIR': '3D', 'RESOURCES_DIR': 'kibot_resources', 'REPORT_TEMPLATE_DIR': '@RESOURCES_DIR@/templates', 'SCRIPTS_DIR': '@RESOURCES_DIR@/scripts', 'LAYER_TITLE_PAGE': 'TitlePage', 'LAYER_DNP_TOP': 'F.DNP', 'LAYER_DNP_BOTTOM': 'B.DNP', 'LAYER_DRILL_MAP': 'DrillMap', 'LAYER_TP_LIST_TOP': 'F.TestPointList', 'LAYER_TP_LIST_BOTTOM': 'B.TestPointList', 'LAYER_ASSEMBLY_TEXT_TOP': 'F.AssemblyText', 'LAYER_ASSEMBLY_TEXT_BOTTOM': 'B.AssemblyText', 'LAYER_DNP_CROSS_TOP': 'F.DNP', 'LAYER_DNP_CROSS_BOTTOM': 'B.DNP', 'FILT_FIELD_RENAME': 'field_rename', 'FILT_TP_ONLY': 'only_testpoints', 'FILT_TP_EXCLUDE': 'exclude_testpoints', 'FILT_TP_TOP_ONLY': 'only_testpoints_top', 'FILT_TP_BOTTOM_ONLY': 'only_testpoints_bottom', 'SCH_VARIANT_OUTPUT': 'value_split', 'NETLIST_OUTPUT': 'netlist', 'GERBER_OUTPUT': 'gbr_gerbers', 'ODB_OUTPUT': 'zip_odb', 'EXCELLON_DRILL_OUTPUT': 'drl_excellon', 'PDF_DRILL_MAP_OUTPUT': 'pdf_drill_map', 'DXF_DRILL_MAP_OUTPUT': 'dxf_drill_map', 'CSV_DRILL_TABLE_OUTPUT': 'csv_drill_table', 'CSV_POS_OUTPUT': 'csv_position', 'CSV_TP_OUTPUT': 'csv_testpoints', 'CSV_TP_TOP_OUTPUT': 'csv_testpoints_top', 'CSV_TP_BOTTOM_OUTPUT': 'csv_testpoints_bottom', 'CSV_BOM_OUTPUT': 'csv_bom', 'XLSX_BOM_OUTPUT': 'xlsx_bom', 'HTML_IBOM_OUTPUT': 'html_bom_interactive', 'HTML_BOM_OUTPUT': 'html_bom', 'CSV_COMP_COUNT_OUPUT': 'csv_comp_count', 'CSV_IMPEDANCE_TABLE_OUTPUT': 'csv_impedance_table', 'TXT_FAB_NOTES_OUTPUT': 'txt_fabrication_notes', 'TXT_ASSEMBLY_NOTES_OUTPUT': 'txt_assembly_notes', 'PNG_3D_VIEWER_TOP': 'png_3d_viewer_top', 'PNG_3D_VIEWER_BOTTOM': 'png_3d_viewer_bottom', 'PNG_3D_VIEWER_ANGLED_TOP': 'png_3d_viewer_angled_top', 'PNG_3D_VIEWER_ANGLED_BOTTOM': 'png_3d_viewer_angled_bottom', 'STEP_OUTPUT': 'step', 'BLENDER_OUTPUT': 'blender', 'PDF_SCHEMATIC_OUTPUT': 'pdf_schematic', 'PDF_FABRICATION_OUTPUT': 'pdf_fabrication', 'PDF_ASSEMBLY_OUTPUT': 'pdf_assembly', 'ZIP_COMPRESS_FAB_OUTPUT': 'zip_compress_fab', 'HTML_KICANVAS_OUTPUT': 'html_kicanvas', 'HTML_KIRI_OUTPUT': 'html_kiri', 'MD_README_OUTPUT': 'md_readme', 'HTML_NAV_RES_OUTPUT': 'html_navigate_results'} (kibot - config_reader.py:665)
DEBUG:Applying preprocessor definitions (kibot - config_reader.py:670)
DEBUG:- Applying CLI definitions: {} (kibot - config_reader.py:677)
DEBUG:- Applying collected definitions: {'NAME': 'csv_drill_table', 'COMMENT': 'Drill Table in CSV format', 'DIR': 'Manufacturing/Fabrication/Drill Tables', 'PTH_NPTH': 'no', 'GROUP_ROUND_SLOTS': True, 'PROJECT_NAME': 'LE_V2', 'BOARD_NAME': 'LE_BMS_A_V2', 'COMPANY': 'Company Name', 'DESIGNER': 'Author', 'LOGO': 'Logos/dummy_logo.png', 'GIT_URL': 'https://github.com/nguyen-v/KDT_Hierarchical_KiBot', 'CHECK_ZONE_FILLS': False, 'STACKUP_TABLE_NOTE': 'external layer thicknesses are specified after plating', 'MPN_FIELD': 'Manufacturer Part Number', 'MAN_FIELD': 'Manufacturer', 'GROUP_PTH_NPTH': 'no', 'GROUP_PTH_NPTH_DRL': False, 'PLOT_REFS': True, 'COLOR_THEME': 'Altium_Theme', 'SHEET_WKS': '${KIPRJMOD}/Templates/KDT_Template_PCB_GIT_A4.kicad_wks', 'FAB_SCALING': 1, 'ASSEMBLY_SCALING': 1, 'EXCLUDE_REFS': '[MB*]', '3D_VIEWER_ROT_X': 2, '3D_VIEWER_ROT_Y': -1, '3D_VIEWER_ROT_Z': 1, '3D_VIEWER_ZOOM': -1, 'KEY_COLOR': '#00FF00', 'OUTPUT_DIR': './', 'REPORT_DIR': 'Reports', 'SCHEMATIC_DIR': 'Schematic', 'MANUFACTURING_DIR': 'Manufacturing', 'ASSEMBLY_DIR': '@MANUFACTURING_DIR@/Assembly', 'FABRICATION_DIR': '@MANUFACTURING_DIR@/Fabrication', 'GERBERS_DIR': '@FABRICATION_DIR@/Gerbers', 'FAB_DRILL_TABLES_DIR': '@FABRICATION_DIR@/Drill Tables', 'TESTING_DIR': 'Testing', 'TESTPOINTS_DIR': '@TESTING_DIR@/Testpoints', 'IMAGES_DIR': 'Images', '3D_DIR': '3D', 'RESOURCES_DIR': 'kibot_resources', 'REPORT_TEMPLATE_DIR': '@RESOURCES_DIR@/templates', 'SCRIPTS_DIR': '@RESOURCES_DIR@/scripts', 'LAYER_TITLE_PAGE': 'TitlePage', 'LAYER_DNP_TOP': 'F.DNP', 'LAYER_DNP_BOTTOM': 'B.DNP', 'LAYER_DRILL_MAP': 'DrillMap', 'LAYER_TP_LIST_TOP': 'F.TestPointList', 'LAYER_TP_LIST_BOTTOM': 'B.TestPointList', 'LAYER_ASSEMBLY_TEXT_TOP': 'F.AssemblyText', 'LAYER_ASSEMBLY_TEXT_BOTTOM': 'B.AssemblyText', 'LAYER_DNP_CROSS_TOP': 'F.DNP', 'LAYER_DNP_CROSS_BOTTOM': 'B.DNP', 'FILT_FIELD_RENAME': 'field_rename', 'FILT_TP_ONLY': 'only_testpoints', 'FILT_TP_EXCLUDE': 'exclude_testpoints', 'FILT_TP_TOP_ONLY': 'only_testpoints_top', 'FILT_TP_BOTTOM_ONLY': 'only_testpoints_bottom', 'SCH_VARIANT_OUTPUT': 'value_split', 'NETLIST_OUTPUT': 'netlist', 'GERBER_OUTPUT': 'gbr_gerbers', 'ODB_OUTPUT': 'zip_odb', 'EXCELLON_DRILL_OUTPUT': 'drl_excellon', 'PDF_DRILL_MAP_OUTPUT': 'pdf_drill_map', 'DXF_DRILL_MAP_OUTPUT': 'dxf_drill_map', 'CSV_DRILL_TABLE_OUTPUT': 'csv_drill_table', 'CSV_POS_OUTPUT': 'csv_position', 'CSV_TP_OUTPUT': 'csv_testpoints', 'CSV_TP_TOP_OUTPUT': 'csv_testpoints_top', 'CSV_TP_BOTTOM_OUTPUT': 'csv_testpoints_bottom', 'CSV_BOM_OUTPUT': 'csv_bom', 'XLSX_BOM_OUTPUT': 'xlsx_bom', 'HTML_IBOM_OUTPUT': 'html_bom_interactive', 'HTML_BOM_OUTPUT': 'html_bom', 'CSV_COMP_COUNT_OUPUT': 'csv_comp_count', 'CSV_IMPEDANCE_TABLE_OUTPUT': 'csv_impedance_table', 'TXT_FAB_NOTES_OUTPUT': 'txt_fabrication_notes', 'TXT_ASSEMBLY_NOTES_OUTPUT': 'txt_assembly_notes', 'PNG_3D_VIEWER_TOP': 'png_3d_viewer_top', 'PNG_3D_VIEWER_BOTTOM': 'png_3d_viewer_bottom', 'PNG_3D_VIEWER_ANGLED_TOP': 'png_3d_viewer_angled_top', 'PNG_3D_VIEWER_ANGLED_BOTTOM': 'png_3d_viewer_angled_bottom', 'STEP_OUTPUT': 'step', 'BLENDER_OUTPUT': 'blender', 'PDF_SCHEMATIC_OUTPUT': 'pdf_schematic', 'PDF_FABRICATION_OUTPUT': 'pdf_fabrication', 'PDF_ASSEMBLY_OUTPUT': 'pdf_assembly', 'ZIP_COMPRESS_FAB_OUTPUT': 'zip_compress_fab', 'HTML_KICANVAS_OUTPUT': 'html_kicanvas', 'HTML_KIRI_OUTPUT': 'html_kiri', 'MD_README_OUTPUT': 'md_readme', 'HTML_NAV_RES_OUTPUT': 'html_navigate_results'} (kibot - config_reader.py:680)
DEBUG:- Replacing @NAME@ -> csv_drill_table (<class 'str'>) (kibot - config_reader.py:78)
DEBUG:- Replacing @COMMENT@ -> Drill Table in CSV format (<class 'str'>) (kibot - config_reader.py:78)
DEBUG:- Replacing @DIR@ -> Manufacturing/Fabrication/Drill Tables (<class 'str'>) (kibot - config_reader.py:78)
DEBUG:- Replacing @PTH_NPTH@ -> no (<class 'str'>) (kibot - config_reader.py:78)
DEBUG:- Replacing @GROUP_ROUND_SLOTS@ -> true (<class 'str'>) (kibot - config_reader.py:78)
DEBUG:- Applying CLI definitions: {} (kibot - config_reader.py:677)
DEBUG:- Applying collected definitions: {'NAME': 'csv_drill_table', 'COMMENT': 'Drill Table in CSV format', 'DIR': 'Manufacturing/Fabrication/Drill Tables', 'PTH_NPTH': 'no', 'GROUP_ROUND_SLOTS': True, 'PROJECT_NAME': 'LE_V2', 'BOARD_NAME': 'LE_BMS_A_V2', 'COMPANY': 'Company Name', 'DESIGNER': 'Author', 'LOGO': 'Logos/dummy_logo.png', 'GIT_URL': 'https://github.com/nguyen-v/KDT_Hierarchical_KiBot', 'CHECK_ZONE_FILLS': False, 'STACKUP_TABLE_NOTE': 'external layer thicknesses are specified after plating', 'MPN_FIELD': 'Manufacturer Part Number', 'MAN_FIELD': 'Manufacturer', 'GROUP_PTH_NPTH': 'no', 'GROUP_PTH_NPTH_DRL': False, 'PLOT_REFS': True, 'COLOR_THEME': 'Altium_Theme', 'SHEET_WKS': '${KIPRJMOD}/Templates/KDT_Template_PCB_GIT_A4.kicad_wks', 'FAB_SCALING': 1, 'ASSEMBLY_SCALING': 1, 'EXCLUDE_REFS': '[MB*]', '3D_VIEWER_ROT_X': 2, '3D_VIEWER_ROT_Y': -1, '3D_VIEWER_ROT_Z': 1, '3D_VIEWER_ZOOM': -1, 'KEY_COLOR': '#00FF00', 'OUTPUT_DIR': './', 'REPORT_DIR': 'Reports', 'SCHEMATIC_DIR': 'Schematic', 'MANUFACTURING_DIR': 'Manufacturing', 'ASSEMBLY_DIR': '@MANUFACTURING_DIR@/Assembly', 'FABRICATION_DIR': '@MANUFACTURING_DIR@/Fabrication', 'GERBERS_DIR': '@FABRICATION_DIR@/Gerbers', 'FAB_DRILL_TABLES_DIR': '@FABRICATION_DIR@/Drill Tables', 'TESTING_DIR': 'Testing', 'TESTPOINTS_DIR': '@TESTING_DIR@/Testpoints', 'IMAGES_DIR': 'Images', '3D_DIR': '3D', 'RESOURCES_DIR': 'kibot_resources', 'REPORT_TEMPLATE_DIR': '@RESOURCES_DIR@/templates', 'SCRIPTS_DIR': '@RESOURCES_DIR@/scripts', 'LAYER_TITLE_PAGE': 'TitlePage', 'LAYER_DNP_TOP': 'F.DNP', 'LAYER_DNP_BOTTOM': 'B.DNP', 'LAYER_DRILL_MAP': 'DrillMap', 'LAYER_TP_LIST_TOP': 'F.TestPointList', 'LAYER_TP_LIST_BOTTOM': 'B.TestPointList', 'LAYER_ASSEMBLY_TEXT_TOP': 'F.AssemblyText', 'LAYER_ASSEMBLY_TEXT_BOTTOM': 'B.AssemblyText', 'LAYER_DNP_CROSS_TOP': 'F.DNP', 'LAYER_DNP_CROSS_BOTTOM': 'B.DNP', 'FILT_FIELD_RENAME': 'field_rename', 'FILT_TP_ONLY': 'only_testpoints', 'FILT_TP_EXCLUDE': 'exclude_testpoints', 'FILT_TP_TOP_ONLY': 'only_testpoints_top', 'FILT_TP_BOTTOM_ONLY': 'only_testpoints_bottom', 'SCH_VARIANT_OUTPUT': 'value_split', 'NETLIST_OUTPUT': 'netlist', 'GERBER_OUTPUT': 'gbr_gerbers', 'ODB_OUTPUT': 'zip_odb', 'EXCELLON_DRILL_OUTPUT': 'drl_excellon', 'PDF_DRILL_MAP_OUTPUT': 'pdf_drill_map', 'DXF_DRILL_MAP_OUTPUT': 'dxf_drill_map', 'CSV_DRILL_TABLE_OUTPUT': 'csv_drill_table', 'CSV_POS_OUTPUT': 'csv_position', 'CSV_TP_OUTPUT': 'csv_testpoints', 'CSV_TP_TOP_OUTPUT': 'csv_testpoints_top', 'CSV_TP_BOTTOM_OUTPUT': 'csv_testpoints_bottom', 'CSV_BOM_OUTPUT': 'csv_bom', 'XLSX_BOM_OUTPUT': 'xlsx_bom', 'HTML_IBOM_OUTPUT': 'html_bom_interactive', 'HTML_BOM_OUTPUT': 'html_bom', 'CSV_COMP_COUNT_OUPUT': 'csv_comp_count', 'CSV_IMPEDANCE_TABLE_OUTPUT': 'csv_impedance_table', 'TXT_FAB_NOTES_OUTPUT': 'txt_fabrication_notes', 'TXT_ASSEMBLY_NOTES_OUTPUT': 'txt_assembly_notes', 'PNG_3D_VIEWER_TOP': 'png_3d_viewer_top', 'PNG_3D_VIEWER_BOTTOM': 'png_3d_viewer_bottom', 'PNG_3D_VIEWER_ANGLED_TOP': 'png_3d_viewer_angled_top', 'PNG_3D_VIEWER_ANGLED_BOTTOM': 'png_3d_viewer_angled_bottom', 'STEP_OUTPUT': 'step', 'BLENDER_OUTPUT': 'blender', 'PDF_SCHEMATIC_OUTPUT': 'pdf_schematic', 'PDF_FABRICATION_OUTPUT': 'pdf_fabrication', 'PDF_ASSEMBLY_OUTPUT': 'pdf_assembly', 'ZIP_COMPRESS_FAB_OUTPUT': 'zip_compress_fab', 'HTML_KICANVAS_OUTPUT': 'html_kicanvas', 'HTML_KIRI_OUTPUT': 'html_kiri', 'MD_README_OUTPUT': 'md_readme', 'HTML_NAV_RES_OUTPUT': 'html_navigate_results'} (kibot - config_reader.py:680)
DEBUG:YAML after expanding definitions:
# KiBot output for generating Drill Tables
# https://kibot.readthedocs.io/en/latest/configuration/outputs/excellon.html

kibot:
  version: 1

outputs:
- name: csv_drill_table
  comment: 'Drill Table in CSV format'
  type: excellon
  category: 'Manufacturing/Fabrication/Drill Tables'
  dir: 'Manufacturing/Fabrication/Drill Tables'
  options:
    generate_drill_files: false
    table:
      unify_pth_and_npth: 'no'
      group_slots_and_round_holes: true

 (kibot - config_reader.py:686)
DEBUG:Pre-parsing output options for `csv_drill_table` (excellon) (kibot - config_reader.py:169)
DEBUG:Outputs loaded from `kibot_yaml/kibot_out_csv_drill_table.yaml`: ['csv_drill_table'] (kibot - config_reader.py:361)
DEBUG:Applying preprocessor definitions (kibot - config_reader.py:670)
DEBUG:- Applying CLI definitions: {} (kibot - config_reader.py:677)
DEBUG:- Applying collected definitions: {'PROJECT_NAME': 'LE_V2', 'BOARD_NAME': 'LE_BMS_A_V2', 'COMPANY': 'Company Name', 'DESIGNER': 'Author', 'LOGO': 'Logos/dummy_logo.png', 'GIT_URL': 'https://github.com/nguyen-v/KDT_Hierarchical_KiBot', 'CHECK_ZONE_FILLS': False, 'STACKUP_TABLE_NOTE': 'external layer thicknesses are specified after plating', 'MPN_FIELD': 'Manufacturer Part Number', 'MAN_FIELD': 'Manufacturer', 'GROUP_ROUND_SLOTS': True, 'GROUP_PTH_NPTH': 'no', 'GROUP_PTH_NPTH_DRL': False, 'PLOT_REFS': True, 'COLOR_THEME': 'Altium_Theme', 'SHEET_WKS': '${KIPRJMOD}/Templates/KDT_Template_PCB_GIT_A4.kicad_wks', 'FAB_SCALING': 1, 'ASSEMBLY_SCALING': 1, 'EXCLUDE_REFS': '[MB*]', '3D_VIEWER_ROT_X': 2, '3D_VIEWER_ROT_Y': -1, '3D_VIEWER_ROT_Z': 1, '3D_VIEWER_ZOOM': -1, 'KEY_COLOR': '#00FF00', 'OUTPUT_DIR': './', 'REPORT_DIR': 'Reports', 'SCHEMATIC_DIR': 'Schematic', 'MANUFACTURING_DIR': 'Manufacturing', 'ASSEMBLY_DIR': '@MANUFACTURING_DIR@/Assembly', 'FABRICATION_DIR': '@MANUFACTURING_DIR@/Fabrication', 'GERBERS_DIR': '@FABRICATION_DIR@/Gerbers', 'FAB_DRILL_TABLES_DIR': '@FABRICATION_DIR@/Drill Tables', 'TESTING_DIR': 'Testing', 'TESTPOINTS_DIR': '@TESTING_DIR@/Testpoints', 'IMAGES_DIR': 'Images', '3D_DIR': '3D', 'RESOURCES_DIR': 'kibot_resources', 'REPORT_TEMPLATE_DIR': '@RESOURCES_DIR@/templates', 'SCRIPTS_DIR': '@RESOURCES_DIR@/scripts', 'LAYER_TITLE_PAGE': 'TitlePage', 'LAYER_DNP_TOP': 'F.DNP', 'LAYER_DNP_BOTTOM': 'B.DNP', 'LAYER_DRILL_MAP': 'DrillMap', 'LAYER_TP_LIST_TOP': 'F.TestPointList', 'LAYER_TP_LIST_BOTTOM': 'B.TestPointList', 'LAYER_ASSEMBLY_TEXT_TOP': 'F.AssemblyText', 'LAYER_ASSEMBLY_TEXT_BOTTOM': 'B.AssemblyText', 'LAYER_DNP_CROSS_TOP': 'F.DNP', 'LAYER_DNP_CROSS_BOTTOM': 'B.DNP', 'FILT_FIELD_RENAME': 'field_rename', 'FILT_TP_ONLY': 'only_testpoints', 'FILT_TP_EXCLUDE': 'exclude_testpoints', 'FILT_TP_TOP_ONLY': 'only_testpoints_top', 'FILT_TP_BOTTOM_ONLY': 'only_testpoints_bottom', 'SCH_VARIANT_OUTPUT': 'value_split', 'NETLIST_OUTPUT': 'netlist', 'GERBER_OUTPUT': 'gbr_gerbers', 'ODB_OUTPUT': 'zip_odb', 'EXCELLON_DRILL_OUTPUT': 'drl_excellon', 'PDF_DRILL_MAP_OUTPUT': 'pdf_drill_map', 'DXF_DRILL_MAP_OUTPUT': 'dxf_drill_map', 'CSV_DRILL_TABLE_OUTPUT': 'csv_drill_table', 'CSV_POS_OUTPUT': 'csv_position', 'CSV_TP_OUTPUT': 'csv_testpoints', 'CSV_TP_TOP_OUTPUT': 'csv_testpoints_top', 'CSV_TP_BOTTOM_OUTPUT': 'csv_testpoints_bottom', 'CSV_BOM_OUTPUT': 'csv_bom', 'XLSX_BOM_OUTPUT': 'xlsx_bom', 'HTML_IBOM_OUTPUT': 'html_bom_interactive', 'HTML_BOM_OUTPUT': 'html_bom', 'CSV_COMP_COUNT_OUPUT': 'csv_comp_count', 'CSV_IMPEDANCE_TABLE_OUTPUT': 'csv_impedance_table', 'TXT_FAB_NOTES_OUTPUT': 'txt_fabrication_notes', 'TXT_ASSEMBLY_NOTES_OUTPUT': 'txt_assembly_notes', 'PNG_3D_VIEWER_TOP': 'png_3d_viewer_top', 'PNG_3D_VIEWER_BOTTOM': 'png_3d_viewer_bottom', 'PNG_3D_VIEWER_ANGLED_TOP': 'png_3d_viewer_angled_top', 'PNG_3D_VIEWER_ANGLED_BOTTOM': 'png_3d_viewer_angled_bottom', 'STEP_OUTPUT': 'step', 'BLENDER_OUTPUT': 'blender', 'PDF_SCHEMATIC_OUTPUT': 'pdf_schematic', 'PDF_FABRICATION_OUTPUT': 'pdf_fabrication', 'PDF_ASSEMBLY_OUTPUT': 'pdf_assembly', 'ZIP_COMPRESS_FAB_OUTPUT': 'zip_compress_fab', 'HTML_KICANVAS_OUTPUT': 'html_kicanvas', 'HTML_KIRI_OUTPUT': 'html_kiri', 'MD_README_OUTPUT': 'md_readme', 'HTML_NAV_RES_OUTPUT': 'html_navigate_results', 'NAME': 'csv_position', 'COMMENT': 'Position file in CSV format', 'DIR': 'Manufacturing/Assembly'} (kibot - config_reader.py:680)
DEBUG:- Replacing @NAME@ -> csv_position (<class 'str'>) (kibot - config_reader.py:78)
DEBUG:- Replacing @COMMENT@ -> Position file in CSV format (<class 'str'>) (kibot - config_reader.py:78)
DEBUG:- Replacing @DIR@ -> Manufacturing/Assembly (<class 'str'>) (kibot - config_reader.py:78)
DEBUG:- Applying CLI definitions: {} (kibot - config_reader.py:677)
DEBUG:- Applying collected definitions: {'PROJECT_NAME': 'LE_V2', 'BOARD_NAME': 'LE_BMS_A_V2', 'COMPANY': 'Company Name', 'DESIGNER': 'Author', 'LOGO': 'Logos/dummy_logo.png', 'GIT_URL': 'https://github.com/nguyen-v/KDT_Hierarchical_KiBot', 'CHECK_ZONE_FILLS': False, 'STACKUP_TABLE_NOTE': 'external layer thicknesses are specified after plating', 'MPN_FIELD': 'Manufacturer Part Number', 'MAN_FIELD': 'Manufacturer', 'GROUP_ROUND_SLOTS': True, 'GROUP_PTH_NPTH': 'no', 'GROUP_PTH_NPTH_DRL': False, 'PLOT_REFS': True, 'COLOR_THEME': 'Altium_Theme', 'SHEET_WKS': '${KIPRJMOD}/Templates/KDT_Template_PCB_GIT_A4.kicad_wks', 'FAB_SCALING': 1, 'ASSEMBLY_SCALING': 1, 'EXCLUDE_REFS': '[MB*]', '3D_VIEWER_ROT_X': 2, '3D_VIEWER_ROT_Y': -1, '3D_VIEWER_ROT_Z': 1, '3D_VIEWER_ZOOM': -1, 'KEY_COLOR': '#00FF00', 'OUTPUT_DIR': './', 'REPORT_DIR': 'Reports', 'SCHEMATIC_DIR': 'Schematic', 'MANUFACTURING_DIR': 'Manufacturing', 'ASSEMBLY_DIR': '@MANUFACTURING_DIR@/Assembly', 'FABRICATION_DIR': '@MANUFACTURING_DIR@/Fabrication', 'GERBERS_DIR': '@FABRICATION_DIR@/Gerbers', 'FAB_DRILL_TABLES_DIR': '@FABRICATION_DIR@/Drill Tables', 'TESTING_DIR': 'Testing', 'TESTPOINTS_DIR': '@TESTING_DIR@/Testpoints', 'IMAGES_DIR': 'Images', '3D_DIR': '3D', 'RESOURCES_DIR': 'kibot_resources', 'REPORT_TEMPLATE_DIR': '@RESOURCES_DIR@/templates', 'SCRIPTS_DIR': '@RESOURCES_DIR@/scripts', 'LAYER_TITLE_PAGE': 'TitlePage', 'LAYER_DNP_TOP': 'F.DNP', 'LAYER_DNP_BOTTOM': 'B.DNP', 'LAYER_DRILL_MAP': 'DrillMap', 'LAYER_TP_LIST_TOP': 'F.TestPointList', 'LAYER_TP_LIST_BOTTOM': 'B.TestPointList', 'LAYER_ASSEMBLY_TEXT_TOP': 'F.AssemblyText', 'LAYER_ASSEMBLY_TEXT_BOTTOM': 'B.AssemblyText', 'LAYER_DNP_CROSS_TOP': 'F.DNP', 'LAYER_DNP_CROSS_BOTTOM': 'B.DNP', 'FILT_FIELD_RENAME': 'field_rename', 'FILT_TP_ONLY': 'only_testpoints', 'FILT_TP_EXCLUDE': 'exclude_testpoints', 'FILT_TP_TOP_ONLY': 'only_testpoints_top', 'FILT_TP_BOTTOM_ONLY': 'only_testpoints_bottom', 'SCH_VARIANT_OUTPUT': 'value_split', 'NETLIST_OUTPUT': 'netlist', 'GERBER_OUTPUT': 'gbr_gerbers', 'ODB_OUTPUT': 'zip_odb', 'EXCELLON_DRILL_OUTPUT': 'drl_excellon', 'PDF_DRILL_MAP_OUTPUT': 'pdf_drill_map', 'DXF_DRILL_MAP_OUTPUT': 'dxf_drill_map', 'CSV_DRILL_TABLE_OUTPUT': 'csv_drill_table', 'CSV_POS_OUTPUT': 'csv_position', 'CSV_TP_OUTPUT': 'csv_testpoints', 'CSV_TP_TOP_OUTPUT': 'csv_testpoints_top', 'CSV_TP_BOTTOM_OUTPUT': 'csv_testpoints_bottom', 'CSV_BOM_OUTPUT': 'csv_bom', 'XLSX_BOM_OUTPUT': 'xlsx_bom', 'HTML_IBOM_OUTPUT': 'html_bom_interactive', 'HTML_BOM_OUTPUT': 'html_bom', 'CSV_COMP_COUNT_OUPUT': 'csv_comp_count', 'CSV_IMPEDANCE_TABLE_OUTPUT': 'csv_impedance_table', 'TXT_FAB_NOTES_OUTPUT': 'txt_fabrication_notes', 'TXT_ASSEMBLY_NOTES_OUTPUT': 'txt_assembly_notes', 'PNG_3D_VIEWER_TOP': 'png_3d_viewer_top', 'PNG_3D_VIEWER_BOTTOM': 'png_3d_viewer_bottom', 'PNG_3D_VIEWER_ANGLED_TOP': 'png_3d_viewer_angled_top', 'PNG_3D_VIEWER_ANGLED_BOTTOM': 'png_3d_viewer_angled_bottom', 'STEP_OUTPUT': 'step', 'BLENDER_OUTPUT': 'blender', 'PDF_SCHEMATIC_OUTPUT': 'pdf_schematic', 'PDF_FABRICATION_OUTPUT': 'pdf_fabrication', 'PDF_ASSEMBLY_OUTPUT': 'pdf_assembly', 'ZIP_COMPRESS_FAB_OUTPUT': 'zip_compress_fab', 'HTML_KICANVAS_OUTPUT': 'html_kicanvas', 'HTML_KIRI_OUTPUT': 'html_kiri', 'MD_README_OUTPUT': 'md_readme', 'HTML_NAV_RES_OUTPUT': 'html_navigate_results', 'NAME': 'csv_position', 'COMMENT': 'Position file in CSV format', 'DIR': 'Manufacturing/Assembly'} (kibot - config_reader.py:680)
DEBUG:YAML after expanding definitions:
# KiBot output for generating Position file in CSV format
# https://kibot.readthedocs.io/en/latest/configuration/outputs/position.html

kibot:
  version: 1

outputs:
- name: csv_position
  comment: 'Position file in CSV format'
  type: position
  category: 'Manufacturing/Assembly'
  dir: 'Manufacturing/Assembly'
  options:
    format: 'CSV'
    only_smd: false
    include_virtual: false
    output: '%f-CPL%I%v.%x'
    separate_files_for_front_and_back: false

definitions:
  NAME: csv_position
  COMMENT: Position file in CSV format
  DIR: Manufacturing/Assembly (kibot - config_reader.py:686)
DEBUG:Pre-parsing output options for `csv_position` (position) (kibot - config_reader.py:169)
DEBUG:Outputs loaded from `kibot_yaml/kibot_out_csv_pos.yaml`: ['csv_position'] (kibot - config_reader.py:361)
DEBUG:Found local definitions (kibot - config_reader.py:651)
DEBUG:- Local definitions: {'NAME': 'csv_testpoints', 'COMMENT': 'Testpoint report in CSV format', 'DIR': 'Testing/Testpoints', 'SUFFIX': '', 'EXCLUDE_FILTER': 'only_testpoints'} (kibot - config_reader.py:661)
DEBUG:- Current definitions: {'PROJECT_NAME': 'LE_V2', 'BOARD_NAME': 'LE_BMS_A_V2', 'COMPANY': 'Company Name', 'DESIGNER': 'Author', 'LOGO': 'Logos/dummy_logo.png', 'GIT_URL': 'https://github.com/nguyen-v/KDT_Hierarchical_KiBot', 'CHECK_ZONE_FILLS': False, 'STACKUP_TABLE_NOTE': 'external layer thicknesses are specified after plating', 'MPN_FIELD': 'Manufacturer Part Number', 'MAN_FIELD': 'Manufacturer', 'GROUP_ROUND_SLOTS': True, 'GROUP_PTH_NPTH': 'no', 'GROUP_PTH_NPTH_DRL': False, 'PLOT_REFS': True, 'COLOR_THEME': 'Altium_Theme', 'SHEET_WKS': '${KIPRJMOD}/Templates/KDT_Template_PCB_GIT_A4.kicad_wks', 'FAB_SCALING': 1, 'ASSEMBLY_SCALING': 1, 'EXCLUDE_REFS': '[MB*]', '3D_VIEWER_ROT_X': 2, '3D_VIEWER_ROT_Y': -1, '3D_VIEWER_ROT_Z': 1, '3D_VIEWER_ZOOM': -1, 'KEY_COLOR': '#00FF00', 'OUTPUT_DIR': './', 'REPORT_DIR': 'Reports', 'SCHEMATIC_DIR': 'Schematic', 'MANUFACTURING_DIR': 'Manufacturing', 'ASSEMBLY_DIR': '@MANUFACTURING_DIR@/Assembly', 'FABRICATION_DIR': '@MANUFACTURING_DIR@/Fabrication', 'GERBERS_DIR': '@FABRICATION_DIR@/Gerbers', 'FAB_DRILL_TABLES_DIR': '@FABRICATION_DIR@/Drill Tables', 'TESTING_DIR': 'Testing', 'TESTPOINTS_DIR': '@TESTING_DIR@/Testpoints', 'IMAGES_DIR': 'Images', '3D_DIR': '3D', 'RESOURCES_DIR': 'kibot_resources', 'REPORT_TEMPLATE_DIR': '@RESOURCES_DIR@/templates', 'SCRIPTS_DIR': '@RESOURCES_DIR@/scripts', 'LAYER_TITLE_PAGE': 'TitlePage', 'LAYER_DNP_TOP': 'F.DNP', 'LAYER_DNP_BOTTOM': 'B.DNP', 'LAYER_DRILL_MAP': 'DrillMap', 'LAYER_TP_LIST_TOP': 'F.TestPointList', 'LAYER_TP_LIST_BOTTOM': 'B.TestPointList', 'LAYER_ASSEMBLY_TEXT_TOP': 'F.AssemblyText', 'LAYER_ASSEMBLY_TEXT_BOTTOM': 'B.AssemblyText', 'LAYER_DNP_CROSS_TOP': 'F.DNP', 'LAYER_DNP_CROSS_BOTTOM': 'B.DNP', 'FILT_FIELD_RENAME': 'field_rename', 'FILT_TP_ONLY': 'only_testpoints', 'FILT_TP_EXCLUDE': 'exclude_testpoints', 'FILT_TP_TOP_ONLY': 'only_testpoints_top', 'FILT_TP_BOTTOM_ONLY': 'only_testpoints_bottom', 'SCH_VARIANT_OUTPUT': 'value_split', 'NETLIST_OUTPUT': 'netlist', 'GERBER_OUTPUT': 'gbr_gerbers', 'ODB_OUTPUT': 'zip_odb', 'EXCELLON_DRILL_OUTPUT': 'drl_excellon', 'PDF_DRILL_MAP_OUTPUT': 'pdf_drill_map', 'DXF_DRILL_MAP_OUTPUT': 'dxf_drill_map', 'CSV_DRILL_TABLE_OUTPUT': 'csv_drill_table', 'CSV_POS_OUTPUT': 'csv_position', 'CSV_TP_OUTPUT': 'csv_testpoints', 'CSV_TP_TOP_OUTPUT': 'csv_testpoints_top', 'CSV_TP_BOTTOM_OUTPUT': 'csv_testpoints_bottom', 'CSV_BOM_OUTPUT': 'csv_bom', 'XLSX_BOM_OUTPUT': 'xlsx_bom', 'HTML_IBOM_OUTPUT': 'html_bom_interactive', 'HTML_BOM_OUTPUT': 'html_bom', 'CSV_COMP_COUNT_OUPUT': 'csv_comp_count', 'CSV_IMPEDANCE_TABLE_OUTPUT': 'csv_impedance_table', 'TXT_FAB_NOTES_OUTPUT': 'txt_fabrication_notes', 'TXT_ASSEMBLY_NOTES_OUTPUT': 'txt_assembly_notes', 'PNG_3D_VIEWER_TOP': 'png_3d_viewer_top', 'PNG_3D_VIEWER_BOTTOM': 'png_3d_viewer_bottom', 'PNG_3D_VIEWER_ANGLED_TOP': 'png_3d_viewer_angled_top', 'PNG_3D_VIEWER_ANGLED_BOTTOM': 'png_3d_viewer_angled_bottom', 'STEP_OUTPUT': 'step', 'BLENDER_OUTPUT': 'blender', 'PDF_SCHEMATIC_OUTPUT': 'pdf_schematic', 'PDF_FABRICATION_OUTPUT': 'pdf_fabrication', 'PDF_ASSEMBLY_OUTPUT': 'pdf_assembly', 'ZIP_COMPRESS_FAB_OUTPUT': 'zip_compress_fab', 'HTML_KICANVAS_OUTPUT': 'html_kicanvas', 'HTML_KIRI_OUTPUT': 'html_kiri', 'MD_README_OUTPUT': 'md_readme', 'HTML_NAV_RES_OUTPUT': 'html_navigate_results', 'NAME': 'csv_testpoints', 'COMMENT': 'Testpoint report in CSV format', 'DIR': 'Testing/Testpoints', 'EXCLUDE_FILTER': 'only_testpoints'} (kibot - config_reader.py:662)
DEBUG:- Updated definitions: {'NAME': 'csv_testpoints', 'COMMENT': 'Testpoint report in CSV format', 'DIR': 'Testing/Testpoints', 'SUFFIX': '', 'EXCLUDE_FILTER': 'only_testpoints', 'PROJECT_NAME': 'LE_V2', 'BOARD_NAME': 'LE_BMS_A_V2', 'COMPANY': 'Company Name', 'DESIGNER': 'Author', 'LOGO': 'Logos/dummy_logo.png', 'GIT_URL': 'https://github.com/nguyen-v/KDT_Hierarchical_KiBot', 'CHECK_ZONE_FILLS': False, 'STACKUP_TABLE_NOTE': 'external layer thicknesses are specified after plating', 'MPN_FIELD': 'Manufacturer Part Number', 'MAN_FIELD': 'Manufacturer', 'GROUP_ROUND_SLOTS': True, 'GROUP_PTH_NPTH': 'no', 'GROUP_PTH_NPTH_DRL': False, 'PLOT_REFS': True, 'COLOR_THEME': 'Altium_Theme', 'SHEET_WKS': '${KIPRJMOD}/Templates/KDT_Template_PCB_GIT_A4.kicad_wks', 'FAB_SCALING': 1, 'ASSEMBLY_SCALING': 1, 'EXCLUDE_REFS': '[MB*]', '3D_VIEWER_ROT_X': 2, '3D_VIEWER_ROT_Y': -1, '3D_VIEWER_ROT_Z': 1, '3D_VIEWER_ZOOM': -1, 'KEY_COLOR': '#00FF00', 'OUTPUT_DIR': './', 'REPORT_DIR': 'Reports', 'SCHEMATIC_DIR': 'Schematic', 'MANUFACTURING_DIR': 'Manufacturing', 'ASSEMBLY_DIR': '@MANUFACTURING_DIR@/Assembly', 'FABRICATION_DIR': '@MANUFACTURING_DIR@/Fabrication', 'GERBERS_DIR': '@FABRICATION_DIR@/Gerbers', 'FAB_DRILL_TABLES_DIR': '@FABRICATION_DIR@/Drill Tables', 'TESTING_DIR': 'Testing', 'TESTPOINTS_DIR': '@TESTING_DIR@/Testpoints', 'IMAGES_DIR': 'Images', '3D_DIR': '3D', 'RESOURCES_DIR': 'kibot_resources', 'REPORT_TEMPLATE_DIR': '@RESOURCES_DIR@/templates', 'SCRIPTS_DIR': '@RESOURCES_DIR@/scripts', 'LAYER_TITLE_PAGE': 'TitlePage', 'LAYER_DNP_TOP': 'F.DNP', 'LAYER_DNP_BOTTOM': 'B.DNP', 'LAYER_DRILL_MAP': 'DrillMap', 'LAYER_TP_LIST_TOP': 'F.TestPointList', 'LAYER_TP_LIST_BOTTOM': 'B.TestPointList', 'LAYER_ASSEMBLY_TEXT_TOP': 'F.AssemblyText', 'LAYER_ASSEMBLY_TEXT_BOTTOM': 'B.AssemblyText', 'LAYER_DNP_CROSS_TOP': 'F.DNP', 'LAYER_DNP_CROSS_BOTTOM': 'B.DNP', 'FILT_FIELD_RENAME': 'field_rename', 'FILT_TP_ONLY': 'only_testpoints', 'FILT_TP_EXCLUDE': 'exclude_testpoints', 'FILT_TP_TOP_ONLY': 'only_testpoints_top', 'FILT_TP_BOTTOM_ONLY': 'only_testpoints_bottom', 'SCH_VARIANT_OUTPUT': 'value_split', 'NETLIST_OUTPUT': 'netlist', 'GERBER_OUTPUT': 'gbr_gerbers', 'ODB_OUTPUT': 'zip_odb', 'EXCELLON_DRILL_OUTPUT': 'drl_excellon', 'PDF_DRILL_MAP_OUTPUT': 'pdf_drill_map', 'DXF_DRILL_MAP_OUTPUT': 'dxf_drill_map', 'CSV_DRILL_TABLE_OUTPUT': 'csv_drill_table', 'CSV_POS_OUTPUT': 'csv_position', 'CSV_TP_OUTPUT': 'csv_testpoints', 'CSV_TP_TOP_OUTPUT': 'csv_testpoints_top', 'CSV_TP_BOTTOM_OUTPUT': 'csv_testpoints_bottom', 'CSV_BOM_OUTPUT': 'csv_bom', 'XLSX_BOM_OUTPUT': 'xlsx_bom', 'HTML_IBOM_OUTPUT': 'html_bom_interactive', 'HTML_BOM_OUTPUT': 'html_bom', 'CSV_COMP_COUNT_OUPUT': 'csv_comp_count', 'CSV_IMPEDANCE_TABLE_OUTPUT': 'csv_impedance_table', 'TXT_FAB_NOTES_OUTPUT': 'txt_fabrication_notes', 'TXT_ASSEMBLY_NOTES_OUTPUT': 'txt_assembly_notes', 'PNG_3D_VIEWER_TOP': 'png_3d_viewer_top', 'PNG_3D_VIEWER_BOTTOM': 'png_3d_viewer_bottom', 'PNG_3D_VIEWER_ANGLED_TOP': 'png_3d_viewer_angled_top', 'PNG_3D_VIEWER_ANGLED_BOTTOM': 'png_3d_viewer_angled_bottom', 'STEP_OUTPUT': 'step', 'BLENDER_OUTPUT': 'blender', 'PDF_SCHEMATIC_OUTPUT': 'pdf_schematic', 'PDF_FABRICATION_OUTPUT': 'pdf_fabrication', 'PDF_ASSEMBLY_OUTPUT': 'pdf_assembly', 'ZIP_COMPRESS_FAB_OUTPUT': 'zip_compress_fab', 'HTML_KICANVAS_OUTPUT': 'html_kicanvas', 'HTML_KIRI_OUTPUT': 'html_kiri', 'MD_README_OUTPUT': 'md_readme', 'HTML_NAV_RES_OUTPUT': 'html_navigate_results'} (kibot - config_reader.py:665)
DEBUG:Applying preprocessor definitions (kibot - config_reader.py:670)
DEBUG:- Applying CLI definitions: {} (kibot - config_reader.py:677)
DEBUG:- Applying collected definitions: {'NAME': 'csv_testpoints', 'COMMENT': 'Testpoint report in CSV format', 'DIR': 'Testing/Testpoints', 'SUFFIX': '', 'EXCLUDE_FILTER': 'only_testpoints', 'PROJECT_NAME': 'LE_V2', 'BOARD_NAME': 'LE_BMS_A_V2', 'COMPANY': 'Company Name', 'DESIGNER': 'Author', 'LOGO': 'Logos/dummy_logo.png', 'GIT_URL': 'https://github.com/nguyen-v/KDT_Hierarchical_KiBot', 'CHECK_ZONE_FILLS': False, 'STACKUP_TABLE_NOTE': 'external layer thicknesses are specified after plating', 'MPN_FIELD': 'Manufacturer Part Number', 'MAN_FIELD': 'Manufacturer', 'GROUP_ROUND_SLOTS': True, 'GROUP_PTH_NPTH': 'no', 'GROUP_PTH_NPTH_DRL': False, 'PLOT_REFS': True, 'COLOR_THEME': 'Altium_Theme', 'SHEET_WKS': '${KIPRJMOD}/Templates/KDT_Template_PCB_GIT_A4.kicad_wks', 'FAB_SCALING': 1, 'ASSEMBLY_SCALING': 1, 'EXCLUDE_REFS': '[MB*]', '3D_VIEWER_ROT_X': 2, '3D_VIEWER_ROT_Y': -1, '3D_VIEWER_ROT_Z': 1, '3D_VIEWER_ZOOM': -1, 'KEY_COLOR': '#00FF00', 'OUTPUT_DIR': './', 'REPORT_DIR': 'Reports', 'SCHEMATIC_DIR': 'Schematic', 'MANUFACTURING_DIR': 'Manufacturing', 'ASSEMBLY_DIR': '@MANUFACTURING_DIR@/Assembly', 'FABRICATION_DIR': '@MANUFACTURING_DIR@/Fabrication', 'GERBERS_DIR': '@FABRICATION_DIR@/Gerbers', 'FAB_DRILL_TABLES_DIR': '@FABRICATION_DIR@/Drill Tables', 'TESTING_DIR': 'Testing', 'TESTPOINTS_DIR': '@TESTING_DIR@/Testpoints', 'IMAGES_DIR': 'Images', '3D_DIR': '3D', 'RESOURCES_DIR': 'kibot_resources', 'REPORT_TEMPLATE_DIR': '@RESOURCES_DIR@/templates', 'SCRIPTS_DIR': '@RESOURCES_DIR@/scripts', 'LAYER_TITLE_PAGE': 'TitlePage', 'LAYER_DNP_TOP': 'F.DNP', 'LAYER_DNP_BOTTOM': 'B.DNP', 'LAYER_DRILL_MAP': 'DrillMap', 'LAYER_TP_LIST_TOP': 'F.TestPointList', 'LAYER_TP_LIST_BOTTOM': 'B.TestPointList', 'LAYER_ASSEMBLY_TEXT_TOP': 'F.AssemblyText', 'LAYER_ASSEMBLY_TEXT_BOTTOM': 'B.AssemblyText', 'LAYER_DNP_CROSS_TOP': 'F.DNP', 'LAYER_DNP_CROSS_BOTTOM': 'B.DNP', 'FILT_FIELD_RENAME': 'field_rename', 'FILT_TP_ONLY': 'only_testpoints', 'FILT_TP_EXCLUDE': 'exclude_testpoints', 'FILT_TP_TOP_ONLY': 'only_testpoints_top', 'FILT_TP_BOTTOM_ONLY': 'only_testpoints_bottom', 'SCH_VARIANT_OUTPUT': 'value_split', 'NETLIST_OUTPUT': 'netlist', 'GERBER_OUTPUT': 'gbr_gerbers', 'ODB_OUTPUT': 'zip_odb', 'EXCELLON_DRILL_OUTPUT': 'drl_excellon', 'PDF_DRILL_MAP_OUTPUT': 'pdf_drill_map', 'DXF_DRILL_MAP_OUTPUT': 'dxf_drill_map', 'CSV_DRILL_TABLE_OUTPUT': 'csv_drill_table', 'CSV_POS_OUTPUT': 'csv_position', 'CSV_TP_OUTPUT': 'csv_testpoints', 'CSV_TP_TOP_OUTPUT': 'csv_testpoints_top', 'CSV_TP_BOTTOM_OUTPUT': 'csv_testpoints_bottom', 'CSV_BOM_OUTPUT': 'csv_bom', 'XLSX_BOM_OUTPUT': 'xlsx_bom', 'HTML_IBOM_OUTPUT': 'html_bom_interactive', 'HTML_BOM_OUTPUT': 'html_bom', 'CSV_COMP_COUNT_OUPUT': 'csv_comp_count', 'CSV_IMPEDANCE_TABLE_OUTPUT': 'csv_impedance_table', 'TXT_FAB_NOTES_OUTPUT': 'txt_fabrication_notes', 'TXT_ASSEMBLY_NOTES_OUTPUT': 'txt_assembly_notes', 'PNG_3D_VIEWER_TOP': 'png_3d_viewer_top', 'PNG_3D_VIEWER_BOTTOM': 'png_3d_viewer_bottom', 'PNG_3D_VIEWER_ANGLED_TOP': 'png_3d_viewer_angled_top', 'PNG_3D_VIEWER_ANGLED_BOTTOM': 'png_3d_viewer_angled_bottom', 'STEP_OUTPUT': 'step', 'BLENDER_OUTPUT': 'blender', 'PDF_SCHEMATIC_OUTPUT': 'pdf_schematic', 'PDF_FABRICATION_OUTPUT': 'pdf_fabrication', 'PDF_ASSEMBLY_OUTPUT': 'pdf_assembly', 'ZIP_COMPRESS_FAB_OUTPUT': 'zip_compress_fab', 'HTML_KICANVAS_OUTPUT': 'html_kicanvas', 'HTML_KIRI_OUTPUT': 'html_kiri', 'MD_README_OUTPUT': 'md_readme', 'HTML_NAV_RES_OUTPUT': 'html_navigate_results'} (kibot - config_reader.py:680)
DEBUG:- Replacing @NAME@ -> csv_testpoints (<class 'str'>) (kibot - config_reader.py:78)
DEBUG:- Replacing @COMMENT@ -> Testpoint report in CSV format (<class 'str'>) (kibot - config_reader.py:78)
DEBUG:- Replacing @DIR@ -> Testing/Testpoints (<class 'str'>) (kibot - config_reader.py:78)
DEBUG:- Replacing @SUFFIX@ ->  (<class 'str'>) (kibot - config_reader.py:78)
DEBUG:- Replacing @EXCLUDE_FILTER@ -> only_testpoints (<class 'str'>) (kibot - config_reader.py:78)
DEBUG:- Applying CLI definitions: {} (kibot - config_reader.py:677)
DEBUG:- Applying collected definitions: {'NAME': 'csv_testpoints', 'COMMENT': 'Testpoint report in CSV format', 'DIR': 'Testing/Testpoints', 'SUFFIX': '', 'EXCLUDE_FILTER': 'only_testpoints', 'PROJECT_NAME': 'LE_V2', 'BOARD_NAME': 'LE_BMS_A_V2', 'COMPANY': 'Company Name', 'DESIGNER': 'Author', 'LOGO': 'Logos/dummy_logo.png', 'GIT_URL': 'https://github.com/nguyen-v/KDT_Hierarchical_KiBot', 'CHECK_ZONE_FILLS': False, 'STACKUP_TABLE_NOTE': 'external layer thicknesses are specified after plating', 'MPN_FIELD': 'Manufacturer Part Number', 'MAN_FIELD': 'Manufacturer', 'GROUP_ROUND_SLOTS': True, 'GROUP_PTH_NPTH': 'no', 'GROUP_PTH_NPTH_DRL': False, 'PLOT_REFS': True, 'COLOR_THEME': 'Altium_Theme', 'SHEET_WKS': '${KIPRJMOD}/Templates/KDT_Template_PCB_GIT_A4.kicad_wks', 'FAB_SCALING': 1, 'ASSEMBLY_SCALING': 1, 'EXCLUDE_REFS': '[MB*]', '3D_VIEWER_ROT_X': 2, '3D_VIEWER_ROT_Y': -1, '3D_VIEWER_ROT_Z': 1, '3D_VIEWER_ZOOM': -1, 'KEY_COLOR': '#00FF00', 'OUTPUT_DIR': './', 'REPORT_DIR': 'Reports', 'SCHEMATIC_DIR': 'Schematic', 'MANUFACTURING_DIR': 'Manufacturing', 'ASSEMBLY_DIR': '@MANUFACTURING_DIR@/Assembly', 'FABRICATION_DIR': '@MANUFACTURING_DIR@/Fabrication', 'GERBERS_DIR': '@FABRICATION_DIR@/Gerbers', 'FAB_DRILL_TABLES_DIR': '@FABRICATION_DIR@/Drill Tables', 'TESTING_DIR': 'Testing', 'TESTPOINTS_DIR': '@TESTING_DIR@/Testpoints', 'IMAGES_DIR': 'Images', '3D_DIR': '3D', 'RESOURCES_DIR': 'kibot_resources', 'REPORT_TEMPLATE_DIR': '@RESOURCES_DIR@/templates', 'SCRIPTS_DIR': '@RESOURCES_DIR@/scripts', 'LAYER_TITLE_PAGE': 'TitlePage', 'LAYER_DNP_TOP': 'F.DNP', 'LAYER_DNP_BOTTOM': 'B.DNP', 'LAYER_DRILL_MAP': 'DrillMap', 'LAYER_TP_LIST_TOP': 'F.TestPointList', 'LAYER_TP_LIST_BOTTOM': 'B.TestPointList', 'LAYER_ASSEMBLY_TEXT_TOP': 'F.AssemblyText', 'LAYER_ASSEMBLY_TEXT_BOTTOM': 'B.AssemblyText', 'LAYER_DNP_CROSS_TOP': 'F.DNP', 'LAYER_DNP_CROSS_BOTTOM': 'B.DNP', 'FILT_FIELD_RENAME': 'field_rename', 'FILT_TP_ONLY': 'only_testpoints', 'FILT_TP_EXCLUDE': 'exclude_testpoints', 'FILT_TP_TOP_ONLY': 'only_testpoints_top', 'FILT_TP_BOTTOM_ONLY': 'only_testpoints_bottom', 'SCH_VARIANT_OUTPUT': 'value_split', 'NETLIST_OUTPUT': 'netlist', 'GERBER_OUTPUT': 'gbr_gerbers', 'ODB_OUTPUT': 'zip_odb', 'EXCELLON_DRILL_OUTPUT': 'drl_excellon', 'PDF_DRILL_MAP_OUTPUT': 'pdf_drill_map', 'DXF_DRILL_MAP_OUTPUT': 'dxf_drill_map', 'CSV_DRILL_TABLE_OUTPUT': 'csv_drill_table', 'CSV_POS_OUTPUT': 'csv_position', 'CSV_TP_OUTPUT': 'csv_testpoints', 'CSV_TP_TOP_OUTPUT': 'csv_testpoints_top', 'CSV_TP_BOTTOM_OUTPUT': 'csv_testpoints_bottom', 'CSV_BOM_OUTPUT': 'csv_bom', 'XLSX_BOM_OUTPUT': 'xlsx_bom', 'HTML_IBOM_OUTPUT': 'html_bom_interactive', 'HTML_BOM_OUTPUT': 'html_bom', 'CSV_COMP_COUNT_OUPUT': 'csv_comp_count', 'CSV_IMPEDANCE_TABLE_OUTPUT': 'csv_impedance_table', 'TXT_FAB_NOTES_OUTPUT': 'txt_fabrication_notes', 'TXT_ASSEMBLY_NOTES_OUTPUT': 'txt_assembly_notes', 'PNG_3D_VIEWER_TOP': 'png_3d_viewer_top', 'PNG_3D_VIEWER_BOTTOM': 'png_3d_viewer_bottom', 'PNG_3D_VIEWER_ANGLED_TOP': 'png_3d_viewer_angled_top', 'PNG_3D_VIEWER_ANGLED_BOTTOM': 'png_3d_viewer_angled_bottom', 'STEP_OUTPUT': 'step', 'BLENDER_OUTPUT': 'blender', 'PDF_SCHEMATIC_OUTPUT': 'pdf_schematic', 'PDF_FABRICATION_OUTPUT': 'pdf_fabrication', 'PDF_ASSEMBLY_OUTPUT': 'pdf_assembly', 'ZIP_COMPRESS_FAB_OUTPUT': 'zip_compress_fab', 'HTML_KICANVAS_OUTPUT': 'html_kicanvas', 'HTML_KIRI_OUTPUT': 'html_kiri', 'MD_README_OUTPUT': 'md_readme', 'HTML_NAV_RES_OUTPUT': 'html_navigate_results'} (kibot - config_reader.py:680)
DEBUG:YAML after expanding definitions:
# KiBot output for generating CSV Tespoints
# https://kibot.readthedocs.io/en/latest/configuration/outputs/bom.html

kibot:
  version: 1

outputs:
- name: csv_testpoints
  comment: 'Testpoint report in CSV format'
  type: bom
  category: 'Testing/Testpoints'
  dir: 'Testing/Testpoints'
  options:
    output: '%f-testpoints%I%v.%x'
    csv:
      hide_pcb_info: True
      hide_stats_info: True
    pre_transform: ['_kicost_rename']
    exclude_filter: 'only_testpoints'
    dnf_filter: '_null'
    exclude_marked_in_sch: false
    group_fields: []
    sort_style: ref
    use_aux_axis_as_origin: true
    ignore_dnf: false
    format: CSV
    footprint_type_values: 'SMT,THRU,'
    columns:
      - field: References
        name: Testpoint Ref.
      - field: Net Name
        name: Net
      - field: Net Class        
      - field: Footprint X
        name: X
      - field: Footprint Y
        name: Y
      - field: Footprint Side
        name: Side
      - field: Footprint Type
        name: Pad Type
      - field: Value 
      - field: Footprint

 (kibot - config_reader.py:686)
DEBUG:Pre-parsing output options for `csv_testpoints` (bom) (kibot - config_reader.py:169)
DEBUG:Outputs loaded from `kibot_yaml/kibot_out_csv_testpoints.yaml`: ['csv_testpoints'] (kibot - config_reader.py:361)
DEBUG:Found local definitions (kibot - config_reader.py:651)
DEBUG:- Local definitions: {'NAME': 'csv_testpoints', 'COMMENT': 'Testpoint report in CSV format', 'DIR': 'Testing/Testpoints', 'SUFFIX': '', 'EXCLUDE_FILTER': 'only_testpoints'} (kibot - config_reader.py:661)
DEBUG:- Current definitions: {'PROJECT_NAME': 'LE_V2', 'BOARD_NAME': 'LE_BMS_A_V2', 'COMPANY': 'Company Name', 'DESIGNER': 'Author', 'LOGO': 'Logos/dummy_logo.png', 'GIT_URL': 'https://github.com/nguyen-v/KDT_Hierarchical_KiBot', 'CHECK_ZONE_FILLS': False, 'STACKUP_TABLE_NOTE': 'external layer thicknesses are specified after plating', 'MPN_FIELD': 'Manufacturer Part Number', 'MAN_FIELD': 'Manufacturer', 'GROUP_ROUND_SLOTS': True, 'GROUP_PTH_NPTH': 'no', 'GROUP_PTH_NPTH_DRL': False, 'PLOT_REFS': True, 'COLOR_THEME': 'Altium_Theme', 'SHEET_WKS': '${KIPRJMOD}/Templates/KDT_Template_PCB_GIT_A4.kicad_wks', 'FAB_SCALING': 1, 'ASSEMBLY_SCALING': 1, 'EXCLUDE_REFS': '[MB*]', '3D_VIEWER_ROT_X': 2, '3D_VIEWER_ROT_Y': -1, '3D_VIEWER_ROT_Z': 1, '3D_VIEWER_ZOOM': -1, 'KEY_COLOR': '#00FF00', 'OUTPUT_DIR': './', 'REPORT_DIR': 'Reports', 'SCHEMATIC_DIR': 'Schematic', 'MANUFACTURING_DIR': 'Manufacturing', 'ASSEMBLY_DIR': '@MANUFACTURING_DIR@/Assembly', 'FABRICATION_DIR': '@MANUFACTURING_DIR@/Fabrication', 'GERBERS_DIR': '@FABRICATION_DIR@/Gerbers', 'FAB_DRILL_TABLES_DIR': '@FABRICATION_DIR@/Drill Tables', 'TESTING_DIR': 'Testing', 'TESTPOINTS_DIR': '@TESTING_DIR@/Testpoints', 'IMAGES_DIR': 'Images', '3D_DIR': '3D', 'RESOURCES_DIR': 'kibot_resources', 'REPORT_TEMPLATE_DIR': '@RESOURCES_DIR@/templates', 'SCRIPTS_DIR': '@RESOURCES_DIR@/scripts', 'LAYER_TITLE_PAGE': 'TitlePage', 'LAYER_DNP_TOP': 'F.DNP', 'LAYER_DNP_BOTTOM': 'B.DNP', 'LAYER_DRILL_MAP': 'DrillMap', 'LAYER_TP_LIST_TOP': 'F.TestPointList', 'LAYER_TP_LIST_BOTTOM': 'B.TestPointList', 'LAYER_ASSEMBLY_TEXT_TOP': 'F.AssemblyText', 'LAYER_ASSEMBLY_TEXT_BOTTOM': 'B.AssemblyText', 'LAYER_DNP_CROSS_TOP': 'F.DNP', 'LAYER_DNP_CROSS_BOTTOM': 'B.DNP', 'FILT_FIELD_RENAME': 'field_rename', 'FILT_TP_ONLY': 'only_testpoints', 'FILT_TP_EXCLUDE': 'exclude_testpoints', 'FILT_TP_TOP_ONLY': 'only_testpoints_top', 'FILT_TP_BOTTOM_ONLY': 'only_testpoints_bottom', 'SCH_VARIANT_OUTPUT': 'value_split', 'NETLIST_OUTPUT': 'netlist', 'GERBER_OUTPUT': 'gbr_gerbers', 'ODB_OUTPUT': 'zip_odb', 'EXCELLON_DRILL_OUTPUT': 'drl_excellon', 'PDF_DRILL_MAP_OUTPUT': 'pdf_drill_map', 'DXF_DRILL_MAP_OUTPUT': 'dxf_drill_map', 'CSV_DRILL_TABLE_OUTPUT': 'csv_drill_table', 'CSV_POS_OUTPUT': 'csv_position', 'CSV_TP_OUTPUT': 'csv_testpoints', 'CSV_TP_TOP_OUTPUT': 'csv_testpoints_top', 'CSV_TP_BOTTOM_OUTPUT': 'csv_testpoints_bottom', 'CSV_BOM_OUTPUT': 'csv_bom', 'XLSX_BOM_OUTPUT': 'xlsx_bom', 'HTML_IBOM_OUTPUT': 'html_bom_interactive', 'HTML_BOM_OUTPUT': 'html_bom', 'CSV_COMP_COUNT_OUPUT': 'csv_comp_count', 'CSV_IMPEDANCE_TABLE_OUTPUT': 'csv_impedance_table', 'TXT_FAB_NOTES_OUTPUT': 'txt_fabrication_notes', 'TXT_ASSEMBLY_NOTES_OUTPUT': 'txt_assembly_notes', 'PNG_3D_VIEWER_TOP': 'png_3d_viewer_top', 'PNG_3D_VIEWER_BOTTOM': 'png_3d_viewer_bottom', 'PNG_3D_VIEWER_ANGLED_TOP': 'png_3d_viewer_angled_top', 'PNG_3D_VIEWER_ANGLED_BOTTOM': 'png_3d_viewer_angled_bottom', 'STEP_OUTPUT': 'step', 'BLENDER_OUTPUT': 'blender', 'PDF_SCHEMATIC_OUTPUT': 'pdf_schematic', 'PDF_FABRICATION_OUTPUT': 'pdf_fabrication', 'PDF_ASSEMBLY_OUTPUT': 'pdf_assembly', 'ZIP_COMPRESS_FAB_OUTPUT': 'zip_compress_fab', 'HTML_KICANVAS_OUTPUT': 'html_kicanvas', 'HTML_KIRI_OUTPUT': 'html_kiri', 'MD_README_OUTPUT': 'md_readme', 'HTML_NAV_RES_OUTPUT': 'html_navigate_results', 'NAME': 'csv_testpoints_top', 'COMMENT': 'Top testpoint report in CSV format', 'DIR': 'Testing/Testpoints', 'SUFFIX': '-top', 'EXCLUDE_FILTER': 'only_testpoints_top'} (kibot - config_reader.py:662)
DEBUG:- Updated definitions: {'NAME': 'csv_testpoints_top', 'COMMENT': 'Top testpoint report in CSV format', 'DIR': 'Testing/Testpoints', 'SUFFIX': '-top', 'EXCLUDE_FILTER': 'only_testpoints_top', 'PROJECT_NAME': 'LE_V2', 'BOARD_NAME': 'LE_BMS_A_V2', 'COMPANY': 'Company Name', 'DESIGNER': 'Author', 'LOGO': 'Logos/dummy_logo.png', 'GIT_URL': 'https://github.com/nguyen-v/KDT_Hierarchical_KiBot', 'CHECK_ZONE_FILLS': False, 'STACKUP_TABLE_NOTE': 'external layer thicknesses are specified after plating', 'MPN_FIELD': 'Manufacturer Part Number', 'MAN_FIELD': 'Manufacturer', 'GROUP_ROUND_SLOTS': True, 'GROUP_PTH_NPTH': 'no', 'GROUP_PTH_NPTH_DRL': False, 'PLOT_REFS': True, 'COLOR_THEME': 'Altium_Theme', 'SHEET_WKS': '${KIPRJMOD}/Templates/KDT_Template_PCB_GIT_A4.kicad_wks', 'FAB_SCALING': 1, 'ASSEMBLY_SCALING': 1, 'EXCLUDE_REFS': '[MB*]', '3D_VIEWER_ROT_X': 2, '3D_VIEWER_ROT_Y': -1, '3D_VIEWER_ROT_Z': 1, '3D_VIEWER_ZOOM': -1, 'KEY_COLOR': '#00FF00', 'OUTPUT_DIR': './', 'REPORT_DIR': 'Reports', 'SCHEMATIC_DIR': 'Schematic', 'MANUFACTURING_DIR': 'Manufacturing', 'ASSEMBLY_DIR': '@MANUFACTURING_DIR@/Assembly', 'FABRICATION_DIR': '@MANUFACTURING_DIR@/Fabrication', 'GERBERS_DIR': '@FABRICATION_DIR@/Gerbers', 'FAB_DRILL_TABLES_DIR': '@FABRICATION_DIR@/Drill Tables', 'TESTING_DIR': 'Testing', 'TESTPOINTS_DIR': '@TESTING_DIR@/Testpoints', 'IMAGES_DIR': 'Images', '3D_DIR': '3D', 'RESOURCES_DIR': 'kibot_resources', 'REPORT_TEMPLATE_DIR': '@RESOURCES_DIR@/templates', 'SCRIPTS_DIR': '@RESOURCES_DIR@/scripts', 'LAYER_TITLE_PAGE': 'TitlePage', 'LAYER_DNP_TOP': 'F.DNP', 'LAYER_DNP_BOTTOM': 'B.DNP', 'LAYER_DRILL_MAP': 'DrillMap', 'LAYER_TP_LIST_TOP': 'F.TestPointList', 'LAYER_TP_LIST_BOTTOM': 'B.TestPointList', 'LAYER_ASSEMBLY_TEXT_TOP': 'F.AssemblyText', 'LAYER_ASSEMBLY_TEXT_BOTTOM': 'B.AssemblyText', 'LAYER_DNP_CROSS_TOP': 'F.DNP', 'LAYER_DNP_CROSS_BOTTOM': 'B.DNP', 'FILT_FIELD_RENAME': 'field_rename', 'FILT_TP_ONLY': 'only_testpoints', 'FILT_TP_EXCLUDE': 'exclude_testpoints', 'FILT_TP_TOP_ONLY': 'only_testpoints_top', 'FILT_TP_BOTTOM_ONLY': 'only_testpoints_bottom', 'SCH_VARIANT_OUTPUT': 'value_split', 'NETLIST_OUTPUT': 'netlist', 'GERBER_OUTPUT': 'gbr_gerbers', 'ODB_OUTPUT': 'zip_odb', 'EXCELLON_DRILL_OUTPUT': 'drl_excellon', 'PDF_DRILL_MAP_OUTPUT': 'pdf_drill_map', 'DXF_DRILL_MAP_OUTPUT': 'dxf_drill_map', 'CSV_DRILL_TABLE_OUTPUT': 'csv_drill_table', 'CSV_POS_OUTPUT': 'csv_position', 'CSV_TP_OUTPUT': 'csv_testpoints', 'CSV_TP_TOP_OUTPUT': 'csv_testpoints_top', 'CSV_TP_BOTTOM_OUTPUT': 'csv_testpoints_bottom', 'CSV_BOM_OUTPUT': 'csv_bom', 'XLSX_BOM_OUTPUT': 'xlsx_bom', 'HTML_IBOM_OUTPUT': 'html_bom_interactive', 'HTML_BOM_OUTPUT': 'html_bom', 'CSV_COMP_COUNT_OUPUT': 'csv_comp_count', 'CSV_IMPEDANCE_TABLE_OUTPUT': 'csv_impedance_table', 'TXT_FAB_NOTES_OUTPUT': 'txt_fabrication_notes', 'TXT_ASSEMBLY_NOTES_OUTPUT': 'txt_assembly_notes', 'PNG_3D_VIEWER_TOP': 'png_3d_viewer_top', 'PNG_3D_VIEWER_BOTTOM': 'png_3d_viewer_bottom', 'PNG_3D_VIEWER_ANGLED_TOP': 'png_3d_viewer_angled_top', 'PNG_3D_VIEWER_ANGLED_BOTTOM': 'png_3d_viewer_angled_bottom', 'STEP_OUTPUT': 'step', 'BLENDER_OUTPUT': 'blender', 'PDF_SCHEMATIC_OUTPUT': 'pdf_schematic', 'PDF_FABRICATION_OUTPUT': 'pdf_fabrication', 'PDF_ASSEMBLY_OUTPUT': 'pdf_assembly', 'ZIP_COMPRESS_FAB_OUTPUT': 'zip_compress_fab', 'HTML_KICANVAS_OUTPUT': 'html_kicanvas', 'HTML_KIRI_OUTPUT': 'html_kiri', 'MD_README_OUTPUT': 'md_readme', 'HTML_NAV_RES_OUTPUT': 'html_navigate_results'} (kibot - config_reader.py:665)
DEBUG:Applying preprocessor definitions (kibot - config_reader.py:670)
DEBUG:- Applying CLI definitions: {} (kibot - config_reader.py:677)
DEBUG:- Applying collected definitions: {'NAME': 'csv_testpoints_top', 'COMMENT': 'Top testpoint report in CSV format', 'DIR': 'Testing/Testpoints', 'SUFFIX': '-top', 'EXCLUDE_FILTER': 'only_testpoints_top', 'PROJECT_NAME': 'LE_V2', 'BOARD_NAME': 'LE_BMS_A_V2', 'COMPANY': 'Company Name', 'DESIGNER': 'Author', 'LOGO': 'Logos/dummy_logo.png', 'GIT_URL': 'https://github.com/nguyen-v/KDT_Hierarchical_KiBot', 'CHECK_ZONE_FILLS': False, 'STACKUP_TABLE_NOTE': 'external layer thicknesses are specified after plating', 'MPN_FIELD': 'Manufacturer Part Number', 'MAN_FIELD': 'Manufacturer', 'GROUP_ROUND_SLOTS': True, 'GROUP_PTH_NPTH': 'no', 'GROUP_PTH_NPTH_DRL': False, 'PLOT_REFS': True, 'COLOR_THEME': 'Altium_Theme', 'SHEET_WKS': '${KIPRJMOD}/Templates/KDT_Template_PCB_GIT_A4.kicad_wks', 'FAB_SCALING': 1, 'ASSEMBLY_SCALING': 1, 'EXCLUDE_REFS': '[MB*]', '3D_VIEWER_ROT_X': 2, '3D_VIEWER_ROT_Y': -1, '3D_VIEWER_ROT_Z': 1, '3D_VIEWER_ZOOM': -1, 'KEY_COLOR': '#00FF00', 'OUTPUT_DIR': './', 'REPORT_DIR': 'Reports', 'SCHEMATIC_DIR': 'Schematic', 'MANUFACTURING_DIR': 'Manufacturing', 'ASSEMBLY_DIR': '@MANUFACTURING_DIR@/Assembly', 'FABRICATION_DIR': '@MANUFACTURING_DIR@/Fabrication', 'GERBERS_DIR': '@FABRICATION_DIR@/Gerbers', 'FAB_DRILL_TABLES_DIR': '@FABRICATION_DIR@/Drill Tables', 'TESTING_DIR': 'Testing', 'TESTPOINTS_DIR': '@TESTING_DIR@/Testpoints', 'IMAGES_DIR': 'Images', '3D_DIR': '3D', 'RESOURCES_DIR': 'kibot_resources', 'REPORT_TEMPLATE_DIR': '@RESOURCES_DIR@/templates', 'SCRIPTS_DIR': '@RESOURCES_DIR@/scripts', 'LAYER_TITLE_PAGE': 'TitlePage', 'LAYER_DNP_TOP': 'F.DNP', 'LAYER_DNP_BOTTOM': 'B.DNP', 'LAYER_DRILL_MAP': 'DrillMap', 'LAYER_TP_LIST_TOP': 'F.TestPointList', 'LAYER_TP_LIST_BOTTOM': 'B.TestPointList', 'LAYER_ASSEMBLY_TEXT_TOP': 'F.AssemblyText', 'LAYER_ASSEMBLY_TEXT_BOTTOM': 'B.AssemblyText', 'LAYER_DNP_CROSS_TOP': 'F.DNP', 'LAYER_DNP_CROSS_BOTTOM': 'B.DNP', 'FILT_FIELD_RENAME': 'field_rename', 'FILT_TP_ONLY': 'only_testpoints', 'FILT_TP_EXCLUDE': 'exclude_testpoints', 'FILT_TP_TOP_ONLY': 'only_testpoints_top', 'FILT_TP_BOTTOM_ONLY': 'only_testpoints_bottom', 'SCH_VARIANT_OUTPUT': 'value_split', 'NETLIST_OUTPUT': 'netlist', 'GERBER_OUTPUT': 'gbr_gerbers', 'ODB_OUTPUT': 'zip_odb', 'EXCELLON_DRILL_OUTPUT': 'drl_excellon', 'PDF_DRILL_MAP_OUTPUT': 'pdf_drill_map', 'DXF_DRILL_MAP_OUTPUT': 'dxf_drill_map', 'CSV_DRILL_TABLE_OUTPUT': 'csv_drill_table', 'CSV_POS_OUTPUT': 'csv_position', 'CSV_TP_OUTPUT': 'csv_testpoints', 'CSV_TP_TOP_OUTPUT': 'csv_testpoints_top', 'CSV_TP_BOTTOM_OUTPUT': 'csv_testpoints_bottom', 'CSV_BOM_OUTPUT': 'csv_bom', 'XLSX_BOM_OUTPUT': 'xlsx_bom', 'HTML_IBOM_OUTPUT': 'html_bom_interactive', 'HTML_BOM_OUTPUT': 'html_bom', 'CSV_COMP_COUNT_OUPUT': 'csv_comp_count', 'CSV_IMPEDANCE_TABLE_OUTPUT': 'csv_impedance_table', 'TXT_FAB_NOTES_OUTPUT': 'txt_fabrication_notes', 'TXT_ASSEMBLY_NOTES_OUTPUT': 'txt_assembly_notes', 'PNG_3D_VIEWER_TOP': 'png_3d_viewer_top', 'PNG_3D_VIEWER_BOTTOM': 'png_3d_viewer_bottom', 'PNG_3D_VIEWER_ANGLED_TOP': 'png_3d_viewer_angled_top', 'PNG_3D_VIEWER_ANGLED_BOTTOM': 'png_3d_viewer_angled_bottom', 'STEP_OUTPUT': 'step', 'BLENDER_OUTPUT': 'blender', 'PDF_SCHEMATIC_OUTPUT': 'pdf_schematic', 'PDF_FABRICATION_OUTPUT': 'pdf_fabrication', 'PDF_ASSEMBLY_OUTPUT': 'pdf_assembly', 'ZIP_COMPRESS_FAB_OUTPUT': 'zip_compress_fab', 'HTML_KICANVAS_OUTPUT': 'html_kicanvas', 'HTML_KIRI_OUTPUT': 'html_kiri', 'MD_README_OUTPUT': 'md_readme', 'HTML_NAV_RES_OUTPUT': 'html_navigate_results'} (kibot - config_reader.py:680)
DEBUG:- Replacing @NAME@ -> csv_testpoints_top (<class 'str'>) (kibot - config_reader.py:78)
DEBUG:- Replacing @COMMENT@ -> Top testpoint report in CSV format (<class 'str'>) (kibot - config_reader.py:78)
DEBUG:- Replacing @DIR@ -> Testing/Testpoints (<class 'str'>) (kibot - config_reader.py:78)
DEBUG:- Replacing @SUFFIX@ -> -top (<class 'str'>) (kibot - config_reader.py:78)
DEBUG:- Replacing @EXCLUDE_FILTER@ -> only_testpoints_top (<class 'str'>) (kibot - config_reader.py:78)
DEBUG:- Applying CLI definitions: {} (kibot - config_reader.py:677)
DEBUG:- Applying collected definitions: {'NAME': 'csv_testpoints_top', 'COMMENT': 'Top testpoint report in CSV format', 'DIR': 'Testing/Testpoints', 'SUFFIX': '-top', 'EXCLUDE_FILTER': 'only_testpoints_top', 'PROJECT_NAME': 'LE_V2', 'BOARD_NAME': 'LE_BMS_A_V2', 'COMPANY': 'Company Name', 'DESIGNER': 'Author', 'LOGO': 'Logos/dummy_logo.png', 'GIT_URL': 'https://github.com/nguyen-v/KDT_Hierarchical_KiBot', 'CHECK_ZONE_FILLS': False, 'STACKUP_TABLE_NOTE': 'external layer thicknesses are specified after plating', 'MPN_FIELD': 'Manufacturer Part Number', 'MAN_FIELD': 'Manufacturer', 'GROUP_ROUND_SLOTS': True, 'GROUP_PTH_NPTH': 'no', 'GROUP_PTH_NPTH_DRL': False, 'PLOT_REFS': True, 'COLOR_THEME': 'Altium_Theme', 'SHEET_WKS': '${KIPRJMOD}/Templates/KDT_Template_PCB_GIT_A4.kicad_wks', 'FAB_SCALING': 1, 'ASSEMBLY_SCALING': 1, 'EXCLUDE_REFS': '[MB*]', '3D_VIEWER_ROT_X': 2, '3D_VIEWER_ROT_Y': -1, '3D_VIEWER_ROT_Z': 1, '3D_VIEWER_ZOOM': -1, 'KEY_COLOR': '#00FF00', 'OUTPUT_DIR': './', 'REPORT_DIR': 'Reports', 'SCHEMATIC_DIR': 'Schematic', 'MANUFACTURING_DIR': 'Manufacturing', 'ASSEMBLY_DIR': '@MANUFACTURING_DIR@/Assembly', 'FABRICATION_DIR': '@MANUFACTURING_DIR@/Fabrication', 'GERBERS_DIR': '@FABRICATION_DIR@/Gerbers', 'FAB_DRILL_TABLES_DIR': '@FABRICATION_DIR@/Drill Tables', 'TESTING_DIR': 'Testing', 'TESTPOINTS_DIR': '@TESTING_DIR@/Testpoints', 'IMAGES_DIR': 'Images', '3D_DIR': '3D', 'RESOURCES_DIR': 'kibot_resources', 'REPORT_TEMPLATE_DIR': '@RESOURCES_DIR@/templates', 'SCRIPTS_DIR': '@RESOURCES_DIR@/scripts', 'LAYER_TITLE_PAGE': 'TitlePage', 'LAYER_DNP_TOP': 'F.DNP', 'LAYER_DNP_BOTTOM': 'B.DNP', 'LAYER_DRILL_MAP': 'DrillMap', 'LAYER_TP_LIST_TOP': 'F.TestPointList', 'LAYER_TP_LIST_BOTTOM': 'B.TestPointList', 'LAYER_ASSEMBLY_TEXT_TOP': 'F.AssemblyText', 'LAYER_ASSEMBLY_TEXT_BOTTOM': 'B.AssemblyText', 'LAYER_DNP_CROSS_TOP': 'F.DNP', 'LAYER_DNP_CROSS_BOTTOM': 'B.DNP', 'FILT_FIELD_RENAME': 'field_rename', 'FILT_TP_ONLY': 'only_testpoints', 'FILT_TP_EXCLUDE': 'exclude_testpoints', 'FILT_TP_TOP_ONLY': 'only_testpoints_top', 'FILT_TP_BOTTOM_ONLY': 'only_testpoints_bottom', 'SCH_VARIANT_OUTPUT': 'value_split', 'NETLIST_OUTPUT': 'netlist', 'GERBER_OUTPUT': 'gbr_gerbers', 'ODB_OUTPUT': 'zip_odb', 'EXCELLON_DRILL_OUTPUT': 'drl_excellon', 'PDF_DRILL_MAP_OUTPUT': 'pdf_drill_map', 'DXF_DRILL_MAP_OUTPUT': 'dxf_drill_map', 'CSV_DRILL_TABLE_OUTPUT': 'csv_drill_table', 'CSV_POS_OUTPUT': 'csv_position', 'CSV_TP_OUTPUT': 'csv_testpoints', 'CSV_TP_TOP_OUTPUT': 'csv_testpoints_top', 'CSV_TP_BOTTOM_OUTPUT': 'csv_testpoints_bottom', 'CSV_BOM_OUTPUT': 'csv_bom', 'XLSX_BOM_OUTPUT': 'xlsx_bom', 'HTML_IBOM_OUTPUT': 'html_bom_interactive', 'HTML_BOM_OUTPUT': 'html_bom', 'CSV_COMP_COUNT_OUPUT': 'csv_comp_count', 'CSV_IMPEDANCE_TABLE_OUTPUT': 'csv_impedance_table', 'TXT_FAB_NOTES_OUTPUT': 'txt_fabrication_notes', 'TXT_ASSEMBLY_NOTES_OUTPUT': 'txt_assembly_notes', 'PNG_3D_VIEWER_TOP': 'png_3d_viewer_top', 'PNG_3D_VIEWER_BOTTOM': 'png_3d_viewer_bottom', 'PNG_3D_VIEWER_ANGLED_TOP': 'png_3d_viewer_angled_top', 'PNG_3D_VIEWER_ANGLED_BOTTOM': 'png_3d_viewer_angled_bottom', 'STEP_OUTPUT': 'step', 'BLENDER_OUTPUT': 'blender', 'PDF_SCHEMATIC_OUTPUT': 'pdf_schematic', 'PDF_FABRICATION_OUTPUT': 'pdf_fabrication', 'PDF_ASSEMBLY_OUTPUT': 'pdf_assembly', 'ZIP_COMPRESS_FAB_OUTPUT': 'zip_compress_fab', 'HTML_KICANVAS_OUTPUT': 'html_kicanvas', 'HTML_KIRI_OUTPUT': 'html_kiri', 'MD_README_OUTPUT': 'md_readme', 'HTML_NAV_RES_OUTPUT': 'html_navigate_results'} (kibot - config_reader.py:680)
DEBUG:YAML after expanding definitions:
# KiBot output for generating CSV Tespoints
# https://kibot.readthedocs.io/en/latest/configuration/outputs/bom.html

kibot:
  version: 1

outputs:
- name: csv_testpoints_top
  comment: 'Top testpoint report in CSV format'
  type: bom
  category: 'Testing/Testpoints'
  dir: 'Testing/Testpoints'
  options:
    output: '%f-testpoints-top%I%v.%x'
    csv:
      hide_pcb_info: True
      hide_stats_info: True
    pre_transform: ['_kicost_rename']
    exclude_filter: 'only_testpoints_top'
    dnf_filter: '_null'
    exclude_marked_in_sch: false
    group_fields: []
    sort_style: ref
    use_aux_axis_as_origin: true
    ignore_dnf: false
    format: CSV
    footprint_type_values: 'SMT,THRU,'
    right_digits: 2
    columns:
      - field: References
        name: Ref.
      - field: Net Label
        name: Net 
      - field: Footprint X
        name: X [mm]
      - field: Footprint Y
        name: Y [mm]

 (kibot - config_reader.py:686)
DEBUG:Pre-parsing output options for `csv_testpoints_top` (bom) (kibot - config_reader.py:169)
DEBUG:Outputs loaded from `kibot_yaml/kibot_out_csv_testpoints_simple.yaml`: ['csv_testpoints_top'] (kibot - config_reader.py:361)
DEBUG:Found local definitions (kibot - config_reader.py:651)
DEBUG:- Local definitions: {'NAME': 'csv_testpoints', 'COMMENT': 'Testpoint report in CSV format', 'DIR': 'Testing/Testpoints', 'SUFFIX': '', 'EXCLUDE_FILTER': 'only_testpoints'} (kibot - config_reader.py:661)
DEBUG:- Current definitions: {'PROJECT_NAME': 'LE_V2', 'BOARD_NAME': 'LE_BMS_A_V2', 'COMPANY': 'Company Name', 'DESIGNER': 'Author', 'LOGO': 'Logos/dummy_logo.png', 'GIT_URL': 'https://github.com/nguyen-v/KDT_Hierarchical_KiBot', 'CHECK_ZONE_FILLS': False, 'STACKUP_TABLE_NOTE': 'external layer thicknesses are specified after plating', 'MPN_FIELD': 'Manufacturer Part Number', 'MAN_FIELD': 'Manufacturer', 'GROUP_ROUND_SLOTS': True, 'GROUP_PTH_NPTH': 'no', 'GROUP_PTH_NPTH_DRL': False, 'PLOT_REFS': True, 'COLOR_THEME': 'Altium_Theme', 'SHEET_WKS': '${KIPRJMOD}/Templates/KDT_Template_PCB_GIT_A4.kicad_wks', 'FAB_SCALING': 1, 'ASSEMBLY_SCALING': 1, 'EXCLUDE_REFS': '[MB*]', '3D_VIEWER_ROT_X': 2, '3D_VIEWER_ROT_Y': -1, '3D_VIEWER_ROT_Z': 1, '3D_VIEWER_ZOOM': -1, 'KEY_COLOR': '#00FF00', 'OUTPUT_DIR': './', 'REPORT_DIR': 'Reports', 'SCHEMATIC_DIR': 'Schematic', 'MANUFACTURING_DIR': 'Manufacturing', 'ASSEMBLY_DIR': '@MANUFACTURING_DIR@/Assembly', 'FABRICATION_DIR': '@MANUFACTURING_DIR@/Fabrication', 'GERBERS_DIR': '@FABRICATION_DIR@/Gerbers', 'FAB_DRILL_TABLES_DIR': '@FABRICATION_DIR@/Drill Tables', 'TESTING_DIR': 'Testing', 'TESTPOINTS_DIR': '@TESTING_DIR@/Testpoints', 'IMAGES_DIR': 'Images', '3D_DIR': '3D', 'RESOURCES_DIR': 'kibot_resources', 'REPORT_TEMPLATE_DIR': '@RESOURCES_DIR@/templates', 'SCRIPTS_DIR': '@RESOURCES_DIR@/scripts', 'LAYER_TITLE_PAGE': 'TitlePage', 'LAYER_DNP_TOP': 'F.DNP', 'LAYER_DNP_BOTTOM': 'B.DNP', 'LAYER_DRILL_MAP': 'DrillMap', 'LAYER_TP_LIST_TOP': 'F.TestPointList', 'LAYER_TP_LIST_BOTTOM': 'B.TestPointList', 'LAYER_ASSEMBLY_TEXT_TOP': 'F.AssemblyText', 'LAYER_ASSEMBLY_TEXT_BOTTOM': 'B.AssemblyText', 'LAYER_DNP_CROSS_TOP': 'F.DNP', 'LAYER_DNP_CROSS_BOTTOM': 'B.DNP', 'FILT_FIELD_RENAME': 'field_rename', 'FILT_TP_ONLY': 'only_testpoints', 'FILT_TP_EXCLUDE': 'exclude_testpoints', 'FILT_TP_TOP_ONLY': 'only_testpoints_top', 'FILT_TP_BOTTOM_ONLY': 'only_testpoints_bottom', 'SCH_VARIANT_OUTPUT': 'value_split', 'NETLIST_OUTPUT': 'netlist', 'GERBER_OUTPUT': 'gbr_gerbers', 'ODB_OUTPUT': 'zip_odb', 'EXCELLON_DRILL_OUTPUT': 'drl_excellon', 'PDF_DRILL_MAP_OUTPUT': 'pdf_drill_map', 'DXF_DRILL_MAP_OUTPUT': 'dxf_drill_map', 'CSV_DRILL_TABLE_OUTPUT': 'csv_drill_table', 'CSV_POS_OUTPUT': 'csv_position', 'CSV_TP_OUTPUT': 'csv_testpoints', 'CSV_TP_TOP_OUTPUT': 'csv_testpoints_top', 'CSV_TP_BOTTOM_OUTPUT': 'csv_testpoints_bottom', 'CSV_BOM_OUTPUT': 'csv_bom', 'XLSX_BOM_OUTPUT': 'xlsx_bom', 'HTML_IBOM_OUTPUT': 'html_bom_interactive', 'HTML_BOM_OUTPUT': 'html_bom', 'CSV_COMP_COUNT_OUPUT': 'csv_comp_count', 'CSV_IMPEDANCE_TABLE_OUTPUT': 'csv_impedance_table', 'TXT_FAB_NOTES_OUTPUT': 'txt_fabrication_notes', 'TXT_ASSEMBLY_NOTES_OUTPUT': 'txt_assembly_notes', 'PNG_3D_VIEWER_TOP': 'png_3d_viewer_top', 'PNG_3D_VIEWER_BOTTOM': 'png_3d_viewer_bottom', 'PNG_3D_VIEWER_ANGLED_TOP': 'png_3d_viewer_angled_top', 'PNG_3D_VIEWER_ANGLED_BOTTOM': 'png_3d_viewer_angled_bottom', 'STEP_OUTPUT': 'step', 'BLENDER_OUTPUT': 'blender', 'PDF_SCHEMATIC_OUTPUT': 'pdf_schematic', 'PDF_FABRICATION_OUTPUT': 'pdf_fabrication', 'PDF_ASSEMBLY_OUTPUT': 'pdf_assembly', 'ZIP_COMPRESS_FAB_OUTPUT': 'zip_compress_fab', 'HTML_KICANVAS_OUTPUT': 'html_kicanvas', 'HTML_KIRI_OUTPUT': 'html_kiri', 'MD_README_OUTPUT': 'md_readme', 'HTML_NAV_RES_OUTPUT': 'html_navigate_results', 'NAME': 'csv_testpoints_bottom', 'COMMENT': 'Bottom testpoint report in CSV format', 'DIR': 'Testing/Testpoints', 'SUFFIX': '-bottom', 'EXCLUDE_FILTER': 'only_testpoints_bottom'} (kibot - config_reader.py:662)
DEBUG:- Updated definitions: {'NAME': 'csv_testpoints_bottom', 'COMMENT': 'Bottom testpoint report in CSV format', 'DIR': 'Testing/Testpoints', 'SUFFIX': '-bottom', 'EXCLUDE_FILTER': 'only_testpoints_bottom', 'PROJECT_NAME': 'LE_V2', 'BOARD_NAME': 'LE_BMS_A_V2', 'COMPANY': 'Company Name', 'DESIGNER': 'Author', 'LOGO': 'Logos/dummy_logo.png', 'GIT_URL': 'https://github.com/nguyen-v/KDT_Hierarchical_KiBot', 'CHECK_ZONE_FILLS': False, 'STACKUP_TABLE_NOTE': 'external layer thicknesses are specified after plating', 'MPN_FIELD': 'Manufacturer Part Number', 'MAN_FIELD': 'Manufacturer', 'GROUP_ROUND_SLOTS': True, 'GROUP_PTH_NPTH': 'no', 'GROUP_PTH_NPTH_DRL': False, 'PLOT_REFS': True, 'COLOR_THEME': 'Altium_Theme', 'SHEET_WKS': '${KIPRJMOD}/Templates/KDT_Template_PCB_GIT_A4.kicad_wks', 'FAB_SCALING': 1, 'ASSEMBLY_SCALING': 1, 'EXCLUDE_REFS': '[MB*]', '3D_VIEWER_ROT_X': 2, '3D_VIEWER_ROT_Y': -1, '3D_VIEWER_ROT_Z': 1, '3D_VIEWER_ZOOM': -1, 'KEY_COLOR': '#00FF00', 'OUTPUT_DIR': './', 'REPORT_DIR': 'Reports', 'SCHEMATIC_DIR': 'Schematic', 'MANUFACTURING_DIR': 'Manufacturing', 'ASSEMBLY_DIR': '@MANUFACTURING_DIR@/Assembly', 'FABRICATION_DIR': '@MANUFACTURING_DIR@/Fabrication', 'GERBERS_DIR': '@FABRICATION_DIR@/Gerbers', 'FAB_DRILL_TABLES_DIR': '@FABRICATION_DIR@/Drill Tables', 'TESTING_DIR': 'Testing', 'TESTPOINTS_DIR': '@TESTING_DIR@/Testpoints', 'IMAGES_DIR': 'Images', '3D_DIR': '3D', 'RESOURCES_DIR': 'kibot_resources', 'REPORT_TEMPLATE_DIR': '@RESOURCES_DIR@/templates', 'SCRIPTS_DIR': '@RESOURCES_DIR@/scripts', 'LAYER_TITLE_PAGE': 'TitlePage', 'LAYER_DNP_TOP': 'F.DNP', 'LAYER_DNP_BOTTOM': 'B.DNP', 'LAYER_DRILL_MAP': 'DrillMap', 'LAYER_TP_LIST_TOP': 'F.TestPointList', 'LAYER_TP_LIST_BOTTOM': 'B.TestPointList', 'LAYER_ASSEMBLY_TEXT_TOP': 'F.AssemblyText', 'LAYER_ASSEMBLY_TEXT_BOTTOM': 'B.AssemblyText', 'LAYER_DNP_CROSS_TOP': 'F.DNP', 'LAYER_DNP_CROSS_BOTTOM': 'B.DNP', 'FILT_FIELD_RENAME': 'field_rename', 'FILT_TP_ONLY': 'only_testpoints', 'FILT_TP_EXCLUDE': 'exclude_testpoints', 'FILT_TP_TOP_ONLY': 'only_testpoints_top', 'FILT_TP_BOTTOM_ONLY': 'only_testpoints_bottom', 'SCH_VARIANT_OUTPUT': 'value_split', 'NETLIST_OUTPUT': 'netlist', 'GERBER_OUTPUT': 'gbr_gerbers', 'ODB_OUTPUT': 'zip_odb', 'EXCELLON_DRILL_OUTPUT': 'drl_excellon', 'PDF_DRILL_MAP_OUTPUT': 'pdf_drill_map', 'DXF_DRILL_MAP_OUTPUT': 'dxf_drill_map', 'CSV_DRILL_TABLE_OUTPUT': 'csv_drill_table', 'CSV_POS_OUTPUT': 'csv_position', 'CSV_TP_OUTPUT': 'csv_testpoints', 'CSV_TP_TOP_OUTPUT': 'csv_testpoints_top', 'CSV_TP_BOTTOM_OUTPUT': 'csv_testpoints_bottom', 'CSV_BOM_OUTPUT': 'csv_bom', 'XLSX_BOM_OUTPUT': 'xlsx_bom', 'HTML_IBOM_OUTPUT': 'html_bom_interactive', 'HTML_BOM_OUTPUT': 'html_bom', 'CSV_COMP_COUNT_OUPUT': 'csv_comp_count', 'CSV_IMPEDANCE_TABLE_OUTPUT': 'csv_impedance_table', 'TXT_FAB_NOTES_OUTPUT': 'txt_fabrication_notes', 'TXT_ASSEMBLY_NOTES_OUTPUT': 'txt_assembly_notes', 'PNG_3D_VIEWER_TOP': 'png_3d_viewer_top', 'PNG_3D_VIEWER_BOTTOM': 'png_3d_viewer_bottom', 'PNG_3D_VIEWER_ANGLED_TOP': 'png_3d_viewer_angled_top', 'PNG_3D_VIEWER_ANGLED_BOTTOM': 'png_3d_viewer_angled_bottom', 'STEP_OUTPUT': 'step', 'BLENDER_OUTPUT': 'blender', 'PDF_SCHEMATIC_OUTPUT': 'pdf_schematic', 'PDF_FABRICATION_OUTPUT': 'pdf_fabrication', 'PDF_ASSEMBLY_OUTPUT': 'pdf_assembly', 'ZIP_COMPRESS_FAB_OUTPUT': 'zip_compress_fab', 'HTML_KICANVAS_OUTPUT': 'html_kicanvas', 'HTML_KIRI_OUTPUT': 'html_kiri', 'MD_README_OUTPUT': 'md_readme', 'HTML_NAV_RES_OUTPUT': 'html_navigate_results'} (kibot - config_reader.py:665)
DEBUG:Applying preprocessor definitions (kibot - config_reader.py:670)
DEBUG:- Applying CLI definitions: {} (kibot - config_reader.py:677)
DEBUG:- Applying collected definitions: {'NAME': 'csv_testpoints_bottom', 'COMMENT': 'Bottom testpoint report in CSV format', 'DIR': 'Testing/Testpoints', 'SUFFIX': '-bottom', 'EXCLUDE_FILTER': 'only_testpoints_bottom', 'PROJECT_NAME': 'LE_V2', 'BOARD_NAME': 'LE_BMS_A_V2', 'COMPANY': 'Company Name', 'DESIGNER': 'Author', 'LOGO': 'Logos/dummy_logo.png', 'GIT_URL': 'https://github.com/nguyen-v/KDT_Hierarchical_KiBot', 'CHECK_ZONE_FILLS': False, 'STACKUP_TABLE_NOTE': 'external layer thicknesses are specified after plating', 'MPN_FIELD': 'Manufacturer Part Number', 'MAN_FIELD': 'Manufacturer', 'GROUP_ROUND_SLOTS': True, 'GROUP_PTH_NPTH': 'no', 'GROUP_PTH_NPTH_DRL': False, 'PLOT_REFS': True, 'COLOR_THEME': 'Altium_Theme', 'SHEET_WKS': '${KIPRJMOD}/Templates/KDT_Template_PCB_GIT_A4.kicad_wks', 'FAB_SCALING': 1, 'ASSEMBLY_SCALING': 1, 'EXCLUDE_REFS': '[MB*]', '3D_VIEWER_ROT_X': 2, '3D_VIEWER_ROT_Y': -1, '3D_VIEWER_ROT_Z': 1, '3D_VIEWER_ZOOM': -1, 'KEY_COLOR': '#00FF00', 'OUTPUT_DIR': './', 'REPORT_DIR': 'Reports', 'SCHEMATIC_DIR': 'Schematic', 'MANUFACTURING_DIR': 'Manufacturing', 'ASSEMBLY_DIR': '@MANUFACTURING_DIR@/Assembly', 'FABRICATION_DIR': '@MANUFACTURING_DIR@/Fabrication', 'GERBERS_DIR': '@FABRICATION_DIR@/Gerbers', 'FAB_DRILL_TABLES_DIR': '@FABRICATION_DIR@/Drill Tables', 'TESTING_DIR': 'Testing', 'TESTPOINTS_DIR': '@TESTING_DIR@/Testpoints', 'IMAGES_DIR': 'Images', '3D_DIR': '3D', 'RESOURCES_DIR': 'kibot_resources', 'REPORT_TEMPLATE_DIR': '@RESOURCES_DIR@/templates', 'SCRIPTS_DIR': '@RESOURCES_DIR@/scripts', 'LAYER_TITLE_PAGE': 'TitlePage', 'LAYER_DNP_TOP': 'F.DNP', 'LAYER_DNP_BOTTOM': 'B.DNP', 'LAYER_DRILL_MAP': 'DrillMap', 'LAYER_TP_LIST_TOP': 'F.TestPointList', 'LAYER_TP_LIST_BOTTOM': 'B.TestPointList', 'LAYER_ASSEMBLY_TEXT_TOP': 'F.AssemblyText', 'LAYER_ASSEMBLY_TEXT_BOTTOM': 'B.AssemblyText', 'LAYER_DNP_CROSS_TOP': 'F.DNP', 'LAYER_DNP_CROSS_BOTTOM': 'B.DNP', 'FILT_FIELD_RENAME': 'field_rename', 'FILT_TP_ONLY': 'only_testpoints', 'FILT_TP_EXCLUDE': 'exclude_testpoints', 'FILT_TP_TOP_ONLY': 'only_testpoints_top', 'FILT_TP_BOTTOM_ONLY': 'only_testpoints_bottom', 'SCH_VARIANT_OUTPUT': 'value_split', 'NETLIST_OUTPUT': 'netlist', 'GERBER_OUTPUT': 'gbr_gerbers', 'ODB_OUTPUT': 'zip_odb', 'EXCELLON_DRILL_OUTPUT': 'drl_excellon', 'PDF_DRILL_MAP_OUTPUT': 'pdf_drill_map', 'DXF_DRILL_MAP_OUTPUT': 'dxf_drill_map', 'CSV_DRILL_TABLE_OUTPUT': 'csv_drill_table', 'CSV_POS_OUTPUT': 'csv_position', 'CSV_TP_OUTPUT': 'csv_testpoints', 'CSV_TP_TOP_OUTPUT': 'csv_testpoints_top', 'CSV_TP_BOTTOM_OUTPUT': 'csv_testpoints_bottom', 'CSV_BOM_OUTPUT': 'csv_bom', 'XLSX_BOM_OUTPUT': 'xlsx_bom', 'HTML_IBOM_OUTPUT': 'html_bom_interactive', 'HTML_BOM_OUTPUT': 'html_bom', 'CSV_COMP_COUNT_OUPUT': 'csv_comp_count', 'CSV_IMPEDANCE_TABLE_OUTPUT': 'csv_impedance_table', 'TXT_FAB_NOTES_OUTPUT': 'txt_fabrication_notes', 'TXT_ASSEMBLY_NOTES_OUTPUT': 'txt_assembly_notes', 'PNG_3D_VIEWER_TOP': 'png_3d_viewer_top', 'PNG_3D_VIEWER_BOTTOM': 'png_3d_viewer_bottom', 'PNG_3D_VIEWER_ANGLED_TOP': 'png_3d_viewer_angled_top', 'PNG_3D_VIEWER_ANGLED_BOTTOM': 'png_3d_viewer_angled_bottom', 'STEP_OUTPUT': 'step', 'BLENDER_OUTPUT': 'blender', 'PDF_SCHEMATIC_OUTPUT': 'pdf_schematic', 'PDF_FABRICATION_OUTPUT': 'pdf_fabrication', 'PDF_ASSEMBLY_OUTPUT': 'pdf_assembly', 'ZIP_COMPRESS_FAB_OUTPUT': 'zip_compress_fab', 'HTML_KICANVAS_OUTPUT': 'html_kicanvas', 'HTML_KIRI_OUTPUT': 'html_kiri', 'MD_README_OUTPUT': 'md_readme', 'HTML_NAV_RES_OUTPUT': 'html_navigate_results'} (kibot - config_reader.py:680)
DEBUG:- Replacing @NAME@ -> csv_testpoints_bottom (<class 'str'>) (kibot - config_reader.py:78)
DEBUG:- Replacing @COMMENT@ -> Bottom testpoint report in CSV format (<class 'str'>) (kibot - config_reader.py:78)
DEBUG:- Replacing @DIR@ -> Testing/Testpoints (<class 'str'>) (kibot - config_reader.py:78)
DEBUG:- Replacing @SUFFIX@ -> -bottom (<class 'str'>) (kibot - config_reader.py:78)
DEBUG:- Replacing @EXCLUDE_FILTER@ -> only_testpoints_bottom (<class 'str'>) (kibot - config_reader.py:78)
DEBUG:- Applying CLI definitions: {} (kibot - config_reader.py:677)
DEBUG:- Applying collected definitions: {'NAME': 'csv_testpoints_bottom', 'COMMENT': 'Bottom testpoint report in CSV format', 'DIR': 'Testing/Testpoints', 'SUFFIX': '-bottom', 'EXCLUDE_FILTER': 'only_testpoints_bottom', 'PROJECT_NAME': 'LE_V2', 'BOARD_NAME': 'LE_BMS_A_V2', 'COMPANY': 'Company Name', 'DESIGNER': 'Author', 'LOGO': 'Logos/dummy_logo.png', 'GIT_URL': 'https://github.com/nguyen-v/KDT_Hierarchical_KiBot', 'CHECK_ZONE_FILLS': False, 'STACKUP_TABLE_NOTE': 'external layer thicknesses are specified after plating', 'MPN_FIELD': 'Manufacturer Part Number', 'MAN_FIELD': 'Manufacturer', 'GROUP_ROUND_SLOTS': True, 'GROUP_PTH_NPTH': 'no', 'GROUP_PTH_NPTH_DRL': False, 'PLOT_REFS': True, 'COLOR_THEME': 'Altium_Theme', 'SHEET_WKS': '${KIPRJMOD}/Templates/KDT_Template_PCB_GIT_A4.kicad_wks', 'FAB_SCALING': 1, 'ASSEMBLY_SCALING': 1, 'EXCLUDE_REFS': '[MB*]', '3D_VIEWER_ROT_X': 2, '3D_VIEWER_ROT_Y': -1, '3D_VIEWER_ROT_Z': 1, '3D_VIEWER_ZOOM': -1, 'KEY_COLOR': '#00FF00', 'OUTPUT_DIR': './', 'REPORT_DIR': 'Reports', 'SCHEMATIC_DIR': 'Schematic', 'MANUFACTURING_DIR': 'Manufacturing', 'ASSEMBLY_DIR': '@MANUFACTURING_DIR@/Assembly', 'FABRICATION_DIR': '@MANUFACTURING_DIR@/Fabrication', 'GERBERS_DIR': '@FABRICATION_DIR@/Gerbers', 'FAB_DRILL_TABLES_DIR': '@FABRICATION_DIR@/Drill Tables', 'TESTING_DIR': 'Testing', 'TESTPOINTS_DIR': '@TESTING_DIR@/Testpoints', 'IMAGES_DIR': 'Images', '3D_DIR': '3D', 'RESOURCES_DIR': 'kibot_resources', 'REPORT_TEMPLATE_DIR': '@RESOURCES_DIR@/templates', 'SCRIPTS_DIR': '@RESOURCES_DIR@/scripts', 'LAYER_TITLE_PAGE': 'TitlePage', 'LAYER_DNP_TOP': 'F.DNP', 'LAYER_DNP_BOTTOM': 'B.DNP', 'LAYER_DRILL_MAP': 'DrillMap', 'LAYER_TP_LIST_TOP': 'F.TestPointList', 'LAYER_TP_LIST_BOTTOM': 'B.TestPointList', 'LAYER_ASSEMBLY_TEXT_TOP': 'F.AssemblyText', 'LAYER_ASSEMBLY_TEXT_BOTTOM': 'B.AssemblyText', 'LAYER_DNP_CROSS_TOP': 'F.DNP', 'LAYER_DNP_CROSS_BOTTOM': 'B.DNP', 'FILT_FIELD_RENAME': 'field_rename', 'FILT_TP_ONLY': 'only_testpoints', 'FILT_TP_EXCLUDE': 'exclude_testpoints', 'FILT_TP_TOP_ONLY': 'only_testpoints_top', 'FILT_TP_BOTTOM_ONLY': 'only_testpoints_bottom', 'SCH_VARIANT_OUTPUT': 'value_split', 'NETLIST_OUTPUT': 'netlist', 'GERBER_OUTPUT': 'gbr_gerbers', 'ODB_OUTPUT': 'zip_odb', 'EXCELLON_DRILL_OUTPUT': 'drl_excellon', 'PDF_DRILL_MAP_OUTPUT': 'pdf_drill_map', 'DXF_DRILL_MAP_OUTPUT': 'dxf_drill_map', 'CSV_DRILL_TABLE_OUTPUT': 'csv_drill_table', 'CSV_POS_OUTPUT': 'csv_position', 'CSV_TP_OUTPUT': 'csv_testpoints', 'CSV_TP_TOP_OUTPUT': 'csv_testpoints_top', 'CSV_TP_BOTTOM_OUTPUT': 'csv_testpoints_bottom', 'CSV_BOM_OUTPUT': 'csv_bom', 'XLSX_BOM_OUTPUT': 'xlsx_bom', 'HTML_IBOM_OUTPUT': 'html_bom_interactive', 'HTML_BOM_OUTPUT': 'html_bom', 'CSV_COMP_COUNT_OUPUT': 'csv_comp_count', 'CSV_IMPEDANCE_TABLE_OUTPUT': 'csv_impedance_table', 'TXT_FAB_NOTES_OUTPUT': 'txt_fabrication_notes', 'TXT_ASSEMBLY_NOTES_OUTPUT': 'txt_assembly_notes', 'PNG_3D_VIEWER_TOP': 'png_3d_viewer_top', 'PNG_3D_VIEWER_BOTTOM': 'png_3d_viewer_bottom', 'PNG_3D_VIEWER_ANGLED_TOP': 'png_3d_viewer_angled_top', 'PNG_3D_VIEWER_ANGLED_BOTTOM': 'png_3d_viewer_angled_bottom', 'STEP_OUTPUT': 'step', 'BLENDER_OUTPUT': 'blender', 'PDF_SCHEMATIC_OUTPUT': 'pdf_schematic', 'PDF_FABRICATION_OUTPUT': 'pdf_fabrication', 'PDF_ASSEMBLY_OUTPUT': 'pdf_assembly', 'ZIP_COMPRESS_FAB_OUTPUT': 'zip_compress_fab', 'HTML_KICANVAS_OUTPUT': 'html_kicanvas', 'HTML_KIRI_OUTPUT': 'html_kiri', 'MD_README_OUTPUT': 'md_readme', 'HTML_NAV_RES_OUTPUT': 'html_navigate_results'} (kibot - config_reader.py:680)
DEBUG:YAML after expanding definitions:
# KiBot output for generating CSV Tespoints
# https://kibot.readthedocs.io/en/latest/configuration/outputs/bom.html

kibot:
  version: 1

outputs:
- name: csv_testpoints_bottom
  comment: 'Bottom testpoint report in CSV format'
  type: bom
  category: 'Testing/Testpoints'
  dir: 'Testing/Testpoints'
  options:
    output: '%f-testpoints-bottom%I%v.%x'
    csv:
      hide_pcb_info: True
      hide_stats_info: True
    pre_transform: ['_kicost_rename']
    exclude_filter: 'only_testpoints_bottom'
    dnf_filter: '_null'
    exclude_marked_in_sch: false
    group_fields: []
    sort_style: ref
    use_aux_axis_as_origin: true
    ignore_dnf: false
    format: CSV
    footprint_type_values: 'SMT,THRU,'
    right_digits: 2
    columns:
      - field: References
        name: Ref.
      - field: Net Label
        name: Net 
      - field: Footprint X
        name: X [mm]
      - field: Footprint Y
        name: Y [mm]

 (kibot - config_reader.py:686)
DEBUG:Pre-parsing output options for `csv_testpoints_bottom` (bom) (kibot - config_reader.py:169)
DEBUG:Outputs loaded from `kibot_yaml/kibot_out_csv_testpoints_simple.yaml`: ['csv_testpoints_bottom'] (kibot - config_reader.py:361)
DEBUG:Found local definitions (kibot - config_reader.py:651)
DEBUG:- Local definitions: {'NAME': 'csv_bom', 'COMMENT': 'Bill of Materials in CSV format', 'DIR': 'Manufacturing/Assembly', 'MPN_FIELD': 'Manufacturer Part Number', 'MAN_FIELD': 'Manufacturer'} (kibot - config_reader.py:661)
DEBUG:- Current definitions: {'PROJECT_NAME': 'LE_V2', 'BOARD_NAME': 'LE_BMS_A_V2', 'COMPANY': 'Company Name', 'DESIGNER': 'Author', 'LOGO': 'Logos/dummy_logo.png', 'GIT_URL': 'https://github.com/nguyen-v/KDT_Hierarchical_KiBot', 'CHECK_ZONE_FILLS': False, 'STACKUP_TABLE_NOTE': 'external layer thicknesses are specified after plating', 'MPN_FIELD': 'Manufacturer Part Number', 'MAN_FIELD': 'Manufacturer', 'GROUP_ROUND_SLOTS': True, 'GROUP_PTH_NPTH': 'no', 'GROUP_PTH_NPTH_DRL': False, 'PLOT_REFS': True, 'COLOR_THEME': 'Altium_Theme', 'SHEET_WKS': '${KIPRJMOD}/Templates/KDT_Template_PCB_GIT_A4.kicad_wks', 'FAB_SCALING': 1, 'ASSEMBLY_SCALING': 1, 'EXCLUDE_REFS': '[MB*]', '3D_VIEWER_ROT_X': 2, '3D_VIEWER_ROT_Y': -1, '3D_VIEWER_ROT_Z': 1, '3D_VIEWER_ZOOM': -1, 'KEY_COLOR': '#00FF00', 'OUTPUT_DIR': './', 'REPORT_DIR': 'Reports', 'SCHEMATIC_DIR': 'Schematic', 'MANUFACTURING_DIR': 'Manufacturing', 'ASSEMBLY_DIR': '@MANUFACTURING_DIR@/Assembly', 'FABRICATION_DIR': '@MANUFACTURING_DIR@/Fabrication', 'GERBERS_DIR': '@FABRICATION_DIR@/Gerbers', 'FAB_DRILL_TABLES_DIR': '@FABRICATION_DIR@/Drill Tables', 'TESTING_DIR': 'Testing', 'TESTPOINTS_DIR': '@TESTING_DIR@/Testpoints', 'IMAGES_DIR': 'Images', '3D_DIR': '3D', 'RESOURCES_DIR': 'kibot_resources', 'REPORT_TEMPLATE_DIR': '@RESOURCES_DIR@/templates', 'SCRIPTS_DIR': '@RESOURCES_DIR@/scripts', 'LAYER_TITLE_PAGE': 'TitlePage', 'LAYER_DNP_TOP': 'F.DNP', 'LAYER_DNP_BOTTOM': 'B.DNP', 'LAYER_DRILL_MAP': 'DrillMap', 'LAYER_TP_LIST_TOP': 'F.TestPointList', 'LAYER_TP_LIST_BOTTOM': 'B.TestPointList', 'LAYER_ASSEMBLY_TEXT_TOP': 'F.AssemblyText', 'LAYER_ASSEMBLY_TEXT_BOTTOM': 'B.AssemblyText', 'LAYER_DNP_CROSS_TOP': 'F.DNP', 'LAYER_DNP_CROSS_BOTTOM': 'B.DNP', 'FILT_FIELD_RENAME': 'field_rename', 'FILT_TP_ONLY': 'only_testpoints', 'FILT_TP_EXCLUDE': 'exclude_testpoints', 'FILT_TP_TOP_ONLY': 'only_testpoints_top', 'FILT_TP_BOTTOM_ONLY': 'only_testpoints_bottom', 'SCH_VARIANT_OUTPUT': 'value_split', 'NETLIST_OUTPUT': 'netlist', 'GERBER_OUTPUT': 'gbr_gerbers', 'ODB_OUTPUT': 'zip_odb', 'EXCELLON_DRILL_OUTPUT': 'drl_excellon', 'PDF_DRILL_MAP_OUTPUT': 'pdf_drill_map', 'DXF_DRILL_MAP_OUTPUT': 'dxf_drill_map', 'CSV_DRILL_TABLE_OUTPUT': 'csv_drill_table', 'CSV_POS_OUTPUT': 'csv_position', 'CSV_TP_OUTPUT': 'csv_testpoints', 'CSV_TP_TOP_OUTPUT': 'csv_testpoints_top', 'CSV_TP_BOTTOM_OUTPUT': 'csv_testpoints_bottom', 'CSV_BOM_OUTPUT': 'csv_bom', 'XLSX_BOM_OUTPUT': 'xlsx_bom', 'HTML_IBOM_OUTPUT': 'html_bom_interactive', 'HTML_BOM_OUTPUT': 'html_bom', 'CSV_COMP_COUNT_OUPUT': 'csv_comp_count', 'CSV_IMPEDANCE_TABLE_OUTPUT': 'csv_impedance_table', 'TXT_FAB_NOTES_OUTPUT': 'txt_fabrication_notes', 'TXT_ASSEMBLY_NOTES_OUTPUT': 'txt_assembly_notes', 'PNG_3D_VIEWER_TOP': 'png_3d_viewer_top', 'PNG_3D_VIEWER_BOTTOM': 'png_3d_viewer_bottom', 'PNG_3D_VIEWER_ANGLED_TOP': 'png_3d_viewer_angled_top', 'PNG_3D_VIEWER_ANGLED_BOTTOM': 'png_3d_viewer_angled_bottom', 'STEP_OUTPUT': 'step', 'BLENDER_OUTPUT': 'blender', 'PDF_SCHEMATIC_OUTPUT': 'pdf_schematic', 'PDF_FABRICATION_OUTPUT': 'pdf_fabrication', 'PDF_ASSEMBLY_OUTPUT': 'pdf_assembly', 'ZIP_COMPRESS_FAB_OUTPUT': 'zip_compress_fab', 'HTML_KICANVAS_OUTPUT': 'html_kicanvas', 'HTML_KIRI_OUTPUT': 'html_kiri', 'MD_README_OUTPUT': 'md_readme', 'HTML_NAV_RES_OUTPUT': 'html_navigate_results', 'NAME': 'csv_bom', 'COMMENT': 'Bill of Materials in CSV format', 'DIR': 'Manufacturing/Assembly'} (kibot - config_reader.py:662)
DEBUG:- Updated definitions: {'NAME': 'csv_bom', 'COMMENT': 'Bill of Materials in CSV format', 'DIR': 'Manufacturing/Assembly', 'MPN_FIELD': 'Manufacturer Part Number', 'MAN_FIELD': 'Manufacturer', 'PROJECT_NAME': 'LE_V2', 'BOARD_NAME': 'LE_BMS_A_V2', 'COMPANY': 'Company Name', 'DESIGNER': 'Author', 'LOGO': 'Logos/dummy_logo.png', 'GIT_URL': 'https://github.com/nguyen-v/KDT_Hierarchical_KiBot', 'CHECK_ZONE_FILLS': False, 'STACKUP_TABLE_NOTE': 'external layer thicknesses are specified after plating', 'GROUP_ROUND_SLOTS': True, 'GROUP_PTH_NPTH': 'no', 'GROUP_PTH_NPTH_DRL': False, 'PLOT_REFS': True, 'COLOR_THEME': 'Altium_Theme', 'SHEET_WKS': '${KIPRJMOD}/Templates/KDT_Template_PCB_GIT_A4.kicad_wks', 'FAB_SCALING': 1, 'ASSEMBLY_SCALING': 1, 'EXCLUDE_REFS': '[MB*]', '3D_VIEWER_ROT_X': 2, '3D_VIEWER_ROT_Y': -1, '3D_VIEWER_ROT_Z': 1, '3D_VIEWER_ZOOM': -1, 'KEY_COLOR': '#00FF00', 'OUTPUT_DIR': './', 'REPORT_DIR': 'Reports', 'SCHEMATIC_DIR': 'Schematic', 'MANUFACTURING_DIR': 'Manufacturing', 'ASSEMBLY_DIR': '@MANUFACTURING_DIR@/Assembly', 'FABRICATION_DIR': '@MANUFACTURING_DIR@/Fabrication', 'GERBERS_DIR': '@FABRICATION_DIR@/Gerbers', 'FAB_DRILL_TABLES_DIR': '@FABRICATION_DIR@/Drill Tables', 'TESTING_DIR': 'Testing', 'TESTPOINTS_DIR': '@TESTING_DIR@/Testpoints', 'IMAGES_DIR': 'Images', '3D_DIR': '3D', 'RESOURCES_DIR': 'kibot_resources', 'REPORT_TEMPLATE_DIR': '@RESOURCES_DIR@/templates', 'SCRIPTS_DIR': '@RESOURCES_DIR@/scripts', 'LAYER_TITLE_PAGE': 'TitlePage', 'LAYER_DNP_TOP': 'F.DNP', 'LAYER_DNP_BOTTOM': 'B.DNP', 'LAYER_DRILL_MAP': 'DrillMap', 'LAYER_TP_LIST_TOP': 'F.TestPointList', 'LAYER_TP_LIST_BOTTOM': 'B.TestPointList', 'LAYER_ASSEMBLY_TEXT_TOP': 'F.AssemblyText', 'LAYER_ASSEMBLY_TEXT_BOTTOM': 'B.AssemblyText', 'LAYER_DNP_CROSS_TOP': 'F.DNP', 'LAYER_DNP_CROSS_BOTTOM': 'B.DNP', 'FILT_FIELD_RENAME': 'field_rename', 'FILT_TP_ONLY': 'only_testpoints', 'FILT_TP_EXCLUDE': 'exclude_testpoints', 'FILT_TP_TOP_ONLY': 'only_testpoints_top', 'FILT_TP_BOTTOM_ONLY': 'only_testpoints_bottom', 'SCH_VARIANT_OUTPUT': 'value_split', 'NETLIST_OUTPUT': 'netlist', 'GERBER_OUTPUT': 'gbr_gerbers', 'ODB_OUTPUT': 'zip_odb', 'EXCELLON_DRILL_OUTPUT': 'drl_excellon', 'PDF_DRILL_MAP_OUTPUT': 'pdf_drill_map', 'DXF_DRILL_MAP_OUTPUT': 'dxf_drill_map', 'CSV_DRILL_TABLE_OUTPUT': 'csv_drill_table', 'CSV_POS_OUTPUT': 'csv_position', 'CSV_TP_OUTPUT': 'csv_testpoints', 'CSV_TP_TOP_OUTPUT': 'csv_testpoints_top', 'CSV_TP_BOTTOM_OUTPUT': 'csv_testpoints_bottom', 'CSV_BOM_OUTPUT': 'csv_bom', 'XLSX_BOM_OUTPUT': 'xlsx_bom', 'HTML_IBOM_OUTPUT': 'html_bom_interactive', 'HTML_BOM_OUTPUT': 'html_bom', 'CSV_COMP_COUNT_OUPUT': 'csv_comp_count', 'CSV_IMPEDANCE_TABLE_OUTPUT': 'csv_impedance_table', 'TXT_FAB_NOTES_OUTPUT': 'txt_fabrication_notes', 'TXT_ASSEMBLY_NOTES_OUTPUT': 'txt_assembly_notes', 'PNG_3D_VIEWER_TOP': 'png_3d_viewer_top', 'PNG_3D_VIEWER_BOTTOM': 'png_3d_viewer_bottom', 'PNG_3D_VIEWER_ANGLED_TOP': 'png_3d_viewer_angled_top', 'PNG_3D_VIEWER_ANGLED_BOTTOM': 'png_3d_viewer_angled_bottom', 'STEP_OUTPUT': 'step', 'BLENDER_OUTPUT': 'blender', 'PDF_SCHEMATIC_OUTPUT': 'pdf_schematic', 'PDF_FABRICATION_OUTPUT': 'pdf_fabrication', 'PDF_ASSEMBLY_OUTPUT': 'pdf_assembly', 'ZIP_COMPRESS_FAB_OUTPUT': 'zip_compress_fab', 'HTML_KICANVAS_OUTPUT': 'html_kicanvas', 'HTML_KIRI_OUTPUT': 'html_kiri', 'MD_README_OUTPUT': 'md_readme', 'HTML_NAV_RES_OUTPUT': 'html_navigate_results'} (kibot - config_reader.py:665)
DEBUG:Applying preprocessor definitions (kibot - config_reader.py:670)
DEBUG:- Applying CLI definitions: {} (kibot - config_reader.py:677)
DEBUG:- Applying collected definitions: {'NAME': 'csv_bom', 'COMMENT': 'Bill of Materials in CSV format', 'DIR': 'Manufacturing/Assembly', 'MPN_FIELD': 'Manufacturer Part Number', 'MAN_FIELD': 'Manufacturer', 'PROJECT_NAME': 'LE_V2', 'BOARD_NAME': 'LE_BMS_A_V2', 'COMPANY': 'Company Name', 'DESIGNER': 'Author', 'LOGO': 'Logos/dummy_logo.png', 'GIT_URL': 'https://github.com/nguyen-v/KDT_Hierarchical_KiBot', 'CHECK_ZONE_FILLS': False, 'STACKUP_TABLE_NOTE': 'external layer thicknesses are specified after plating', 'GROUP_ROUND_SLOTS': True, 'GROUP_PTH_NPTH': 'no', 'GROUP_PTH_NPTH_DRL': False, 'PLOT_REFS': True, 'COLOR_THEME': 'Altium_Theme', 'SHEET_WKS': '${KIPRJMOD}/Templates/KDT_Template_PCB_GIT_A4.kicad_wks', 'FAB_SCALING': 1, 'ASSEMBLY_SCALING': 1, 'EXCLUDE_REFS': '[MB*]', '3D_VIEWER_ROT_X': 2, '3D_VIEWER_ROT_Y': -1, '3D_VIEWER_ROT_Z': 1, '3D_VIEWER_ZOOM': -1, 'KEY_COLOR': '#00FF00', 'OUTPUT_DIR': './', 'REPORT_DIR': 'Reports', 'SCHEMATIC_DIR': 'Schematic', 'MANUFACTURING_DIR': 'Manufacturing', 'ASSEMBLY_DIR': '@MANUFACTURING_DIR@/Assembly', 'FABRICATION_DIR': '@MANUFACTURING_DIR@/Fabrication', 'GERBERS_DIR': '@FABRICATION_DIR@/Gerbers', 'FAB_DRILL_TABLES_DIR': '@FABRICATION_DIR@/Drill Tables', 'TESTING_DIR': 'Testing', 'TESTPOINTS_DIR': '@TESTING_DIR@/Testpoints', 'IMAGES_DIR': 'Images', '3D_DIR': '3D', 'RESOURCES_DIR': 'kibot_resources', 'REPORT_TEMPLATE_DIR': '@RESOURCES_DIR@/templates', 'SCRIPTS_DIR': '@RESOURCES_DIR@/scripts', 'LAYER_TITLE_PAGE': 'TitlePage', 'LAYER_DNP_TOP': 'F.DNP', 'LAYER_DNP_BOTTOM': 'B.DNP', 'LAYER_DRILL_MAP': 'DrillMap', 'LAYER_TP_LIST_TOP': 'F.TestPointList', 'LAYER_TP_LIST_BOTTOM': 'B.TestPointList', 'LAYER_ASSEMBLY_TEXT_TOP': 'F.AssemblyText', 'LAYER_ASSEMBLY_TEXT_BOTTOM': 'B.AssemblyText', 'LAYER_DNP_CROSS_TOP': 'F.DNP', 'LAYER_DNP_CROSS_BOTTOM': 'B.DNP', 'FILT_FIELD_RENAME': 'field_rename', 'FILT_TP_ONLY': 'only_testpoints', 'FILT_TP_EXCLUDE': 'exclude_testpoints', 'FILT_TP_TOP_ONLY': 'only_testpoints_top', 'FILT_TP_BOTTOM_ONLY': 'only_testpoints_bottom', 'SCH_VARIANT_OUTPUT': 'value_split', 'NETLIST_OUTPUT': 'netlist', 'GERBER_OUTPUT': 'gbr_gerbers', 'ODB_OUTPUT': 'zip_odb', 'EXCELLON_DRILL_OUTPUT': 'drl_excellon', 'PDF_DRILL_MAP_OUTPUT': 'pdf_drill_map', 'DXF_DRILL_MAP_OUTPUT': 'dxf_drill_map', 'CSV_DRILL_TABLE_OUTPUT': 'csv_drill_table', 'CSV_POS_OUTPUT': 'csv_position', 'CSV_TP_OUTPUT': 'csv_testpoints', 'CSV_TP_TOP_OUTPUT': 'csv_testpoints_top', 'CSV_TP_BOTTOM_OUTPUT': 'csv_testpoints_bottom', 'CSV_BOM_OUTPUT': 'csv_bom', 'XLSX_BOM_OUTPUT': 'xlsx_bom', 'HTML_IBOM_OUTPUT': 'html_bom_interactive', 'HTML_BOM_OUTPUT': 'html_bom', 'CSV_COMP_COUNT_OUPUT': 'csv_comp_count', 'CSV_IMPEDANCE_TABLE_OUTPUT': 'csv_impedance_table', 'TXT_FAB_NOTES_OUTPUT': 'txt_fabrication_notes', 'TXT_ASSEMBLY_NOTES_OUTPUT': 'txt_assembly_notes', 'PNG_3D_VIEWER_TOP': 'png_3d_viewer_top', 'PNG_3D_VIEWER_BOTTOM': 'png_3d_viewer_bottom', 'PNG_3D_VIEWER_ANGLED_TOP': 'png_3d_viewer_angled_top', 'PNG_3D_VIEWER_ANGLED_BOTTOM': 'png_3d_viewer_angled_bottom', 'STEP_OUTPUT': 'step', 'BLENDER_OUTPUT': 'blender', 'PDF_SCHEMATIC_OUTPUT': 'pdf_schematic', 'PDF_FABRICATION_OUTPUT': 'pdf_fabrication', 'PDF_ASSEMBLY_OUTPUT': 'pdf_assembly', 'ZIP_COMPRESS_FAB_OUTPUT': 'zip_compress_fab', 'HTML_KICANVAS_OUTPUT': 'html_kicanvas', 'HTML_KIRI_OUTPUT': 'html_kiri', 'MD_README_OUTPUT': 'md_readme', 'HTML_NAV_RES_OUTPUT': 'html_navigate_results'} (kibot - config_reader.py:680)
DEBUG:- Replacing @NAME@ -> csv_bom (<class 'str'>) (kibot - config_reader.py:78)
DEBUG:- Replacing @COMMENT@ -> Bill of Materials in CSV format (<class 'str'>) (kibot - config_reader.py:78)
DEBUG:- Replacing @DIR@ -> Manufacturing/Assembly (<class 'str'>) (kibot - config_reader.py:78)
DEBUG:- Replacing @MPN_FIELD@ -> Manufacturer Part Number (<class 'str'>) (kibot - config_reader.py:78)
DEBUG:- Replacing @MAN_FIELD@ -> Manufacturer (<class 'str'>) (kibot - config_reader.py:78)
DEBUG:- Applying CLI definitions: {} (kibot - config_reader.py:677)
DEBUG:- Applying collected definitions: {'NAME': 'csv_bom', 'COMMENT': 'Bill of Materials in CSV format', 'DIR': 'Manufacturing/Assembly', 'MPN_FIELD': 'Manufacturer Part Number', 'MAN_FIELD': 'Manufacturer', 'PROJECT_NAME': 'LE_V2', 'BOARD_NAME': 'LE_BMS_A_V2', 'COMPANY': 'Company Name', 'DESIGNER': 'Author', 'LOGO': 'Logos/dummy_logo.png', 'GIT_URL': 'https://github.com/nguyen-v/KDT_Hierarchical_KiBot', 'CHECK_ZONE_FILLS': False, 'STACKUP_TABLE_NOTE': 'external layer thicknesses are specified after plating', 'GROUP_ROUND_SLOTS': True, 'GROUP_PTH_NPTH': 'no', 'GROUP_PTH_NPTH_DRL': False, 'PLOT_REFS': True, 'COLOR_THEME': 'Altium_Theme', 'SHEET_WKS': '${KIPRJMOD}/Templates/KDT_Template_PCB_GIT_A4.kicad_wks', 'FAB_SCALING': 1, 'ASSEMBLY_SCALING': 1, 'EXCLUDE_REFS': '[MB*]', '3D_VIEWER_ROT_X': 2, '3D_VIEWER_ROT_Y': -1, '3D_VIEWER_ROT_Z': 1, '3D_VIEWER_ZOOM': -1, 'KEY_COLOR': '#00FF00', 'OUTPUT_DIR': './', 'REPORT_DIR': 'Reports', 'SCHEMATIC_DIR': 'Schematic', 'MANUFACTURING_DIR': 'Manufacturing', 'ASSEMBLY_DIR': '@MANUFACTURING_DIR@/Assembly', 'FABRICATION_DIR': '@MANUFACTURING_DIR@/Fabrication', 'GERBERS_DIR': '@FABRICATION_DIR@/Gerbers', 'FAB_DRILL_TABLES_DIR': '@FABRICATION_DIR@/Drill Tables', 'TESTING_DIR': 'Testing', 'TESTPOINTS_DIR': '@TESTING_DIR@/Testpoints', 'IMAGES_DIR': 'Images', '3D_DIR': '3D', 'RESOURCES_DIR': 'kibot_resources', 'REPORT_TEMPLATE_DIR': '@RESOURCES_DIR@/templates', 'SCRIPTS_DIR': '@RESOURCES_DIR@/scripts', 'LAYER_TITLE_PAGE': 'TitlePage', 'LAYER_DNP_TOP': 'F.DNP', 'LAYER_DNP_BOTTOM': 'B.DNP', 'LAYER_DRILL_MAP': 'DrillMap', 'LAYER_TP_LIST_TOP': 'F.TestPointList', 'LAYER_TP_LIST_BOTTOM': 'B.TestPointList', 'LAYER_ASSEMBLY_TEXT_TOP': 'F.AssemblyText', 'LAYER_ASSEMBLY_TEXT_BOTTOM': 'B.AssemblyText', 'LAYER_DNP_CROSS_TOP': 'F.DNP', 'LAYER_DNP_CROSS_BOTTOM': 'B.DNP', 'FILT_FIELD_RENAME': 'field_rename', 'FILT_TP_ONLY': 'only_testpoints', 'FILT_TP_EXCLUDE': 'exclude_testpoints', 'FILT_TP_TOP_ONLY': 'only_testpoints_top', 'FILT_TP_BOTTOM_ONLY': 'only_testpoints_bottom', 'SCH_VARIANT_OUTPUT': 'value_split', 'NETLIST_OUTPUT': 'netlist', 'GERBER_OUTPUT': 'gbr_gerbers', 'ODB_OUTPUT': 'zip_odb', 'EXCELLON_DRILL_OUTPUT': 'drl_excellon', 'PDF_DRILL_MAP_OUTPUT': 'pdf_drill_map', 'DXF_DRILL_MAP_OUTPUT': 'dxf_drill_map', 'CSV_DRILL_TABLE_OUTPUT': 'csv_drill_table', 'CSV_POS_OUTPUT': 'csv_position', 'CSV_TP_OUTPUT': 'csv_testpoints', 'CSV_TP_TOP_OUTPUT': 'csv_testpoints_top', 'CSV_TP_BOTTOM_OUTPUT': 'csv_testpoints_bottom', 'CSV_BOM_OUTPUT': 'csv_bom', 'XLSX_BOM_OUTPUT': 'xlsx_bom', 'HTML_IBOM_OUTPUT': 'html_bom_interactive', 'HTML_BOM_OUTPUT': 'html_bom', 'CSV_COMP_COUNT_OUPUT': 'csv_comp_count', 'CSV_IMPEDANCE_TABLE_OUTPUT': 'csv_impedance_table', 'TXT_FAB_NOTES_OUTPUT': 'txt_fabrication_notes', 'TXT_ASSEMBLY_NOTES_OUTPUT': 'txt_assembly_notes', 'PNG_3D_VIEWER_TOP': 'png_3d_viewer_top', 'PNG_3D_VIEWER_BOTTOM': 'png_3d_viewer_bottom', 'PNG_3D_VIEWER_ANGLED_TOP': 'png_3d_viewer_angled_top', 'PNG_3D_VIEWER_ANGLED_BOTTOM': 'png_3d_viewer_angled_bottom', 'STEP_OUTPUT': 'step', 'BLENDER_OUTPUT': 'blender', 'PDF_SCHEMATIC_OUTPUT': 'pdf_schematic', 'PDF_FABRICATION_OUTPUT': 'pdf_fabrication', 'PDF_ASSEMBLY_OUTPUT': 'pdf_assembly', 'ZIP_COMPRESS_FAB_OUTPUT': 'zip_compress_fab', 'HTML_KICANVAS_OUTPUT': 'html_kicanvas', 'HTML_KIRI_OUTPUT': 'html_kiri', 'MD_README_OUTPUT': 'md_readme', 'HTML_NAV_RES_OUTPUT': 'html_navigate_results'} (kibot - config_reader.py:680)
DEBUG:YAML after expanding definitions:
# KiBot output for generating Bill of Materials in CSV format
# https://kibot.readthedocs.io/en/latest/configuration/outputs/bom.html

kibot:
  version: 1

outputs:
- name: csv_bom
  comment: 'Bill of Materials in CSV format'
  type: bom
  category: 'Manufacturing/Assembly'
  dir: 'Manufacturing/Assembly'
  options:
    format: CSV
    csv:
      hide_pcb_info: true
      hide_stats_info: true
      
    group_fields: ['Manufacturer Part Number', 'Value']

    columns:
      - "Row"
      - "Quantity Per PCB"
      - "References"
      - "Value"
      - "Datasheet"
      - "Footprint"
      - "Description"
      - "Manufacturer"
      - "Manufacturer Part Number"
      - "Supplier Part Number"
      # - "arrow#"
      # - "digikey#"
      # - "farnell#"
      # - "mouser#"
      # - "newark#"
      # - "rs#"
      # - "tme#"

 (kibot - config_reader.py:686)
DEBUG:Pre-parsing output options for `csv_bom` (bom) (kibot - config_reader.py:169)
DEBUG:Outputs loaded from `kibot_yaml/kibot_out_csv_bom.yaml`: ['csv_bom'] (kibot - config_reader.py:361)
DEBUG:Found local definitions (kibot - config_reader.py:651)
DEBUG:- Local definitions: {'NAME': 'html_bom', 'COMMENT': 'BOM in HTML format', 'DIR': 'Manufacturing/Assembly', 'MPN_FIELD': 'Manufacturer Part Number', 'MAN_FIELD': 'Manufacturer'} (kibot - config_reader.py:661)
DEBUG:- Current definitions: {'PROJECT_NAME': 'LE_V2', 'BOARD_NAME': 'LE_BMS_A_V2', 'COMPANY': 'Company Name', 'DESIGNER': 'Author', 'LOGO': 'Logos/dummy_logo.png', 'GIT_URL': 'https://github.com/nguyen-v/KDT_Hierarchical_KiBot', 'CHECK_ZONE_FILLS': False, 'STACKUP_TABLE_NOTE': 'external layer thicknesses are specified after plating', 'MPN_FIELD': 'Manufacturer Part Number', 'MAN_FIELD': 'Manufacturer', 'GROUP_ROUND_SLOTS': True, 'GROUP_PTH_NPTH': 'no', 'GROUP_PTH_NPTH_DRL': False, 'PLOT_REFS': True, 'COLOR_THEME': 'Altium_Theme', 'SHEET_WKS': '${KIPRJMOD}/Templates/KDT_Template_PCB_GIT_A4.kicad_wks', 'FAB_SCALING': 1, 'ASSEMBLY_SCALING': 1, 'EXCLUDE_REFS': '[MB*]', '3D_VIEWER_ROT_X': 2, '3D_VIEWER_ROT_Y': -1, '3D_VIEWER_ROT_Z': 1, '3D_VIEWER_ZOOM': -1, 'KEY_COLOR': '#00FF00', 'OUTPUT_DIR': './', 'REPORT_DIR': 'Reports', 'SCHEMATIC_DIR': 'Schematic', 'MANUFACTURING_DIR': 'Manufacturing', 'ASSEMBLY_DIR': '@MANUFACTURING_DIR@/Assembly', 'FABRICATION_DIR': '@MANUFACTURING_DIR@/Fabrication', 'GERBERS_DIR': '@FABRICATION_DIR@/Gerbers', 'FAB_DRILL_TABLES_DIR': '@FABRICATION_DIR@/Drill Tables', 'TESTING_DIR': 'Testing', 'TESTPOINTS_DIR': '@TESTING_DIR@/Testpoints', 'IMAGES_DIR': 'Images', '3D_DIR': '3D', 'RESOURCES_DIR': 'kibot_resources', 'REPORT_TEMPLATE_DIR': '@RESOURCES_DIR@/templates', 'SCRIPTS_DIR': '@RESOURCES_DIR@/scripts', 'LAYER_TITLE_PAGE': 'TitlePage', 'LAYER_DNP_TOP': 'F.DNP', 'LAYER_DNP_BOTTOM': 'B.DNP', 'LAYER_DRILL_MAP': 'DrillMap', 'LAYER_TP_LIST_TOP': 'F.TestPointList', 'LAYER_TP_LIST_BOTTOM': 'B.TestPointList', 'LAYER_ASSEMBLY_TEXT_TOP': 'F.AssemblyText', 'LAYER_ASSEMBLY_TEXT_BOTTOM': 'B.AssemblyText', 'LAYER_DNP_CROSS_TOP': 'F.DNP', 'LAYER_DNP_CROSS_BOTTOM': 'B.DNP', 'FILT_FIELD_RENAME': 'field_rename', 'FILT_TP_ONLY': 'only_testpoints', 'FILT_TP_EXCLUDE': 'exclude_testpoints', 'FILT_TP_TOP_ONLY': 'only_testpoints_top', 'FILT_TP_BOTTOM_ONLY': 'only_testpoints_bottom', 'SCH_VARIANT_OUTPUT': 'value_split', 'NETLIST_OUTPUT': 'netlist', 'GERBER_OUTPUT': 'gbr_gerbers', 'ODB_OUTPUT': 'zip_odb', 'EXCELLON_DRILL_OUTPUT': 'drl_excellon', 'PDF_DRILL_MAP_OUTPUT': 'pdf_drill_map', 'DXF_DRILL_MAP_OUTPUT': 'dxf_drill_map', 'CSV_DRILL_TABLE_OUTPUT': 'csv_drill_table', 'CSV_POS_OUTPUT': 'csv_position', 'CSV_TP_OUTPUT': 'csv_testpoints', 'CSV_TP_TOP_OUTPUT': 'csv_testpoints_top', 'CSV_TP_BOTTOM_OUTPUT': 'csv_testpoints_bottom', 'CSV_BOM_OUTPUT': 'csv_bom', 'XLSX_BOM_OUTPUT': 'xlsx_bom', 'HTML_IBOM_OUTPUT': 'html_bom_interactive', 'HTML_BOM_OUTPUT': 'html_bom', 'CSV_COMP_COUNT_OUPUT': 'csv_comp_count', 'CSV_IMPEDANCE_TABLE_OUTPUT': 'csv_impedance_table', 'TXT_FAB_NOTES_OUTPUT': 'txt_fabrication_notes', 'TXT_ASSEMBLY_NOTES_OUTPUT': 'txt_assembly_notes', 'PNG_3D_VIEWER_TOP': 'png_3d_viewer_top', 'PNG_3D_VIEWER_BOTTOM': 'png_3d_viewer_bottom', 'PNG_3D_VIEWER_ANGLED_TOP': 'png_3d_viewer_angled_top', 'PNG_3D_VIEWER_ANGLED_BOTTOM': 'png_3d_viewer_angled_bottom', 'STEP_OUTPUT': 'step', 'BLENDER_OUTPUT': 'blender', 'PDF_SCHEMATIC_OUTPUT': 'pdf_schematic', 'PDF_FABRICATION_OUTPUT': 'pdf_fabrication', 'PDF_ASSEMBLY_OUTPUT': 'pdf_assembly', 'ZIP_COMPRESS_FAB_OUTPUT': 'zip_compress_fab', 'HTML_KICANVAS_OUTPUT': 'html_kicanvas', 'HTML_KIRI_OUTPUT': 'html_kiri', 'MD_README_OUTPUT': 'md_readme', 'HTML_NAV_RES_OUTPUT': 'html_navigate_results', 'NAME': 'html_bom', 'COMMENT': 'Bill of Materials in HTML format', 'DIR': 'Manufacturing/Assembly'} (kibot - config_reader.py:662)
DEBUG:- Updated definitions: {'NAME': 'html_bom', 'COMMENT': 'Bill of Materials in HTML format', 'DIR': 'Manufacturing/Assembly', 'MPN_FIELD': 'Manufacturer Part Number', 'MAN_FIELD': 'Manufacturer', 'PROJECT_NAME': 'LE_V2', 'BOARD_NAME': 'LE_BMS_A_V2', 'COMPANY': 'Company Name', 'DESIGNER': 'Author', 'LOGO': 'Logos/dummy_logo.png', 'GIT_URL': 'https://github.com/nguyen-v/KDT_Hierarchical_KiBot', 'CHECK_ZONE_FILLS': False, 'STACKUP_TABLE_NOTE': 'external layer thicknesses are specified after plating', 'GROUP_ROUND_SLOTS': True, 'GROUP_PTH_NPTH': 'no', 'GROUP_PTH_NPTH_DRL': False, 'PLOT_REFS': True, 'COLOR_THEME': 'Altium_Theme', 'SHEET_WKS': '${KIPRJMOD}/Templates/KDT_Template_PCB_GIT_A4.kicad_wks', 'FAB_SCALING': 1, 'ASSEMBLY_SCALING': 1, 'EXCLUDE_REFS': '[MB*]', '3D_VIEWER_ROT_X': 2, '3D_VIEWER_ROT_Y': -1, '3D_VIEWER_ROT_Z': 1, '3D_VIEWER_ZOOM': -1, 'KEY_COLOR': '#00FF00', 'OUTPUT_DIR': './', 'REPORT_DIR': 'Reports', 'SCHEMATIC_DIR': 'Schematic', 'MANUFACTURING_DIR': 'Manufacturing', 'ASSEMBLY_DIR': '@MANUFACTURING_DIR@/Assembly', 'FABRICATION_DIR': '@MANUFACTURING_DIR@/Fabrication', 'GERBERS_DIR': '@FABRICATION_DIR@/Gerbers', 'FAB_DRILL_TABLES_DIR': '@FABRICATION_DIR@/Drill Tables', 'TESTING_DIR': 'Testing', 'TESTPOINTS_DIR': '@TESTING_DIR@/Testpoints', 'IMAGES_DIR': 'Images', '3D_DIR': '3D', 'RESOURCES_DIR': 'kibot_resources', 'REPORT_TEMPLATE_DIR': '@RESOURCES_DIR@/templates', 'SCRIPTS_DIR': '@RESOURCES_DIR@/scripts', 'LAYER_TITLE_PAGE': 'TitlePage', 'LAYER_DNP_TOP': 'F.DNP', 'LAYER_DNP_BOTTOM': 'B.DNP', 'LAYER_DRILL_MAP': 'DrillMap', 'LAYER_TP_LIST_TOP': 'F.TestPointList', 'LAYER_TP_LIST_BOTTOM': 'B.TestPointList', 'LAYER_ASSEMBLY_TEXT_TOP': 'F.AssemblyText', 'LAYER_ASSEMBLY_TEXT_BOTTOM': 'B.AssemblyText', 'LAYER_DNP_CROSS_TOP': 'F.DNP', 'LAYER_DNP_CROSS_BOTTOM': 'B.DNP', 'FILT_FIELD_RENAME': 'field_rename', 'FILT_TP_ONLY': 'only_testpoints', 'FILT_TP_EXCLUDE': 'exclude_testpoints', 'FILT_TP_TOP_ONLY': 'only_testpoints_top', 'FILT_TP_BOTTOM_ONLY': 'only_testpoints_bottom', 'SCH_VARIANT_OUTPUT': 'value_split', 'NETLIST_OUTPUT': 'netlist', 'GERBER_OUTPUT': 'gbr_gerbers', 'ODB_OUTPUT': 'zip_odb', 'EXCELLON_DRILL_OUTPUT': 'drl_excellon', 'PDF_DRILL_MAP_OUTPUT': 'pdf_drill_map', 'DXF_DRILL_MAP_OUTPUT': 'dxf_drill_map', 'CSV_DRILL_TABLE_OUTPUT': 'csv_drill_table', 'CSV_POS_OUTPUT': 'csv_position', 'CSV_TP_OUTPUT': 'csv_testpoints', 'CSV_TP_TOP_OUTPUT': 'csv_testpoints_top', 'CSV_TP_BOTTOM_OUTPUT': 'csv_testpoints_bottom', 'CSV_BOM_OUTPUT': 'csv_bom', 'XLSX_BOM_OUTPUT': 'xlsx_bom', 'HTML_IBOM_OUTPUT': 'html_bom_interactive', 'HTML_BOM_OUTPUT': 'html_bom', 'CSV_COMP_COUNT_OUPUT': 'csv_comp_count', 'CSV_IMPEDANCE_TABLE_OUTPUT': 'csv_impedance_table', 'TXT_FAB_NOTES_OUTPUT': 'txt_fabrication_notes', 'TXT_ASSEMBLY_NOTES_OUTPUT': 'txt_assembly_notes', 'PNG_3D_VIEWER_TOP': 'png_3d_viewer_top', 'PNG_3D_VIEWER_BOTTOM': 'png_3d_viewer_bottom', 'PNG_3D_VIEWER_ANGLED_TOP': 'png_3d_viewer_angled_top', 'PNG_3D_VIEWER_ANGLED_BOTTOM': 'png_3d_viewer_angled_bottom', 'STEP_OUTPUT': 'step', 'BLENDER_OUTPUT': 'blender', 'PDF_SCHEMATIC_OUTPUT': 'pdf_schematic', 'PDF_FABRICATION_OUTPUT': 'pdf_fabrication', 'PDF_ASSEMBLY_OUTPUT': 'pdf_assembly', 'ZIP_COMPRESS_FAB_OUTPUT': 'zip_compress_fab', 'HTML_KICANVAS_OUTPUT': 'html_kicanvas', 'HTML_KIRI_OUTPUT': 'html_kiri', 'MD_README_OUTPUT': 'md_readme', 'HTML_NAV_RES_OUTPUT': 'html_navigate_results'} (kibot - config_reader.py:665)
DEBUG:Applying preprocessor definitions (kibot - config_reader.py:670)
DEBUG:- Applying CLI definitions: {} (kibot - config_reader.py:677)
DEBUG:- Applying collected definitions: {'NAME': 'html_bom', 'COMMENT': 'Bill of Materials in HTML format', 'DIR': 'Manufacturing/Assembly', 'MPN_FIELD': 'Manufacturer Part Number', 'MAN_FIELD': 'Manufacturer', 'PROJECT_NAME': 'LE_V2', 'BOARD_NAME': 'LE_BMS_A_V2', 'COMPANY': 'Company Name', 'DESIGNER': 'Author', 'LOGO': 'Logos/dummy_logo.png', 'GIT_URL': 'https://github.com/nguyen-v/KDT_Hierarchical_KiBot', 'CHECK_ZONE_FILLS': False, 'STACKUP_TABLE_NOTE': 'external layer thicknesses are specified after plating', 'GROUP_ROUND_SLOTS': True, 'GROUP_PTH_NPTH': 'no', 'GROUP_PTH_NPTH_DRL': False, 'PLOT_REFS': True, 'COLOR_THEME': 'Altium_Theme', 'SHEET_WKS': '${KIPRJMOD}/Templates/KDT_Template_PCB_GIT_A4.kicad_wks', 'FAB_SCALING': 1, 'ASSEMBLY_SCALING': 1, 'EXCLUDE_REFS': '[MB*]', '3D_VIEWER_ROT_X': 2, '3D_VIEWER_ROT_Y': -1, '3D_VIEWER_ROT_Z': 1, '3D_VIEWER_ZOOM': -1, 'KEY_COLOR': '#00FF00', 'OUTPUT_DIR': './', 'REPORT_DIR': 'Reports', 'SCHEMATIC_DIR': 'Schematic', 'MANUFACTURING_DIR': 'Manufacturing', 'ASSEMBLY_DIR': '@MANUFACTURING_DIR@/Assembly', 'FABRICATION_DIR': '@MANUFACTURING_DIR@/Fabrication', 'GERBERS_DIR': '@FABRICATION_DIR@/Gerbers', 'FAB_DRILL_TABLES_DIR': '@FABRICATION_DIR@/Drill Tables', 'TESTING_DIR': 'Testing', 'TESTPOINTS_DIR': '@TESTING_DIR@/Testpoints', 'IMAGES_DIR': 'Images', '3D_DIR': '3D', 'RESOURCES_DIR': 'kibot_resources', 'REPORT_TEMPLATE_DIR': '@RESOURCES_DIR@/templates', 'SCRIPTS_DIR': '@RESOURCES_DIR@/scripts', 'LAYER_TITLE_PAGE': 'TitlePage', 'LAYER_DNP_TOP': 'F.DNP', 'LAYER_DNP_BOTTOM': 'B.DNP', 'LAYER_DRILL_MAP': 'DrillMap', 'LAYER_TP_LIST_TOP': 'F.TestPointList', 'LAYER_TP_LIST_BOTTOM': 'B.TestPointList', 'LAYER_ASSEMBLY_TEXT_TOP': 'F.AssemblyText', 'LAYER_ASSEMBLY_TEXT_BOTTOM': 'B.AssemblyText', 'LAYER_DNP_CROSS_TOP': 'F.DNP', 'LAYER_DNP_CROSS_BOTTOM': 'B.DNP', 'FILT_FIELD_RENAME': 'field_rename', 'FILT_TP_ONLY': 'only_testpoints', 'FILT_TP_EXCLUDE': 'exclude_testpoints', 'FILT_TP_TOP_ONLY': 'only_testpoints_top', 'FILT_TP_BOTTOM_ONLY': 'only_testpoints_bottom', 'SCH_VARIANT_OUTPUT': 'value_split', 'NETLIST_OUTPUT': 'netlist', 'GERBER_OUTPUT': 'gbr_gerbers', 'ODB_OUTPUT': 'zip_odb', 'EXCELLON_DRILL_OUTPUT': 'drl_excellon', 'PDF_DRILL_MAP_OUTPUT': 'pdf_drill_map', 'DXF_DRILL_MAP_OUTPUT': 'dxf_drill_map', 'CSV_DRILL_TABLE_OUTPUT': 'csv_drill_table', 'CSV_POS_OUTPUT': 'csv_position', 'CSV_TP_OUTPUT': 'csv_testpoints', 'CSV_TP_TOP_OUTPUT': 'csv_testpoints_top', 'CSV_TP_BOTTOM_OUTPUT': 'csv_testpoints_bottom', 'CSV_BOM_OUTPUT': 'csv_bom', 'XLSX_BOM_OUTPUT': 'xlsx_bom', 'HTML_IBOM_OUTPUT': 'html_bom_interactive', 'HTML_BOM_OUTPUT': 'html_bom', 'CSV_COMP_COUNT_OUPUT': 'csv_comp_count', 'CSV_IMPEDANCE_TABLE_OUTPUT': 'csv_impedance_table', 'TXT_FAB_NOTES_OUTPUT': 'txt_fabrication_notes', 'TXT_ASSEMBLY_NOTES_OUTPUT': 'txt_assembly_notes', 'PNG_3D_VIEWER_TOP': 'png_3d_viewer_top', 'PNG_3D_VIEWER_BOTTOM': 'png_3d_viewer_bottom', 'PNG_3D_VIEWER_ANGLED_TOP': 'png_3d_viewer_angled_top', 'PNG_3D_VIEWER_ANGLED_BOTTOM': 'png_3d_viewer_angled_bottom', 'STEP_OUTPUT': 'step', 'BLENDER_OUTPUT': 'blender', 'PDF_SCHEMATIC_OUTPUT': 'pdf_schematic', 'PDF_FABRICATION_OUTPUT': 'pdf_fabrication', 'PDF_ASSEMBLY_OUTPUT': 'pdf_assembly', 'ZIP_COMPRESS_FAB_OUTPUT': 'zip_compress_fab', 'HTML_KICANVAS_OUTPUT': 'html_kicanvas', 'HTML_KIRI_OUTPUT': 'html_kiri', 'MD_README_OUTPUT': 'md_readme', 'HTML_NAV_RES_OUTPUT': 'html_navigate_results'} (kibot - config_reader.py:680)
DEBUG:- Replacing @NAME@ -> html_bom (<class 'str'>) (kibot - config_reader.py:78)
DEBUG:- Replacing @COMMENT@ -> Bill of Materials in HTML format (<class 'str'>) (kibot - config_reader.py:78)
DEBUG:- Replacing @DIR@ -> Manufacturing/Assembly (<class 'str'>) (kibot - config_reader.py:78)
DEBUG:- Replacing @MPN_FIELD@ -> Manufacturer Part Number (<class 'str'>) (kibot - config_reader.py:78)
DEBUG:- Replacing @MAN_FIELD@ -> Manufacturer (<class 'str'>) (kibot - config_reader.py:78)
DEBUG:- Applying CLI definitions: {} (kibot - config_reader.py:677)
DEBUG:- Applying collected definitions: {'NAME': 'html_bom', 'COMMENT': 'Bill of Materials in HTML format', 'DIR': 'Manufacturing/Assembly', 'MPN_FIELD': 'Manufacturer Part Number', 'MAN_FIELD': 'Manufacturer', 'PROJECT_NAME': 'LE_V2', 'BOARD_NAME': 'LE_BMS_A_V2', 'COMPANY': 'Company Name', 'DESIGNER': 'Author', 'LOGO': 'Logos/dummy_logo.png', 'GIT_URL': 'https://github.com/nguyen-v/KDT_Hierarchical_KiBot', 'CHECK_ZONE_FILLS': False, 'STACKUP_TABLE_NOTE': 'external layer thicknesses are specified after plating', 'GROUP_ROUND_SLOTS': True, 'GROUP_PTH_NPTH': 'no', 'GROUP_PTH_NPTH_DRL': False, 'PLOT_REFS': True, 'COLOR_THEME': 'Altium_Theme', 'SHEET_WKS': '${KIPRJMOD}/Templates/KDT_Template_PCB_GIT_A4.kicad_wks', 'FAB_SCALING': 1, 'ASSEMBLY_SCALING': 1, 'EXCLUDE_REFS': '[MB*]', '3D_VIEWER_ROT_X': 2, '3D_VIEWER_ROT_Y': -1, '3D_VIEWER_ROT_Z': 1, '3D_VIEWER_ZOOM': -1, 'KEY_COLOR': '#00FF00', 'OUTPUT_DIR': './', 'REPORT_DIR': 'Reports', 'SCHEMATIC_DIR': 'Schematic', 'MANUFACTURING_DIR': 'Manufacturing', 'ASSEMBLY_DIR': '@MANUFACTURING_DIR@/Assembly', 'FABRICATION_DIR': '@MANUFACTURING_DIR@/Fabrication', 'GERBERS_DIR': '@FABRICATION_DIR@/Gerbers', 'FAB_DRILL_TABLES_DIR': '@FABRICATION_DIR@/Drill Tables', 'TESTING_DIR': 'Testing', 'TESTPOINTS_DIR': '@TESTING_DIR@/Testpoints', 'IMAGES_DIR': 'Images', '3D_DIR': '3D', 'RESOURCES_DIR': 'kibot_resources', 'REPORT_TEMPLATE_DIR': '@RESOURCES_DIR@/templates', 'SCRIPTS_DIR': '@RESOURCES_DIR@/scripts', 'LAYER_TITLE_PAGE': 'TitlePage', 'LAYER_DNP_TOP': 'F.DNP', 'LAYER_DNP_BOTTOM': 'B.DNP', 'LAYER_DRILL_MAP': 'DrillMap', 'LAYER_TP_LIST_TOP': 'F.TestPointList', 'LAYER_TP_LIST_BOTTOM': 'B.TestPointList', 'LAYER_ASSEMBLY_TEXT_TOP': 'F.AssemblyText', 'LAYER_ASSEMBLY_TEXT_BOTTOM': 'B.AssemblyText', 'LAYER_DNP_CROSS_TOP': 'F.DNP', 'LAYER_DNP_CROSS_BOTTOM': 'B.DNP', 'FILT_FIELD_RENAME': 'field_rename', 'FILT_TP_ONLY': 'only_testpoints', 'FILT_TP_EXCLUDE': 'exclude_testpoints', 'FILT_TP_TOP_ONLY': 'only_testpoints_top', 'FILT_TP_BOTTOM_ONLY': 'only_testpoints_bottom', 'SCH_VARIANT_OUTPUT': 'value_split', 'NETLIST_OUTPUT': 'netlist', 'GERBER_OUTPUT': 'gbr_gerbers', 'ODB_OUTPUT': 'zip_odb', 'EXCELLON_DRILL_OUTPUT': 'drl_excellon', 'PDF_DRILL_MAP_OUTPUT': 'pdf_drill_map', 'DXF_DRILL_MAP_OUTPUT': 'dxf_drill_map', 'CSV_DRILL_TABLE_OUTPUT': 'csv_drill_table', 'CSV_POS_OUTPUT': 'csv_position', 'CSV_TP_OUTPUT': 'csv_testpoints', 'CSV_TP_TOP_OUTPUT': 'csv_testpoints_top', 'CSV_TP_BOTTOM_OUTPUT': 'csv_testpoints_bottom', 'CSV_BOM_OUTPUT': 'csv_bom', 'XLSX_BOM_OUTPUT': 'xlsx_bom', 'HTML_IBOM_OUTPUT': 'html_bom_interactive', 'HTML_BOM_OUTPUT': 'html_bom', 'CSV_COMP_COUNT_OUPUT': 'csv_comp_count', 'CSV_IMPEDANCE_TABLE_OUTPUT': 'csv_impedance_table', 'TXT_FAB_NOTES_OUTPUT': 'txt_fabrication_notes', 'TXT_ASSEMBLY_NOTES_OUTPUT': 'txt_assembly_notes', 'PNG_3D_VIEWER_TOP': 'png_3d_viewer_top', 'PNG_3D_VIEWER_BOTTOM': 'png_3d_viewer_bottom', 'PNG_3D_VIEWER_ANGLED_TOP': 'png_3d_viewer_angled_top', 'PNG_3D_VIEWER_ANGLED_BOTTOM': 'png_3d_viewer_angled_bottom', 'STEP_OUTPUT': 'step', 'BLENDER_OUTPUT': 'blender', 'PDF_SCHEMATIC_OUTPUT': 'pdf_schematic', 'PDF_FABRICATION_OUTPUT': 'pdf_fabrication', 'PDF_ASSEMBLY_OUTPUT': 'pdf_assembly', 'ZIP_COMPRESS_FAB_OUTPUT': 'zip_compress_fab', 'HTML_KICANVAS_OUTPUT': 'html_kicanvas', 'HTML_KIRI_OUTPUT': 'html_kiri', 'MD_README_OUTPUT': 'md_readme', 'HTML_NAV_RES_OUTPUT': 'html_navigate_results'} (kibot - config_reader.py:680)
DEBUG:YAML after expanding definitions:
# KiBot output for generating Interactive HTML BoM
# https://kibot.readthedocs.io/en/latest/configuration/outputs/ibom.html

kibot:
  version: 1

outputs:
- name: html_bom
  comment: 'Bill of Materials in HTML format'
  type: bom
  category: 'Manufacturing/Assembly'
  dir: 'Manufacturing/Assembly'
  options:
    format: HTML
    html:
      title: 'Bill of Materials'
      datasheet_as_link: "Datasheet"
      lcsc_link: true
      logo: false
      style: modern-blue

    group_fields: ['Manufacturer Part Number', 'Value']

    columns:
      - "Row"
      - "Quantity Per PCB"
      - "References"
      - "Value"
      - "Datasheet"
      - "Footprint"
      - "Description"
      - "Manufacturer"
      - "Manufacturer Part Number"
      - "Supplier Part Number"
      # - "arrow#"
      # - "digikey#"
      # - "farnell#"
      # - "mouser#"
      # - "newark#"
      # - "rs#"
      # - "tme#"

 (kibot - config_reader.py:686)
DEBUG:Pre-parsing output options for `html_bom` (bom) (kibot - config_reader.py:169)
DEBUG:Outputs loaded from `kibot_yaml/kibot_out_html_bom.yaml`: ['html_bom'] (kibot - config_reader.py:361)
DEBUG:Found local definitions (kibot - config_reader.py:651)
DEBUG:- Local definitions: {'NAME': 'xlsx_costs_bom', 'COMMENT': 'Costs Bill of Materials in XLSX format', 'DIR': 'Manufacturing/Assembly', 'KICOST_CONFIG': '', 'FILT_PRE_TRANSFORM': 'field_rename'} (kibot - config_reader.py:661)
DEBUG:- Current definitions: {'PROJECT_NAME': 'LE_V2', 'BOARD_NAME': 'LE_BMS_A_V2', 'COMPANY': 'Company Name', 'DESIGNER': 'Author', 'LOGO': 'Logos/dummy_logo.png', 'GIT_URL': 'https://github.com/nguyen-v/KDT_Hierarchical_KiBot', 'CHECK_ZONE_FILLS': False, 'STACKUP_TABLE_NOTE': 'external layer thicknesses are specified after plating', 'MPN_FIELD': 'Manufacturer Part Number', 'MAN_FIELD': 'Manufacturer', 'GROUP_ROUND_SLOTS': True, 'GROUP_PTH_NPTH': 'no', 'GROUP_PTH_NPTH_DRL': False, 'PLOT_REFS': True, 'COLOR_THEME': 'Altium_Theme', 'SHEET_WKS': '${KIPRJMOD}/Templates/KDT_Template_PCB_GIT_A4.kicad_wks', 'FAB_SCALING': 1, 'ASSEMBLY_SCALING': 1, 'EXCLUDE_REFS': '[MB*]', '3D_VIEWER_ROT_X': 2, '3D_VIEWER_ROT_Y': -1, '3D_VIEWER_ROT_Z': 1, '3D_VIEWER_ZOOM': -1, 'KEY_COLOR': '#00FF00', 'OUTPUT_DIR': './', 'REPORT_DIR': 'Reports', 'SCHEMATIC_DIR': 'Schematic', 'MANUFACTURING_DIR': 'Manufacturing', 'ASSEMBLY_DIR': '@MANUFACTURING_DIR@/Assembly', 'FABRICATION_DIR': '@MANUFACTURING_DIR@/Fabrication', 'GERBERS_DIR': '@FABRICATION_DIR@/Gerbers', 'FAB_DRILL_TABLES_DIR': '@FABRICATION_DIR@/Drill Tables', 'TESTING_DIR': 'Testing', 'TESTPOINTS_DIR': '@TESTING_DIR@/Testpoints', 'IMAGES_DIR': 'Images', '3D_DIR': '3D', 'RESOURCES_DIR': 'kibot_resources', 'REPORT_TEMPLATE_DIR': '@RESOURCES_DIR@/templates', 'SCRIPTS_DIR': '@RESOURCES_DIR@/scripts', 'LAYER_TITLE_PAGE': 'TitlePage', 'LAYER_DNP_TOP': 'F.DNP', 'LAYER_DNP_BOTTOM': 'B.DNP', 'LAYER_DRILL_MAP': 'DrillMap', 'LAYER_TP_LIST_TOP': 'F.TestPointList', 'LAYER_TP_LIST_BOTTOM': 'B.TestPointList', 'LAYER_ASSEMBLY_TEXT_TOP': 'F.AssemblyText', 'LAYER_ASSEMBLY_TEXT_BOTTOM': 'B.AssemblyText', 'LAYER_DNP_CROSS_TOP': 'F.DNP', 'LAYER_DNP_CROSS_BOTTOM': 'B.DNP', 'FILT_FIELD_RENAME': 'field_rename', 'FILT_TP_ONLY': 'only_testpoints', 'FILT_TP_EXCLUDE': 'exclude_testpoints', 'FILT_TP_TOP_ONLY': 'only_testpoints_top', 'FILT_TP_BOTTOM_ONLY': 'only_testpoints_bottom', 'SCH_VARIANT_OUTPUT': 'value_split', 'NETLIST_OUTPUT': 'netlist', 'GERBER_OUTPUT': 'gbr_gerbers', 'ODB_OUTPUT': 'zip_odb', 'EXCELLON_DRILL_OUTPUT': 'drl_excellon', 'PDF_DRILL_MAP_OUTPUT': 'pdf_drill_map', 'DXF_DRILL_MAP_OUTPUT': 'dxf_drill_map', 'CSV_DRILL_TABLE_OUTPUT': 'csv_drill_table', 'CSV_POS_OUTPUT': 'csv_position', 'CSV_TP_OUTPUT': 'csv_testpoints', 'CSV_TP_TOP_OUTPUT': 'csv_testpoints_top', 'CSV_TP_BOTTOM_OUTPUT': 'csv_testpoints_bottom', 'CSV_BOM_OUTPUT': 'csv_bom', 'XLSX_BOM_OUTPUT': 'xlsx_bom', 'HTML_IBOM_OUTPUT': 'html_bom_interactive', 'HTML_BOM_OUTPUT': 'html_bom', 'CSV_COMP_COUNT_OUPUT': 'csv_comp_count', 'CSV_IMPEDANCE_TABLE_OUTPUT': 'csv_impedance_table', 'TXT_FAB_NOTES_OUTPUT': 'txt_fabrication_notes', 'TXT_ASSEMBLY_NOTES_OUTPUT': 'txt_assembly_notes', 'PNG_3D_VIEWER_TOP': 'png_3d_viewer_top', 'PNG_3D_VIEWER_BOTTOM': 'png_3d_viewer_bottom', 'PNG_3D_VIEWER_ANGLED_TOP': 'png_3d_viewer_angled_top', 'PNG_3D_VIEWER_ANGLED_BOTTOM': 'png_3d_viewer_angled_bottom', 'STEP_OUTPUT': 'step', 'BLENDER_OUTPUT': 'blender', 'PDF_SCHEMATIC_OUTPUT': 'pdf_schematic', 'PDF_FABRICATION_OUTPUT': 'pdf_fabrication', 'PDF_ASSEMBLY_OUTPUT': 'pdf_assembly', 'ZIP_COMPRESS_FAB_OUTPUT': 'zip_compress_fab', 'HTML_KICANVAS_OUTPUT': 'html_kicanvas', 'HTML_KIRI_OUTPUT': 'html_kiri', 'MD_README_OUTPUT': 'md_readme', 'HTML_NAV_RES_OUTPUT': 'html_navigate_results', 'NAME': 'xlsx_bom', 'COMMENT': 'Bill of Materials in XLSX format', 'DIR': 'Manufacturing/Assembly', 'FILT_PRE_TRANSFORM': 'field_rename'} (kibot - config_reader.py:662)
DEBUG:- Updated definitions: {'NAME': 'xlsx_bom', 'COMMENT': 'Bill of Materials in XLSX format', 'DIR': 'Manufacturing/Assembly', 'KICOST_CONFIG': '', 'FILT_PRE_TRANSFORM': 'field_rename', 'PROJECT_NAME': 'LE_V2', 'BOARD_NAME': 'LE_BMS_A_V2', 'COMPANY': 'Company Name', 'DESIGNER': 'Author', 'LOGO': 'Logos/dummy_logo.png', 'GIT_URL': 'https://github.com/nguyen-v/KDT_Hierarchical_KiBot', 'CHECK_ZONE_FILLS': False, 'STACKUP_TABLE_NOTE': 'external layer thicknesses are specified after plating', 'MPN_FIELD': 'Manufacturer Part Number', 'MAN_FIELD': 'Manufacturer', 'GROUP_ROUND_SLOTS': True, 'GROUP_PTH_NPTH': 'no', 'GROUP_PTH_NPTH_DRL': False, 'PLOT_REFS': True, 'COLOR_THEME': 'Altium_Theme', 'SHEET_WKS': '${KIPRJMOD}/Templates/KDT_Template_PCB_GIT_A4.kicad_wks', 'FAB_SCALING': 1, 'ASSEMBLY_SCALING': 1, 'EXCLUDE_REFS': '[MB*]', '3D_VIEWER_ROT_X': 2, '3D_VIEWER_ROT_Y': -1, '3D_VIEWER_ROT_Z': 1, '3D_VIEWER_ZOOM': -1, 'KEY_COLOR': '#00FF00', 'OUTPUT_DIR': './', 'REPORT_DIR': 'Reports', 'SCHEMATIC_DIR': 'Schematic', 'MANUFACTURING_DIR': 'Manufacturing', 'ASSEMBLY_DIR': '@MANUFACTURING_DIR@/Assembly', 'FABRICATION_DIR': '@MANUFACTURING_DIR@/Fabrication', 'GERBERS_DIR': '@FABRICATION_DIR@/Gerbers', 'FAB_DRILL_TABLES_DIR': '@FABRICATION_DIR@/Drill Tables', 'TESTING_DIR': 'Testing', 'TESTPOINTS_DIR': '@TESTING_DIR@/Testpoints', 'IMAGES_DIR': 'Images', '3D_DIR': '3D', 'RESOURCES_DIR': 'kibot_resources', 'REPORT_TEMPLATE_DIR': '@RESOURCES_DIR@/templates', 'SCRIPTS_DIR': '@RESOURCES_DIR@/scripts', 'LAYER_TITLE_PAGE': 'TitlePage', 'LAYER_DNP_TOP': 'F.DNP', 'LAYER_DNP_BOTTOM': 'B.DNP', 'LAYER_DRILL_MAP': 'DrillMap', 'LAYER_TP_LIST_TOP': 'F.TestPointList', 'LAYER_TP_LIST_BOTTOM': 'B.TestPointList', 'LAYER_ASSEMBLY_TEXT_TOP': 'F.AssemblyText', 'LAYER_ASSEMBLY_TEXT_BOTTOM': 'B.AssemblyText', 'LAYER_DNP_CROSS_TOP': 'F.DNP', 'LAYER_DNP_CROSS_BOTTOM': 'B.DNP', 'FILT_FIELD_RENAME': 'field_rename', 'FILT_TP_ONLY': 'only_testpoints', 'FILT_TP_EXCLUDE': 'exclude_testpoints', 'FILT_TP_TOP_ONLY': 'only_testpoints_top', 'FILT_TP_BOTTOM_ONLY': 'only_testpoints_bottom', 'SCH_VARIANT_OUTPUT': 'value_split', 'NETLIST_OUTPUT': 'netlist', 'GERBER_OUTPUT': 'gbr_gerbers', 'ODB_OUTPUT': 'zip_odb', 'EXCELLON_DRILL_OUTPUT': 'drl_excellon', 'PDF_DRILL_MAP_OUTPUT': 'pdf_drill_map', 'DXF_DRILL_MAP_OUTPUT': 'dxf_drill_map', 'CSV_DRILL_TABLE_OUTPUT': 'csv_drill_table', 'CSV_POS_OUTPUT': 'csv_position', 'CSV_TP_OUTPUT': 'csv_testpoints', 'CSV_TP_TOP_OUTPUT': 'csv_testpoints_top', 'CSV_TP_BOTTOM_OUTPUT': 'csv_testpoints_bottom', 'CSV_BOM_OUTPUT': 'csv_bom', 'XLSX_BOM_OUTPUT': 'xlsx_bom', 'HTML_IBOM_OUTPUT': 'html_bom_interactive', 'HTML_BOM_OUTPUT': 'html_bom', 'CSV_COMP_COUNT_OUPUT': 'csv_comp_count', 'CSV_IMPEDANCE_TABLE_OUTPUT': 'csv_impedance_table', 'TXT_FAB_NOTES_OUTPUT': 'txt_fabrication_notes', 'TXT_ASSEMBLY_NOTES_OUTPUT': 'txt_assembly_notes', 'PNG_3D_VIEWER_TOP': 'png_3d_viewer_top', 'PNG_3D_VIEWER_BOTTOM': 'png_3d_viewer_bottom', 'PNG_3D_VIEWER_ANGLED_TOP': 'png_3d_viewer_angled_top', 'PNG_3D_VIEWER_ANGLED_BOTTOM': 'png_3d_viewer_angled_bottom', 'STEP_OUTPUT': 'step', 'BLENDER_OUTPUT': 'blender', 'PDF_SCHEMATIC_OUTPUT': 'pdf_schematic', 'PDF_FABRICATION_OUTPUT': 'pdf_fabrication', 'PDF_ASSEMBLY_OUTPUT': 'pdf_assembly', 'ZIP_COMPRESS_FAB_OUTPUT': 'zip_compress_fab', 'HTML_KICANVAS_OUTPUT': 'html_kicanvas', 'HTML_KIRI_OUTPUT': 'html_kiri', 'MD_README_OUTPUT': 'md_readme', 'HTML_NAV_RES_OUTPUT': 'html_navigate_results'} (kibot - config_reader.py:665)
DEBUG:Applying preprocessor definitions (kibot - config_reader.py:670)
DEBUG:- Applying CLI definitions: {} (kibot - config_reader.py:677)
DEBUG:- Applying collected definitions: {'NAME': 'xlsx_bom', 'COMMENT': 'Bill of Materials in XLSX format', 'DIR': 'Manufacturing/Assembly', 'KICOST_CONFIG': '', 'FILT_PRE_TRANSFORM': 'field_rename', 'PROJECT_NAME': 'LE_V2', 'BOARD_NAME': 'LE_BMS_A_V2', 'COMPANY': 'Company Name', 'DESIGNER': 'Author', 'LOGO': 'Logos/dummy_logo.png', 'GIT_URL': 'https://github.com/nguyen-v/KDT_Hierarchical_KiBot', 'CHECK_ZONE_FILLS': False, 'STACKUP_TABLE_NOTE': 'external layer thicknesses are specified after plating', 'MPN_FIELD': 'Manufacturer Part Number', 'MAN_FIELD': 'Manufacturer', 'GROUP_ROUND_SLOTS': True, 'GROUP_PTH_NPTH': 'no', 'GROUP_PTH_NPTH_DRL': False, 'PLOT_REFS': True, 'COLOR_THEME': 'Altium_Theme', 'SHEET_WKS': '${KIPRJMOD}/Templates/KDT_Template_PCB_GIT_A4.kicad_wks', 'FAB_SCALING': 1, 'ASSEMBLY_SCALING': 1, 'EXCLUDE_REFS': '[MB*]', '3D_VIEWER_ROT_X': 2, '3D_VIEWER_ROT_Y': -1, '3D_VIEWER_ROT_Z': 1, '3D_VIEWER_ZOOM': -1, 'KEY_COLOR': '#00FF00', 'OUTPUT_DIR': './', 'REPORT_DIR': 'Reports', 'SCHEMATIC_DIR': 'Schematic', 'MANUFACTURING_DIR': 'Manufacturing', 'ASSEMBLY_DIR': '@MANUFACTURING_DIR@/Assembly', 'FABRICATION_DIR': '@MANUFACTURING_DIR@/Fabrication', 'GERBERS_DIR': '@FABRICATION_DIR@/Gerbers', 'FAB_DRILL_TABLES_DIR': '@FABRICATION_DIR@/Drill Tables', 'TESTING_DIR': 'Testing', 'TESTPOINTS_DIR': '@TESTING_DIR@/Testpoints', 'IMAGES_DIR': 'Images', '3D_DIR': '3D', 'RESOURCES_DIR': 'kibot_resources', 'REPORT_TEMPLATE_DIR': '@RESOURCES_DIR@/templates', 'SCRIPTS_DIR': '@RESOURCES_DIR@/scripts', 'LAYER_TITLE_PAGE': 'TitlePage', 'LAYER_DNP_TOP': 'F.DNP', 'LAYER_DNP_BOTTOM': 'B.DNP', 'LAYER_DRILL_MAP': 'DrillMap', 'LAYER_TP_LIST_TOP': 'F.TestPointList', 'LAYER_TP_LIST_BOTTOM': 'B.TestPointList', 'LAYER_ASSEMBLY_TEXT_TOP': 'F.AssemblyText', 'LAYER_ASSEMBLY_TEXT_BOTTOM': 'B.AssemblyText', 'LAYER_DNP_CROSS_TOP': 'F.DNP', 'LAYER_DNP_CROSS_BOTTOM': 'B.DNP', 'FILT_FIELD_RENAME': 'field_rename', 'FILT_TP_ONLY': 'only_testpoints', 'FILT_TP_EXCLUDE': 'exclude_testpoints', 'FILT_TP_TOP_ONLY': 'only_testpoints_top', 'FILT_TP_BOTTOM_ONLY': 'only_testpoints_bottom', 'SCH_VARIANT_OUTPUT': 'value_split', 'NETLIST_OUTPUT': 'netlist', 'GERBER_OUTPUT': 'gbr_gerbers', 'ODB_OUTPUT': 'zip_odb', 'EXCELLON_DRILL_OUTPUT': 'drl_excellon', 'PDF_DRILL_MAP_OUTPUT': 'pdf_drill_map', 'DXF_DRILL_MAP_OUTPUT': 'dxf_drill_map', 'CSV_DRILL_TABLE_OUTPUT': 'csv_drill_table', 'CSV_POS_OUTPUT': 'csv_position', 'CSV_TP_OUTPUT': 'csv_testpoints', 'CSV_TP_TOP_OUTPUT': 'csv_testpoints_top', 'CSV_TP_BOTTOM_OUTPUT': 'csv_testpoints_bottom', 'CSV_BOM_OUTPUT': 'csv_bom', 'XLSX_BOM_OUTPUT': 'xlsx_bom', 'HTML_IBOM_OUTPUT': 'html_bom_interactive', 'HTML_BOM_OUTPUT': 'html_bom', 'CSV_COMP_COUNT_OUPUT': 'csv_comp_count', 'CSV_IMPEDANCE_TABLE_OUTPUT': 'csv_impedance_table', 'TXT_FAB_NOTES_OUTPUT': 'txt_fabrication_notes', 'TXT_ASSEMBLY_NOTES_OUTPUT': 'txt_assembly_notes', 'PNG_3D_VIEWER_TOP': 'png_3d_viewer_top', 'PNG_3D_VIEWER_BOTTOM': 'png_3d_viewer_bottom', 'PNG_3D_VIEWER_ANGLED_TOP': 'png_3d_viewer_angled_top', 'PNG_3D_VIEWER_ANGLED_BOTTOM': 'png_3d_viewer_angled_bottom', 'STEP_OUTPUT': 'step', 'BLENDER_OUTPUT': 'blender', 'PDF_SCHEMATIC_OUTPUT': 'pdf_schematic', 'PDF_FABRICATION_OUTPUT': 'pdf_fabrication', 'PDF_ASSEMBLY_OUTPUT': 'pdf_assembly', 'ZIP_COMPRESS_FAB_OUTPUT': 'zip_compress_fab', 'HTML_KICANVAS_OUTPUT': 'html_kicanvas', 'HTML_KIRI_OUTPUT': 'html_kiri', 'MD_README_OUTPUT': 'md_readme', 'HTML_NAV_RES_OUTPUT': 'html_navigate_results'} (kibot - config_reader.py:680)
DEBUG:- Replacing @NAME@ -> xlsx_bom (<class 'str'>) (kibot - config_reader.py:78)
DEBUG:- Replacing @COMMENT@ -> Bill of Materials in XLSX format (<class 'str'>) (kibot - config_reader.py:78)
DEBUG:- Replacing @DIR@ -> Manufacturing/Assembly (<class 'str'>) (kibot - config_reader.py:78)
DEBUG:- Replacing @KICOST_CONFIG@ ->  (<class 'str'>) (kibot - config_reader.py:78)
DEBUG:- Replacing @FILT_PRE_TRANSFORM@ -> field_rename (<class 'str'>) (kibot - config_reader.py:78)
DEBUG:- Applying CLI definitions: {} (kibot - config_reader.py:677)
DEBUG:- Applying collected definitions: {'NAME': 'xlsx_bom', 'COMMENT': 'Bill of Materials in XLSX format', 'DIR': 'Manufacturing/Assembly', 'KICOST_CONFIG': '', 'FILT_PRE_TRANSFORM': 'field_rename', 'PROJECT_NAME': 'LE_V2', 'BOARD_NAME': 'LE_BMS_A_V2', 'COMPANY': 'Company Name', 'DESIGNER': 'Author', 'LOGO': 'Logos/dummy_logo.png', 'GIT_URL': 'https://github.com/nguyen-v/KDT_Hierarchical_KiBot', 'CHECK_ZONE_FILLS': False, 'STACKUP_TABLE_NOTE': 'external layer thicknesses are specified after plating', 'MPN_FIELD': 'Manufacturer Part Number', 'MAN_FIELD': 'Manufacturer', 'GROUP_ROUND_SLOTS': True, 'GROUP_PTH_NPTH': 'no', 'GROUP_PTH_NPTH_DRL': False, 'PLOT_REFS': True, 'COLOR_THEME': 'Altium_Theme', 'SHEET_WKS': '${KIPRJMOD}/Templates/KDT_Template_PCB_GIT_A4.kicad_wks', 'FAB_SCALING': 1, 'ASSEMBLY_SCALING': 1, 'EXCLUDE_REFS': '[MB*]', '3D_VIEWER_ROT_X': 2, '3D_VIEWER_ROT_Y': -1, '3D_VIEWER_ROT_Z': 1, '3D_VIEWER_ZOOM': -1, 'KEY_COLOR': '#00FF00', 'OUTPUT_DIR': './', 'REPORT_DIR': 'Reports', 'SCHEMATIC_DIR': 'Schematic', 'MANUFACTURING_DIR': 'Manufacturing', 'ASSEMBLY_DIR': '@MANUFACTURING_DIR@/Assembly', 'FABRICATION_DIR': '@MANUFACTURING_DIR@/Fabrication', 'GERBERS_DIR': '@FABRICATION_DIR@/Gerbers', 'FAB_DRILL_TABLES_DIR': '@FABRICATION_DIR@/Drill Tables', 'TESTING_DIR': 'Testing', 'TESTPOINTS_DIR': '@TESTING_DIR@/Testpoints', 'IMAGES_DIR': 'Images', '3D_DIR': '3D', 'RESOURCES_DIR': 'kibot_resources', 'REPORT_TEMPLATE_DIR': '@RESOURCES_DIR@/templates', 'SCRIPTS_DIR': '@RESOURCES_DIR@/scripts', 'LAYER_TITLE_PAGE': 'TitlePage', 'LAYER_DNP_TOP': 'F.DNP', 'LAYER_DNP_BOTTOM': 'B.DNP', 'LAYER_DRILL_MAP': 'DrillMap', 'LAYER_TP_LIST_TOP': 'F.TestPointList', 'LAYER_TP_LIST_BOTTOM': 'B.TestPointList', 'LAYER_ASSEMBLY_TEXT_TOP': 'F.AssemblyText', 'LAYER_ASSEMBLY_TEXT_BOTTOM': 'B.AssemblyText', 'LAYER_DNP_CROSS_TOP': 'F.DNP', 'LAYER_DNP_CROSS_BOTTOM': 'B.DNP', 'FILT_FIELD_RENAME': 'field_rename', 'FILT_TP_ONLY': 'only_testpoints', 'FILT_TP_EXCLUDE': 'exclude_testpoints', 'FILT_TP_TOP_ONLY': 'only_testpoints_top', 'FILT_TP_BOTTOM_ONLY': 'only_testpoints_bottom', 'SCH_VARIANT_OUTPUT': 'value_split', 'NETLIST_OUTPUT': 'netlist', 'GERBER_OUTPUT': 'gbr_gerbers', 'ODB_OUTPUT': 'zip_odb', 'EXCELLON_DRILL_OUTPUT': 'drl_excellon', 'PDF_DRILL_MAP_OUTPUT': 'pdf_drill_map', 'DXF_DRILL_MAP_OUTPUT': 'dxf_drill_map', 'CSV_DRILL_TABLE_OUTPUT': 'csv_drill_table', 'CSV_POS_OUTPUT': 'csv_position', 'CSV_TP_OUTPUT': 'csv_testpoints', 'CSV_TP_TOP_OUTPUT': 'csv_testpoints_top', 'CSV_TP_BOTTOM_OUTPUT': 'csv_testpoints_bottom', 'CSV_BOM_OUTPUT': 'csv_bom', 'XLSX_BOM_OUTPUT': 'xlsx_bom', 'HTML_IBOM_OUTPUT': 'html_bom_interactive', 'HTML_BOM_OUTPUT': 'html_bom', 'CSV_COMP_COUNT_OUPUT': 'csv_comp_count', 'CSV_IMPEDANCE_TABLE_OUTPUT': 'csv_impedance_table', 'TXT_FAB_NOTES_OUTPUT': 'txt_fabrication_notes', 'TXT_ASSEMBLY_NOTES_OUTPUT': 'txt_assembly_notes', 'PNG_3D_VIEWER_TOP': 'png_3d_viewer_top', 'PNG_3D_VIEWER_BOTTOM': 'png_3d_viewer_bottom', 'PNG_3D_VIEWER_ANGLED_TOP': 'png_3d_viewer_angled_top', 'PNG_3D_VIEWER_ANGLED_BOTTOM': 'png_3d_viewer_angled_bottom', 'STEP_OUTPUT': 'step', 'BLENDER_OUTPUT': 'blender', 'PDF_SCHEMATIC_OUTPUT': 'pdf_schematic', 'PDF_FABRICATION_OUTPUT': 'pdf_fabrication', 'PDF_ASSEMBLY_OUTPUT': 'pdf_assembly', 'ZIP_COMPRESS_FAB_OUTPUT': 'zip_compress_fab', 'HTML_KICANVAS_OUTPUT': 'html_kicanvas', 'HTML_KIRI_OUTPUT': 'html_kiri', 'MD_README_OUTPUT': 'md_readme', 'HTML_NAV_RES_OUTPUT': 'html_navigate_results'} (kibot - config_reader.py:680)
DEBUG:YAML after expanding definitions:
# KiBot output for generating Bill of Materials in XLSX format
# https://kibot.readthedocs.io/en/latest/configuration/outputs/bom.html

kibot:
  version: 1

outputs:
- name: xlsx_bom
  comment: 'Bill of Materials in XLSX format'
  type: bom
  category: 'Manufacturing/Assembly'
  dir: 'Manufacturing/Assembly'
  options:
    format: XLSX
    pre_transform: 
      - _value_split
      - field_rename
    count_smd_tht: true
    distributors:
        - Mouser
        - Digi-Key
        - TME
        # - Arrow
        # - Farnell
    xlsx:
      title: 'Bill of Materials'
      datasheet_as_link: 'Datasheet'
      logo: false
      style: modern-blue
      kicost: true
      kicost_config: ''
      specs: true

    columns:
      - "Row"
      - "Quantity Per PCB"
      - "References"
      - "Value"
      - "Datasheet"
      - "Footprint"
      - "Description"
      - "manf"
      - "manf#"
      - "Supplier Part Number"
      # - "arrow#"
      # - "digikey#"
      # - "farnell#"
      # - "mouser#"
      # - "newark#"
      # - "rs#"
      # - "tme#"
 (kibot - config_reader.py:686)
DEBUG:Pre-parsing output options for `xlsx_bom` (bom) (kibot - config_reader.py:169)
DEBUG:Outputs loaded from `kibot_yaml/kibot_out_xlsx_bom.yaml`: ['xlsx_bom'] (kibot - config_reader.py:361)
DEBUG:Found local definitions (kibot - config_reader.py:651)
DEBUG:- Local definitions: {'NAME': 'html_bom_interactive', 'COMMENT': 'Interactive BOM in HTML format', 'DIR': 'Manufacturing/Assembly', 'EXCLUDE_FILTER': 'exclude_testpoints', 'TITLE': '', 'MPN_FIELD': 'Manufacturer Part Number'} (kibot - config_reader.py:661)
DEBUG:- Current definitions: {'PROJECT_NAME': 'LE_V2', 'BOARD_NAME': 'LE_BMS_A_V2', 'COMPANY': 'Company Name', 'DESIGNER': 'Author', 'LOGO': 'Logos/dummy_logo.png', 'GIT_URL': 'https://github.com/nguyen-v/KDT_Hierarchical_KiBot', 'CHECK_ZONE_FILLS': False, 'STACKUP_TABLE_NOTE': 'external layer thicknesses are specified after plating', 'MPN_FIELD': 'Manufacturer Part Number', 'MAN_FIELD': 'Manufacturer', 'GROUP_ROUND_SLOTS': True, 'GROUP_PTH_NPTH': 'no', 'GROUP_PTH_NPTH_DRL': False, 'PLOT_REFS': True, 'COLOR_THEME': 'Altium_Theme', 'SHEET_WKS': '${KIPRJMOD}/Templates/KDT_Template_PCB_GIT_A4.kicad_wks', 'FAB_SCALING': 1, 'ASSEMBLY_SCALING': 1, 'EXCLUDE_REFS': '[MB*]', '3D_VIEWER_ROT_X': 2, '3D_VIEWER_ROT_Y': -1, '3D_VIEWER_ROT_Z': 1, '3D_VIEWER_ZOOM': -1, 'KEY_COLOR': '#00FF00', 'OUTPUT_DIR': './', 'REPORT_DIR': 'Reports', 'SCHEMATIC_DIR': 'Schematic', 'MANUFACTURING_DIR': 'Manufacturing', 'ASSEMBLY_DIR': '@MANUFACTURING_DIR@/Assembly', 'FABRICATION_DIR': '@MANUFACTURING_DIR@/Fabrication', 'GERBERS_DIR': '@FABRICATION_DIR@/Gerbers', 'FAB_DRILL_TABLES_DIR': '@FABRICATION_DIR@/Drill Tables', 'TESTING_DIR': 'Testing', 'TESTPOINTS_DIR': '@TESTING_DIR@/Testpoints', 'IMAGES_DIR': 'Images', '3D_DIR': '3D', 'RESOURCES_DIR': 'kibot_resources', 'REPORT_TEMPLATE_DIR': '@RESOURCES_DIR@/templates', 'SCRIPTS_DIR': '@RESOURCES_DIR@/scripts', 'LAYER_TITLE_PAGE': 'TitlePage', 'LAYER_DNP_TOP': 'F.DNP', 'LAYER_DNP_BOTTOM': 'B.DNP', 'LAYER_DRILL_MAP': 'DrillMap', 'LAYER_TP_LIST_TOP': 'F.TestPointList', 'LAYER_TP_LIST_BOTTOM': 'B.TestPointList', 'LAYER_ASSEMBLY_TEXT_TOP': 'F.AssemblyText', 'LAYER_ASSEMBLY_TEXT_BOTTOM': 'B.AssemblyText', 'LAYER_DNP_CROSS_TOP': 'F.DNP', 'LAYER_DNP_CROSS_BOTTOM': 'B.DNP', 'FILT_FIELD_RENAME': 'field_rename', 'FILT_TP_ONLY': 'only_testpoints', 'FILT_TP_EXCLUDE': 'exclude_testpoints', 'FILT_TP_TOP_ONLY': 'only_testpoints_top', 'FILT_TP_BOTTOM_ONLY': 'only_testpoints_bottom', 'SCH_VARIANT_OUTPUT': 'value_split', 'NETLIST_OUTPUT': 'netlist', 'GERBER_OUTPUT': 'gbr_gerbers', 'ODB_OUTPUT': 'zip_odb', 'EXCELLON_DRILL_OUTPUT': 'drl_excellon', 'PDF_DRILL_MAP_OUTPUT': 'pdf_drill_map', 'DXF_DRILL_MAP_OUTPUT': 'dxf_drill_map', 'CSV_DRILL_TABLE_OUTPUT': 'csv_drill_table', 'CSV_POS_OUTPUT': 'csv_position', 'CSV_TP_OUTPUT': 'csv_testpoints', 'CSV_TP_TOP_OUTPUT': 'csv_testpoints_top', 'CSV_TP_BOTTOM_OUTPUT': 'csv_testpoints_bottom', 'CSV_BOM_OUTPUT': 'csv_bom', 'XLSX_BOM_OUTPUT': 'xlsx_bom', 'HTML_IBOM_OUTPUT': 'html_bom_interactive', 'HTML_BOM_OUTPUT': 'html_bom', 'CSV_COMP_COUNT_OUPUT': 'csv_comp_count', 'CSV_IMPEDANCE_TABLE_OUTPUT': 'csv_impedance_table', 'TXT_FAB_NOTES_OUTPUT': 'txt_fabrication_notes', 'TXT_ASSEMBLY_NOTES_OUTPUT': 'txt_assembly_notes', 'PNG_3D_VIEWER_TOP': 'png_3d_viewer_top', 'PNG_3D_VIEWER_BOTTOM': 'png_3d_viewer_bottom', 'PNG_3D_VIEWER_ANGLED_TOP': 'png_3d_viewer_angled_top', 'PNG_3D_VIEWER_ANGLED_BOTTOM': 'png_3d_viewer_angled_bottom', 'STEP_OUTPUT': 'step', 'BLENDER_OUTPUT': 'blender', 'PDF_SCHEMATIC_OUTPUT': 'pdf_schematic', 'PDF_FABRICATION_OUTPUT': 'pdf_fabrication', 'PDF_ASSEMBLY_OUTPUT': 'pdf_assembly', 'ZIP_COMPRESS_FAB_OUTPUT': 'zip_compress_fab', 'HTML_KICANVAS_OUTPUT': 'html_kicanvas', 'HTML_KIRI_OUTPUT': 'html_kiri', 'MD_README_OUTPUT': 'md_readme', 'HTML_NAV_RES_OUTPUT': 'html_navigate_results', 'NAME': 'html_bom_interactive', 'COMMENT': 'Interactive BOM in HTML format', 'DIR': 'Manufacturing/Assembly', 'EXCLUDE_FILTER': 'exclude_testpoints', 'TITLE': 'LE_BMS_A_V2 Assembly'} (kibot - config_reader.py:662)
DEBUG:- Updated definitions: {'NAME': 'html_bom_interactive', 'COMMENT': 'Interactive BOM in HTML format', 'DIR': 'Manufacturing/Assembly', 'EXCLUDE_FILTER': 'exclude_testpoints', 'TITLE': 'LE_BMS_A_V2 Assembly', 'MPN_FIELD': 'Manufacturer Part Number', 'PROJECT_NAME': 'LE_V2', 'BOARD_NAME': 'LE_BMS_A_V2', 'COMPANY': 'Company Name', 'DESIGNER': 'Author', 'LOGO': 'Logos/dummy_logo.png', 'GIT_URL': 'https://github.com/nguyen-v/KDT_Hierarchical_KiBot', 'CHECK_ZONE_FILLS': False, 'STACKUP_TABLE_NOTE': 'external layer thicknesses are specified after plating', 'MAN_FIELD': 'Manufacturer', 'GROUP_ROUND_SLOTS': True, 'GROUP_PTH_NPTH': 'no', 'GROUP_PTH_NPTH_DRL': False, 'PLOT_REFS': True, 'COLOR_THEME': 'Altium_Theme', 'SHEET_WKS': '${KIPRJMOD}/Templates/KDT_Template_PCB_GIT_A4.kicad_wks', 'FAB_SCALING': 1, 'ASSEMBLY_SCALING': 1, 'EXCLUDE_REFS': '[MB*]', '3D_VIEWER_ROT_X': 2, '3D_VIEWER_ROT_Y': -1, '3D_VIEWER_ROT_Z': 1, '3D_VIEWER_ZOOM': -1, 'KEY_COLOR': '#00FF00', 'OUTPUT_DIR': './', 'REPORT_DIR': 'Reports', 'SCHEMATIC_DIR': 'Schematic', 'MANUFACTURING_DIR': 'Manufacturing', 'ASSEMBLY_DIR': '@MANUFACTURING_DIR@/Assembly', 'FABRICATION_DIR': '@MANUFACTURING_DIR@/Fabrication', 'GERBERS_DIR': '@FABRICATION_DIR@/Gerbers', 'FAB_DRILL_TABLES_DIR': '@FABRICATION_DIR@/Drill Tables', 'TESTING_DIR': 'Testing', 'TESTPOINTS_DIR': '@TESTING_DIR@/Testpoints', 'IMAGES_DIR': 'Images', '3D_DIR': '3D', 'RESOURCES_DIR': 'kibot_resources', 'REPORT_TEMPLATE_DIR': '@RESOURCES_DIR@/templates', 'SCRIPTS_DIR': '@RESOURCES_DIR@/scripts', 'LAYER_TITLE_PAGE': 'TitlePage', 'LAYER_DNP_TOP': 'F.DNP', 'LAYER_DNP_BOTTOM': 'B.DNP', 'LAYER_DRILL_MAP': 'DrillMap', 'LAYER_TP_LIST_TOP': 'F.TestPointList', 'LAYER_TP_LIST_BOTTOM': 'B.TestPointList', 'LAYER_ASSEMBLY_TEXT_TOP': 'F.AssemblyText', 'LAYER_ASSEMBLY_TEXT_BOTTOM': 'B.AssemblyText', 'LAYER_DNP_CROSS_TOP': 'F.DNP', 'LAYER_DNP_CROSS_BOTTOM': 'B.DNP', 'FILT_FIELD_RENAME': 'field_rename', 'FILT_TP_ONLY': 'only_testpoints', 'FILT_TP_EXCLUDE': 'exclude_testpoints', 'FILT_TP_TOP_ONLY': 'only_testpoints_top', 'FILT_TP_BOTTOM_ONLY': 'only_testpoints_bottom', 'SCH_VARIANT_OUTPUT': 'value_split', 'NETLIST_OUTPUT': 'netlist', 'GERBER_OUTPUT': 'gbr_gerbers', 'ODB_OUTPUT': 'zip_odb', 'EXCELLON_DRILL_OUTPUT': 'drl_excellon', 'PDF_DRILL_MAP_OUTPUT': 'pdf_drill_map', 'DXF_DRILL_MAP_OUTPUT': 'dxf_drill_map', 'CSV_DRILL_TABLE_OUTPUT': 'csv_drill_table', 'CSV_POS_OUTPUT': 'csv_position', 'CSV_TP_OUTPUT': 'csv_testpoints', 'CSV_TP_TOP_OUTPUT': 'csv_testpoints_top', 'CSV_TP_BOTTOM_OUTPUT': 'csv_testpoints_bottom', 'CSV_BOM_OUTPUT': 'csv_bom', 'XLSX_BOM_OUTPUT': 'xlsx_bom', 'HTML_IBOM_OUTPUT': 'html_bom_interactive', 'HTML_BOM_OUTPUT': 'html_bom', 'CSV_COMP_COUNT_OUPUT': 'csv_comp_count', 'CSV_IMPEDANCE_TABLE_OUTPUT': 'csv_impedance_table', 'TXT_FAB_NOTES_OUTPUT': 'txt_fabrication_notes', 'TXT_ASSEMBLY_NOTES_OUTPUT': 'txt_assembly_notes', 'PNG_3D_VIEWER_TOP': 'png_3d_viewer_top', 'PNG_3D_VIEWER_BOTTOM': 'png_3d_viewer_bottom', 'PNG_3D_VIEWER_ANGLED_TOP': 'png_3d_viewer_angled_top', 'PNG_3D_VIEWER_ANGLED_BOTTOM': 'png_3d_viewer_angled_bottom', 'STEP_OUTPUT': 'step', 'BLENDER_OUTPUT': 'blender', 'PDF_SCHEMATIC_OUTPUT': 'pdf_schematic', 'PDF_FABRICATION_OUTPUT': 'pdf_fabrication', 'PDF_ASSEMBLY_OUTPUT': 'pdf_assembly', 'ZIP_COMPRESS_FAB_OUTPUT': 'zip_compress_fab', 'HTML_KICANVAS_OUTPUT': 'html_kicanvas', 'HTML_KIRI_OUTPUT': 'html_kiri', 'MD_README_OUTPUT': 'md_readme', 'HTML_NAV_RES_OUTPUT': 'html_navigate_results'} (kibot - config_reader.py:665)
DEBUG:Applying preprocessor definitions (kibot - config_reader.py:670)
DEBUG:- Applying CLI definitions: {} (kibot - config_reader.py:677)
DEBUG:- Applying collected definitions: {'NAME': 'html_bom_interactive', 'COMMENT': 'Interactive BOM in HTML format', 'DIR': 'Manufacturing/Assembly', 'EXCLUDE_FILTER': 'exclude_testpoints', 'TITLE': 'LE_BMS_A_V2 Assembly', 'MPN_FIELD': 'Manufacturer Part Number', 'PROJECT_NAME': 'LE_V2', 'BOARD_NAME': 'LE_BMS_A_V2', 'COMPANY': 'Company Name', 'DESIGNER': 'Author', 'LOGO': 'Logos/dummy_logo.png', 'GIT_URL': 'https://github.com/nguyen-v/KDT_Hierarchical_KiBot', 'CHECK_ZONE_FILLS': False, 'STACKUP_TABLE_NOTE': 'external layer thicknesses are specified after plating', 'MAN_FIELD': 'Manufacturer', 'GROUP_ROUND_SLOTS': True, 'GROUP_PTH_NPTH': 'no', 'GROUP_PTH_NPTH_DRL': False, 'PLOT_REFS': True, 'COLOR_THEME': 'Altium_Theme', 'SHEET_WKS': '${KIPRJMOD}/Templates/KDT_Template_PCB_GIT_A4.kicad_wks', 'FAB_SCALING': 1, 'ASSEMBLY_SCALING': 1, 'EXCLUDE_REFS': '[MB*]', '3D_VIEWER_ROT_X': 2, '3D_VIEWER_ROT_Y': -1, '3D_VIEWER_ROT_Z': 1, '3D_VIEWER_ZOOM': -1, 'KEY_COLOR': '#00FF00', 'OUTPUT_DIR': './', 'REPORT_DIR': 'Reports', 'SCHEMATIC_DIR': 'Schematic', 'MANUFACTURING_DIR': 'Manufacturing', 'ASSEMBLY_DIR': '@MANUFACTURING_DIR@/Assembly', 'FABRICATION_DIR': '@MANUFACTURING_DIR@/Fabrication', 'GERBERS_DIR': '@FABRICATION_DIR@/Gerbers', 'FAB_DRILL_TABLES_DIR': '@FABRICATION_DIR@/Drill Tables', 'TESTING_DIR': 'Testing', 'TESTPOINTS_DIR': '@TESTING_DIR@/Testpoints', 'IMAGES_DIR': 'Images', '3D_DIR': '3D', 'RESOURCES_DIR': 'kibot_resources', 'REPORT_TEMPLATE_DIR': '@RESOURCES_DIR@/templates', 'SCRIPTS_DIR': '@RESOURCES_DIR@/scripts', 'LAYER_TITLE_PAGE': 'TitlePage', 'LAYER_DNP_TOP': 'F.DNP', 'LAYER_DNP_BOTTOM': 'B.DNP', 'LAYER_DRILL_MAP': 'DrillMap', 'LAYER_TP_LIST_TOP': 'F.TestPointList', 'LAYER_TP_LIST_BOTTOM': 'B.TestPointList', 'LAYER_ASSEMBLY_TEXT_TOP': 'F.AssemblyText', 'LAYER_ASSEMBLY_TEXT_BOTTOM': 'B.AssemblyText', 'LAYER_DNP_CROSS_TOP': 'F.DNP', 'LAYER_DNP_CROSS_BOTTOM': 'B.DNP', 'FILT_FIELD_RENAME': 'field_rename', 'FILT_TP_ONLY': 'only_testpoints', 'FILT_TP_EXCLUDE': 'exclude_testpoints', 'FILT_TP_TOP_ONLY': 'only_testpoints_top', 'FILT_TP_BOTTOM_ONLY': 'only_testpoints_bottom', 'SCH_VARIANT_OUTPUT': 'value_split', 'NETLIST_OUTPUT': 'netlist', 'GERBER_OUTPUT': 'gbr_gerbers', 'ODB_OUTPUT': 'zip_odb', 'EXCELLON_DRILL_OUTPUT': 'drl_excellon', 'PDF_DRILL_MAP_OUTPUT': 'pdf_drill_map', 'DXF_DRILL_MAP_OUTPUT': 'dxf_drill_map', 'CSV_DRILL_TABLE_OUTPUT': 'csv_drill_table', 'CSV_POS_OUTPUT': 'csv_position', 'CSV_TP_OUTPUT': 'csv_testpoints', 'CSV_TP_TOP_OUTPUT': 'csv_testpoints_top', 'CSV_TP_BOTTOM_OUTPUT': 'csv_testpoints_bottom', 'CSV_BOM_OUTPUT': 'csv_bom', 'XLSX_BOM_OUTPUT': 'xlsx_bom', 'HTML_IBOM_OUTPUT': 'html_bom_interactive', 'HTML_BOM_OUTPUT': 'html_bom', 'CSV_COMP_COUNT_OUPUT': 'csv_comp_count', 'CSV_IMPEDANCE_TABLE_OUTPUT': 'csv_impedance_table', 'TXT_FAB_NOTES_OUTPUT': 'txt_fabrication_notes', 'TXT_ASSEMBLY_NOTES_OUTPUT': 'txt_assembly_notes', 'PNG_3D_VIEWER_TOP': 'png_3d_viewer_top', 'PNG_3D_VIEWER_BOTTOM': 'png_3d_viewer_bottom', 'PNG_3D_VIEWER_ANGLED_TOP': 'png_3d_viewer_angled_top', 'PNG_3D_VIEWER_ANGLED_BOTTOM': 'png_3d_viewer_angled_bottom', 'STEP_OUTPUT': 'step', 'BLENDER_OUTPUT': 'blender', 'PDF_SCHEMATIC_OUTPUT': 'pdf_schematic', 'PDF_FABRICATION_OUTPUT': 'pdf_fabrication', 'PDF_ASSEMBLY_OUTPUT': 'pdf_assembly', 'ZIP_COMPRESS_FAB_OUTPUT': 'zip_compress_fab', 'HTML_KICANVAS_OUTPUT': 'html_kicanvas', 'HTML_KIRI_OUTPUT': 'html_kiri', 'MD_README_OUTPUT': 'md_readme', 'HTML_NAV_RES_OUTPUT': 'html_navigate_results'} (kibot - config_reader.py:680)
DEBUG:- Replacing @NAME@ -> html_bom_interactive (<class 'str'>) (kibot - config_reader.py:78)
DEBUG:- Replacing @COMMENT@ -> Interactive BOM in HTML format (<class 'str'>) (kibot - config_reader.py:78)
DEBUG:- Replacing @DIR@ -> Manufacturing/Assembly (<class 'str'>) (kibot - config_reader.py:78)
DEBUG:- Replacing @EXCLUDE_FILTER@ -> exclude_testpoints (<class 'str'>) (kibot - config_reader.py:78)
DEBUG:- Replacing @TITLE@ -> LE_BMS_A_V2 Assembly (<class 'str'>) (kibot - config_reader.py:78)
DEBUG:- Replacing @MPN_FIELD@ -> Manufacturer Part Number (<class 'str'>) (kibot - config_reader.py:78)
DEBUG:- Applying CLI definitions: {} (kibot - config_reader.py:677)
DEBUG:- Applying collected definitions: {'NAME': 'html_bom_interactive', 'COMMENT': 'Interactive BOM in HTML format', 'DIR': 'Manufacturing/Assembly', 'EXCLUDE_FILTER': 'exclude_testpoints', 'TITLE': 'LE_BMS_A_V2 Assembly', 'MPN_FIELD': 'Manufacturer Part Number', 'PROJECT_NAME': 'LE_V2', 'BOARD_NAME': 'LE_BMS_A_V2', 'COMPANY': 'Company Name', 'DESIGNER': 'Author', 'LOGO': 'Logos/dummy_logo.png', 'GIT_URL': 'https://github.com/nguyen-v/KDT_Hierarchical_KiBot', 'CHECK_ZONE_FILLS': False, 'STACKUP_TABLE_NOTE': 'external layer thicknesses are specified after plating', 'MAN_FIELD': 'Manufacturer', 'GROUP_ROUND_SLOTS': True, 'GROUP_PTH_NPTH': 'no', 'GROUP_PTH_NPTH_DRL': False, 'PLOT_REFS': True, 'COLOR_THEME': 'Altium_Theme', 'SHEET_WKS': '${KIPRJMOD}/Templates/KDT_Template_PCB_GIT_A4.kicad_wks', 'FAB_SCALING': 1, 'ASSEMBLY_SCALING': 1, 'EXCLUDE_REFS': '[MB*]', '3D_VIEWER_ROT_X': 2, '3D_VIEWER_ROT_Y': -1, '3D_VIEWER_ROT_Z': 1, '3D_VIEWER_ZOOM': -1, 'KEY_COLOR': '#00FF00', 'OUTPUT_DIR': './', 'REPORT_DIR': 'Reports', 'SCHEMATIC_DIR': 'Schematic', 'MANUFACTURING_DIR': 'Manufacturing', 'ASSEMBLY_DIR': '@MANUFACTURING_DIR@/Assembly', 'FABRICATION_DIR': '@MANUFACTURING_DIR@/Fabrication', 'GERBERS_DIR': '@FABRICATION_DIR@/Gerbers', 'FAB_DRILL_TABLES_DIR': '@FABRICATION_DIR@/Drill Tables', 'TESTING_DIR': 'Testing', 'TESTPOINTS_DIR': '@TESTING_DIR@/Testpoints', 'IMAGES_DIR': 'Images', '3D_DIR': '3D', 'RESOURCES_DIR': 'kibot_resources', 'REPORT_TEMPLATE_DIR': '@RESOURCES_DIR@/templates', 'SCRIPTS_DIR': '@RESOURCES_DIR@/scripts', 'LAYER_TITLE_PAGE': 'TitlePage', 'LAYER_DNP_TOP': 'F.DNP', 'LAYER_DNP_BOTTOM': 'B.DNP', 'LAYER_DRILL_MAP': 'DrillMap', 'LAYER_TP_LIST_TOP': 'F.TestPointList', 'LAYER_TP_LIST_BOTTOM': 'B.TestPointList', 'LAYER_ASSEMBLY_TEXT_TOP': 'F.AssemblyText', 'LAYER_ASSEMBLY_TEXT_BOTTOM': 'B.AssemblyText', 'LAYER_DNP_CROSS_TOP': 'F.DNP', 'LAYER_DNP_CROSS_BOTTOM': 'B.DNP', 'FILT_FIELD_RENAME': 'field_rename', 'FILT_TP_ONLY': 'only_testpoints', 'FILT_TP_EXCLUDE': 'exclude_testpoints', 'FILT_TP_TOP_ONLY': 'only_testpoints_top', 'FILT_TP_BOTTOM_ONLY': 'only_testpoints_bottom', 'SCH_VARIANT_OUTPUT': 'value_split', 'NETLIST_OUTPUT': 'netlist', 'GERBER_OUTPUT': 'gbr_gerbers', 'ODB_OUTPUT': 'zip_odb', 'EXCELLON_DRILL_OUTPUT': 'drl_excellon', 'PDF_DRILL_MAP_OUTPUT': 'pdf_drill_map', 'DXF_DRILL_MAP_OUTPUT': 'dxf_drill_map', 'CSV_DRILL_TABLE_OUTPUT': 'csv_drill_table', 'CSV_POS_OUTPUT': 'csv_position', 'CSV_TP_OUTPUT': 'csv_testpoints', 'CSV_TP_TOP_OUTPUT': 'csv_testpoints_top', 'CSV_TP_BOTTOM_OUTPUT': 'csv_testpoints_bottom', 'CSV_BOM_OUTPUT': 'csv_bom', 'XLSX_BOM_OUTPUT': 'xlsx_bom', 'HTML_IBOM_OUTPUT': 'html_bom_interactive', 'HTML_BOM_OUTPUT': 'html_bom', 'CSV_COMP_COUNT_OUPUT': 'csv_comp_count', 'CSV_IMPEDANCE_TABLE_OUTPUT': 'csv_impedance_table', 'TXT_FAB_NOTES_OUTPUT': 'txt_fabrication_notes', 'TXT_ASSEMBLY_NOTES_OUTPUT': 'txt_assembly_notes', 'PNG_3D_VIEWER_TOP': 'png_3d_viewer_top', 'PNG_3D_VIEWER_BOTTOM': 'png_3d_viewer_bottom', 'PNG_3D_VIEWER_ANGLED_TOP': 'png_3d_viewer_angled_top', 'PNG_3D_VIEWER_ANGLED_BOTTOM': 'png_3d_viewer_angled_bottom', 'STEP_OUTPUT': 'step', 'BLENDER_OUTPUT': 'blender', 'PDF_SCHEMATIC_OUTPUT': 'pdf_schematic', 'PDF_FABRICATION_OUTPUT': 'pdf_fabrication', 'PDF_ASSEMBLY_OUTPUT': 'pdf_assembly', 'ZIP_COMPRESS_FAB_OUTPUT': 'zip_compress_fab', 'HTML_KICANVAS_OUTPUT': 'html_kicanvas', 'HTML_KIRI_OUTPUT': 'html_kiri', 'MD_README_OUTPUT': 'md_readme', 'HTML_NAV_RES_OUTPUT': 'html_navigate_results'} (kibot - config_reader.py:680)
DEBUG:YAML after expanding definitions:
# KiBot output for generating Interactive HTML BoM
# https://kibot.readthedocs.io/en/latest/configuration/outputs/ibom.html

kibot:
  version: 1

outputs:
- name: html_bom_interactive
  comment: 'Interactive BOM in HTML format'
  type: ibom
  dir: 'Manufacturing/Assembly'
  category: 'Manufacturing/Assembly'
  options:
    # extra_data_file: '%F.net'
    dark_mode: true
    show_fields: 'Value,Footprint,Manufacturer Part Number'
    group_fields: 'Value,Manufacturer Part Number'
    show_fabrication: true
    highlight_pin1: "selected"
    exclude_filter: 'exclude_testpoints'
    hide_excluded: true
    forced_name: 'LE_BMS_A_V2 Assembly'
    mark_when_checked: 'Placed'

 (kibot - config_reader.py:686)
DEBUG:Pre-parsing output options for `html_bom_interactive` (ibom) (kibot - config_reader.py:169)
DEBUG:Outputs loaded from `kibot_yaml/kibot_out_html_ibom.yaml`: ['html_bom_interactive'] (kibot - config_reader.py:361)
DEBUG:Found local definitions (kibot - config_reader.py:651)
DEBUG:- Local definitions: {'NAME': 'csv_report', 'COMMENT': 'Report in CSV format', 'DIR': 'Manufacturing', 'OUTPUT_ID': '', 'TEMPLATE': 'total_components'} (kibot - config_reader.py:661)
DEBUG:- Current definitions: {'PROJECT_NAME': 'LE_V2', 'BOARD_NAME': 'LE_BMS_A_V2', 'COMPANY': 'Company Name', 'DESIGNER': 'Author', 'LOGO': 'Logos/dummy_logo.png', 'GIT_URL': 'https://github.com/nguyen-v/KDT_Hierarchical_KiBot', 'CHECK_ZONE_FILLS': False, 'STACKUP_TABLE_NOTE': 'external layer thicknesses are specified after plating', 'MPN_FIELD': 'Manufacturer Part Number', 'MAN_FIELD': 'Manufacturer', 'GROUP_ROUND_SLOTS': True, 'GROUP_PTH_NPTH': 'no', 'GROUP_PTH_NPTH_DRL': False, 'PLOT_REFS': True, 'COLOR_THEME': 'Altium_Theme', 'SHEET_WKS': '${KIPRJMOD}/Templates/KDT_Template_PCB_GIT_A4.kicad_wks', 'FAB_SCALING': 1, 'ASSEMBLY_SCALING': 1, 'EXCLUDE_REFS': '[MB*]', '3D_VIEWER_ROT_X': 2, '3D_VIEWER_ROT_Y': -1, '3D_VIEWER_ROT_Z': 1, '3D_VIEWER_ZOOM': -1, 'KEY_COLOR': '#00FF00', 'OUTPUT_DIR': './', 'REPORT_DIR': 'Reports', 'SCHEMATIC_DIR': 'Schematic', 'MANUFACTURING_DIR': 'Manufacturing', 'ASSEMBLY_DIR': '@MANUFACTURING_DIR@/Assembly', 'FABRICATION_DIR': '@MANUFACTURING_DIR@/Fabrication', 'GERBERS_DIR': '@FABRICATION_DIR@/Gerbers', 'FAB_DRILL_TABLES_DIR': '@FABRICATION_DIR@/Drill Tables', 'TESTING_DIR': 'Testing', 'TESTPOINTS_DIR': '@TESTING_DIR@/Testpoints', 'IMAGES_DIR': 'Images', '3D_DIR': '3D', 'RESOURCES_DIR': 'kibot_resources', 'REPORT_TEMPLATE_DIR': '@RESOURCES_DIR@/templates', 'SCRIPTS_DIR': '@RESOURCES_DIR@/scripts', 'LAYER_TITLE_PAGE': 'TitlePage', 'LAYER_DNP_TOP': 'F.DNP', 'LAYER_DNP_BOTTOM': 'B.DNP', 'LAYER_DRILL_MAP': 'DrillMap', 'LAYER_TP_LIST_TOP': 'F.TestPointList', 'LAYER_TP_LIST_BOTTOM': 'B.TestPointList', 'LAYER_ASSEMBLY_TEXT_TOP': 'F.AssemblyText', 'LAYER_ASSEMBLY_TEXT_BOTTOM': 'B.AssemblyText', 'LAYER_DNP_CROSS_TOP': 'F.DNP', 'LAYER_DNP_CROSS_BOTTOM': 'B.DNP', 'FILT_FIELD_RENAME': 'field_rename', 'FILT_TP_ONLY': 'only_testpoints', 'FILT_TP_EXCLUDE': 'exclude_testpoints', 'FILT_TP_TOP_ONLY': 'only_testpoints_top', 'FILT_TP_BOTTOM_ONLY': 'only_testpoints_bottom', 'SCH_VARIANT_OUTPUT': 'value_split', 'NETLIST_OUTPUT': 'netlist', 'GERBER_OUTPUT': 'gbr_gerbers', 'ODB_OUTPUT': 'zip_odb', 'EXCELLON_DRILL_OUTPUT': 'drl_excellon', 'PDF_DRILL_MAP_OUTPUT': 'pdf_drill_map', 'DXF_DRILL_MAP_OUTPUT': 'dxf_drill_map', 'CSV_DRILL_TABLE_OUTPUT': 'csv_drill_table', 'CSV_POS_OUTPUT': 'csv_position', 'CSV_TP_OUTPUT': 'csv_testpoints', 'CSV_TP_TOP_OUTPUT': 'csv_testpoints_top', 'CSV_TP_BOTTOM_OUTPUT': 'csv_testpoints_bottom', 'CSV_BOM_OUTPUT': 'csv_bom', 'XLSX_BOM_OUTPUT': 'xlsx_bom', 'HTML_IBOM_OUTPUT': 'html_bom_interactive', 'HTML_BOM_OUTPUT': 'html_bom', 'CSV_COMP_COUNT_OUPUT': 'csv_comp_count', 'CSV_IMPEDANCE_TABLE_OUTPUT': 'csv_impedance_table', 'TXT_FAB_NOTES_OUTPUT': 'txt_fabrication_notes', 'TXT_ASSEMBLY_NOTES_OUTPUT': 'txt_assembly_notes', 'PNG_3D_VIEWER_TOP': 'png_3d_viewer_top', 'PNG_3D_VIEWER_BOTTOM': 'png_3d_viewer_bottom', 'PNG_3D_VIEWER_ANGLED_TOP': 'png_3d_viewer_angled_top', 'PNG_3D_VIEWER_ANGLED_BOTTOM': 'png_3d_viewer_angled_bottom', 'STEP_OUTPUT': 'step', 'BLENDER_OUTPUT': 'blender', 'PDF_SCHEMATIC_OUTPUT': 'pdf_schematic', 'PDF_FABRICATION_OUTPUT': 'pdf_fabrication', 'PDF_ASSEMBLY_OUTPUT': 'pdf_assembly', 'ZIP_COMPRESS_FAB_OUTPUT': 'zip_compress_fab', 'HTML_KICANVAS_OUTPUT': 'html_kicanvas', 'HTML_KIRI_OUTPUT': 'html_kiri', 'MD_README_OUTPUT': 'md_readme', 'HTML_NAV_RES_OUTPUT': 'html_navigate_results', 'NAME': 'csv_comp_count', 'COMMENT': 'Component report (count) in CSV format', 'DIR': 'Manufacturing/Assembly', 'OUTPUT_ID': 'components_count', 'TEMPLATE': 'total_components'} (kibot - config_reader.py:662)
DEBUG:- Updated definitions: {'NAME': 'csv_comp_count', 'COMMENT': 'Component report (count) in CSV format', 'DIR': 'Manufacturing/Assembly', 'OUTPUT_ID': 'components_count', 'TEMPLATE': 'total_components', 'PROJECT_NAME': 'LE_V2', 'BOARD_NAME': 'LE_BMS_A_V2', 'COMPANY': 'Company Name', 'DESIGNER': 'Author', 'LOGO': 'Logos/dummy_logo.png', 'GIT_URL': 'https://github.com/nguyen-v/KDT_Hierarchical_KiBot', 'CHECK_ZONE_FILLS': False, 'STACKUP_TABLE_NOTE': 'external layer thicknesses are specified after plating', 'MPN_FIELD': 'Manufacturer Part Number', 'MAN_FIELD': 'Manufacturer', 'GROUP_ROUND_SLOTS': True, 'GROUP_PTH_NPTH': 'no', 'GROUP_PTH_NPTH_DRL': False, 'PLOT_REFS': True, 'COLOR_THEME': 'Altium_Theme', 'SHEET_WKS': '${KIPRJMOD}/Templates/KDT_Template_PCB_GIT_A4.kicad_wks', 'FAB_SCALING': 1, 'ASSEMBLY_SCALING': 1, 'EXCLUDE_REFS': '[MB*]', '3D_VIEWER_ROT_X': 2, '3D_VIEWER_ROT_Y': -1, '3D_VIEWER_ROT_Z': 1, '3D_VIEWER_ZOOM': -1, 'KEY_COLOR': '#00FF00', 'OUTPUT_DIR': './', 'REPORT_DIR': 'Reports', 'SCHEMATIC_DIR': 'Schematic', 'MANUFACTURING_DIR': 'Manufacturing', 'ASSEMBLY_DIR': '@MANUFACTURING_DIR@/Assembly', 'FABRICATION_DIR': '@MANUFACTURING_DIR@/Fabrication', 'GERBERS_DIR': '@FABRICATION_DIR@/Gerbers', 'FAB_DRILL_TABLES_DIR': '@FABRICATION_DIR@/Drill Tables', 'TESTING_DIR': 'Testing', 'TESTPOINTS_DIR': '@TESTING_DIR@/Testpoints', 'IMAGES_DIR': 'Images', '3D_DIR': '3D', 'RESOURCES_DIR': 'kibot_resources', 'REPORT_TEMPLATE_DIR': '@RESOURCES_DIR@/templates', 'SCRIPTS_DIR': '@RESOURCES_DIR@/scripts', 'LAYER_TITLE_PAGE': 'TitlePage', 'LAYER_DNP_TOP': 'F.DNP', 'LAYER_DNP_BOTTOM': 'B.DNP', 'LAYER_DRILL_MAP': 'DrillMap', 'LAYER_TP_LIST_TOP': 'F.TestPointList', 'LAYER_TP_LIST_BOTTOM': 'B.TestPointList', 'LAYER_ASSEMBLY_TEXT_TOP': 'F.AssemblyText', 'LAYER_ASSEMBLY_TEXT_BOTTOM': 'B.AssemblyText', 'LAYER_DNP_CROSS_TOP': 'F.DNP', 'LAYER_DNP_CROSS_BOTTOM': 'B.DNP', 'FILT_FIELD_RENAME': 'field_rename', 'FILT_TP_ONLY': 'only_testpoints', 'FILT_TP_EXCLUDE': 'exclude_testpoints', 'FILT_TP_TOP_ONLY': 'only_testpoints_top', 'FILT_TP_BOTTOM_ONLY': 'only_testpoints_bottom', 'SCH_VARIANT_OUTPUT': 'value_split', 'NETLIST_OUTPUT': 'netlist', 'GERBER_OUTPUT': 'gbr_gerbers', 'ODB_OUTPUT': 'zip_odb', 'EXCELLON_DRILL_OUTPUT': 'drl_excellon', 'PDF_DRILL_MAP_OUTPUT': 'pdf_drill_map', 'DXF_DRILL_MAP_OUTPUT': 'dxf_drill_map', 'CSV_DRILL_TABLE_OUTPUT': 'csv_drill_table', 'CSV_POS_OUTPUT': 'csv_position', 'CSV_TP_OUTPUT': 'csv_testpoints', 'CSV_TP_TOP_OUTPUT': 'csv_testpoints_top', 'CSV_TP_BOTTOM_OUTPUT': 'csv_testpoints_bottom', 'CSV_BOM_OUTPUT': 'csv_bom', 'XLSX_BOM_OUTPUT': 'xlsx_bom', 'HTML_IBOM_OUTPUT': 'html_bom_interactive', 'HTML_BOM_OUTPUT': 'html_bom', 'CSV_COMP_COUNT_OUPUT': 'csv_comp_count', 'CSV_IMPEDANCE_TABLE_OUTPUT': 'csv_impedance_table', 'TXT_FAB_NOTES_OUTPUT': 'txt_fabrication_notes', 'TXT_ASSEMBLY_NOTES_OUTPUT': 'txt_assembly_notes', 'PNG_3D_VIEWER_TOP': 'png_3d_viewer_top', 'PNG_3D_VIEWER_BOTTOM': 'png_3d_viewer_bottom', 'PNG_3D_VIEWER_ANGLED_TOP': 'png_3d_viewer_angled_top', 'PNG_3D_VIEWER_ANGLED_BOTTOM': 'png_3d_viewer_angled_bottom', 'STEP_OUTPUT': 'step', 'BLENDER_OUTPUT': 'blender', 'PDF_SCHEMATIC_OUTPUT': 'pdf_schematic', 'PDF_FABRICATION_OUTPUT': 'pdf_fabrication', 'PDF_ASSEMBLY_OUTPUT': 'pdf_assembly', 'ZIP_COMPRESS_FAB_OUTPUT': 'zip_compress_fab', 'HTML_KICANVAS_OUTPUT': 'html_kicanvas', 'HTML_KIRI_OUTPUT': 'html_kiri', 'MD_README_OUTPUT': 'md_readme', 'HTML_NAV_RES_OUTPUT': 'html_navigate_results'} (kibot - config_reader.py:665)
DEBUG:Applying preprocessor definitions (kibot - config_reader.py:670)
DEBUG:- Applying CLI definitions: {} (kibot - config_reader.py:677)
DEBUG:- Applying collected definitions: {'NAME': 'csv_comp_count', 'COMMENT': 'Component report (count) in CSV format', 'DIR': 'Manufacturing/Assembly', 'OUTPUT_ID': 'components_count', 'TEMPLATE': 'total_components', 'PROJECT_NAME': 'LE_V2', 'BOARD_NAME': 'LE_BMS_A_V2', 'COMPANY': 'Company Name', 'DESIGNER': 'Author', 'LOGO': 'Logos/dummy_logo.png', 'GIT_URL': 'https://github.com/nguyen-v/KDT_Hierarchical_KiBot', 'CHECK_ZONE_FILLS': False, 'STACKUP_TABLE_NOTE': 'external layer thicknesses are specified after plating', 'MPN_FIELD': 'Manufacturer Part Number', 'MAN_FIELD': 'Manufacturer', 'GROUP_ROUND_SLOTS': True, 'GROUP_PTH_NPTH': 'no', 'GROUP_PTH_NPTH_DRL': False, 'PLOT_REFS': True, 'COLOR_THEME': 'Altium_Theme', 'SHEET_WKS': '${KIPRJMOD}/Templates/KDT_Template_PCB_GIT_A4.kicad_wks', 'FAB_SCALING': 1, 'ASSEMBLY_SCALING': 1, 'EXCLUDE_REFS': '[MB*]', '3D_VIEWER_ROT_X': 2, '3D_VIEWER_ROT_Y': -1, '3D_VIEWER_ROT_Z': 1, '3D_VIEWER_ZOOM': -1, 'KEY_COLOR': '#00FF00', 'OUTPUT_DIR': './', 'REPORT_DIR': 'Reports', 'SCHEMATIC_DIR': 'Schematic', 'MANUFACTURING_DIR': 'Manufacturing', 'ASSEMBLY_DIR': '@MANUFACTURING_DIR@/Assembly', 'FABRICATION_DIR': '@MANUFACTURING_DIR@/Fabrication', 'GERBERS_DIR': '@FABRICATION_DIR@/Gerbers', 'FAB_DRILL_TABLES_DIR': '@FABRICATION_DIR@/Drill Tables', 'TESTING_DIR': 'Testing', 'TESTPOINTS_DIR': '@TESTING_DIR@/Testpoints', 'IMAGES_DIR': 'Images', '3D_DIR': '3D', 'RESOURCES_DIR': 'kibot_resources', 'REPORT_TEMPLATE_DIR': '@RESOURCES_DIR@/templates', 'SCRIPTS_DIR': '@RESOURCES_DIR@/scripts', 'LAYER_TITLE_PAGE': 'TitlePage', 'LAYER_DNP_TOP': 'F.DNP', 'LAYER_DNP_BOTTOM': 'B.DNP', 'LAYER_DRILL_MAP': 'DrillMap', 'LAYER_TP_LIST_TOP': 'F.TestPointList', 'LAYER_TP_LIST_BOTTOM': 'B.TestPointList', 'LAYER_ASSEMBLY_TEXT_TOP': 'F.AssemblyText', 'LAYER_ASSEMBLY_TEXT_BOTTOM': 'B.AssemblyText', 'LAYER_DNP_CROSS_TOP': 'F.DNP', 'LAYER_DNP_CROSS_BOTTOM': 'B.DNP', 'FILT_FIELD_RENAME': 'field_rename', 'FILT_TP_ONLY': 'only_testpoints', 'FILT_TP_EXCLUDE': 'exclude_testpoints', 'FILT_TP_TOP_ONLY': 'only_testpoints_top', 'FILT_TP_BOTTOM_ONLY': 'only_testpoints_bottom', 'SCH_VARIANT_OUTPUT': 'value_split', 'NETLIST_OUTPUT': 'netlist', 'GERBER_OUTPUT': 'gbr_gerbers', 'ODB_OUTPUT': 'zip_odb', 'EXCELLON_DRILL_OUTPUT': 'drl_excellon', 'PDF_DRILL_MAP_OUTPUT': 'pdf_drill_map', 'DXF_DRILL_MAP_OUTPUT': 'dxf_drill_map', 'CSV_DRILL_TABLE_OUTPUT': 'csv_drill_table', 'CSV_POS_OUTPUT': 'csv_position', 'CSV_TP_OUTPUT': 'csv_testpoints', 'CSV_TP_TOP_OUTPUT': 'csv_testpoints_top', 'CSV_TP_BOTTOM_OUTPUT': 'csv_testpoints_bottom', 'CSV_BOM_OUTPUT': 'csv_bom', 'XLSX_BOM_OUTPUT': 'xlsx_bom', 'HTML_IBOM_OUTPUT': 'html_bom_interactive', 'HTML_BOM_OUTPUT': 'html_bom', 'CSV_COMP_COUNT_OUPUT': 'csv_comp_count', 'CSV_IMPEDANCE_TABLE_OUTPUT': 'csv_impedance_table', 'TXT_FAB_NOTES_OUTPUT': 'txt_fabrication_notes', 'TXT_ASSEMBLY_NOTES_OUTPUT': 'txt_assembly_notes', 'PNG_3D_VIEWER_TOP': 'png_3d_viewer_top', 'PNG_3D_VIEWER_BOTTOM': 'png_3d_viewer_bottom', 'PNG_3D_VIEWER_ANGLED_TOP': 'png_3d_viewer_angled_top', 'PNG_3D_VIEWER_ANGLED_BOTTOM': 'png_3d_viewer_angled_bottom', 'STEP_OUTPUT': 'step', 'BLENDER_OUTPUT': 'blender', 'PDF_SCHEMATIC_OUTPUT': 'pdf_schematic', 'PDF_FABRICATION_OUTPUT': 'pdf_fabrication', 'PDF_ASSEMBLY_OUTPUT': 'pdf_assembly', 'ZIP_COMPRESS_FAB_OUTPUT': 'zip_compress_fab', 'HTML_KICANVAS_OUTPUT': 'html_kicanvas', 'HTML_KIRI_OUTPUT': 'html_kiri', 'MD_README_OUTPUT': 'md_readme', 'HTML_NAV_RES_OUTPUT': 'html_navigate_results'} (kibot - config_reader.py:680)
DEBUG:- Replacing @NAME@ -> csv_comp_count (<class 'str'>) (kibot - config_reader.py:78)
DEBUG:- Replacing @COMMENT@ -> Component report (count) in CSV format (<class 'str'>) (kibot - config_reader.py:78)
DEBUG:- Replacing @DIR@ -> Manufacturing/Assembly (<class 'str'>) (kibot - config_reader.py:78)
DEBUG:- Replacing @OUTPUT_ID@ -> components_count (<class 'str'>) (kibot - config_reader.py:78)
DEBUG:- Replacing @TEMPLATE@ -> total_components (<class 'str'>) (kibot - config_reader.py:78)
DEBUG:- Applying CLI definitions: {} (kibot - config_reader.py:677)
DEBUG:- Applying collected definitions: {'NAME': 'csv_comp_count', 'COMMENT': 'Component report (count) in CSV format', 'DIR': 'Manufacturing/Assembly', 'OUTPUT_ID': 'components_count', 'TEMPLATE': 'total_components', 'PROJECT_NAME': 'LE_V2', 'BOARD_NAME': 'LE_BMS_A_V2', 'COMPANY': 'Company Name', 'DESIGNER': 'Author', 'LOGO': 'Logos/dummy_logo.png', 'GIT_URL': 'https://github.com/nguyen-v/KDT_Hierarchical_KiBot', 'CHECK_ZONE_FILLS': False, 'STACKUP_TABLE_NOTE': 'external layer thicknesses are specified after plating', 'MPN_FIELD': 'Manufacturer Part Number', 'MAN_FIELD': 'Manufacturer', 'GROUP_ROUND_SLOTS': True, 'GROUP_PTH_NPTH': 'no', 'GROUP_PTH_NPTH_DRL': False, 'PLOT_REFS': True, 'COLOR_THEME': 'Altium_Theme', 'SHEET_WKS': '${KIPRJMOD}/Templates/KDT_Template_PCB_GIT_A4.kicad_wks', 'FAB_SCALING': 1, 'ASSEMBLY_SCALING': 1, 'EXCLUDE_REFS': '[MB*]', '3D_VIEWER_ROT_X': 2, '3D_VIEWER_ROT_Y': -1, '3D_VIEWER_ROT_Z': 1, '3D_VIEWER_ZOOM': -1, 'KEY_COLOR': '#00FF00', 'OUTPUT_DIR': './', 'REPORT_DIR': 'Reports', 'SCHEMATIC_DIR': 'Schematic', 'MANUFACTURING_DIR': 'Manufacturing', 'ASSEMBLY_DIR': '@MANUFACTURING_DIR@/Assembly', 'FABRICATION_DIR': '@MANUFACTURING_DIR@/Fabrication', 'GERBERS_DIR': '@FABRICATION_DIR@/Gerbers', 'FAB_DRILL_TABLES_DIR': '@FABRICATION_DIR@/Drill Tables', 'TESTING_DIR': 'Testing', 'TESTPOINTS_DIR': '@TESTING_DIR@/Testpoints', 'IMAGES_DIR': 'Images', '3D_DIR': '3D', 'RESOURCES_DIR': 'kibot_resources', 'REPORT_TEMPLATE_DIR': '@RESOURCES_DIR@/templates', 'SCRIPTS_DIR': '@RESOURCES_DIR@/scripts', 'LAYER_TITLE_PAGE': 'TitlePage', 'LAYER_DNP_TOP': 'F.DNP', 'LAYER_DNP_BOTTOM': 'B.DNP', 'LAYER_DRILL_MAP': 'DrillMap', 'LAYER_TP_LIST_TOP': 'F.TestPointList', 'LAYER_TP_LIST_BOTTOM': 'B.TestPointList', 'LAYER_ASSEMBLY_TEXT_TOP': 'F.AssemblyText', 'LAYER_ASSEMBLY_TEXT_BOTTOM': 'B.AssemblyText', 'LAYER_DNP_CROSS_TOP': 'F.DNP', 'LAYER_DNP_CROSS_BOTTOM': 'B.DNP', 'FILT_FIELD_RENAME': 'field_rename', 'FILT_TP_ONLY': 'only_testpoints', 'FILT_TP_EXCLUDE': 'exclude_testpoints', 'FILT_TP_TOP_ONLY': 'only_testpoints_top', 'FILT_TP_BOTTOM_ONLY': 'only_testpoints_bottom', 'SCH_VARIANT_OUTPUT': 'value_split', 'NETLIST_OUTPUT': 'netlist', 'GERBER_OUTPUT': 'gbr_gerbers', 'ODB_OUTPUT': 'zip_odb', 'EXCELLON_DRILL_OUTPUT': 'drl_excellon', 'PDF_DRILL_MAP_OUTPUT': 'pdf_drill_map', 'DXF_DRILL_MAP_OUTPUT': 'dxf_drill_map', 'CSV_DRILL_TABLE_OUTPUT': 'csv_drill_table', 'CSV_POS_OUTPUT': 'csv_position', 'CSV_TP_OUTPUT': 'csv_testpoints', 'CSV_TP_TOP_OUTPUT': 'csv_testpoints_top', 'CSV_TP_BOTTOM_OUTPUT': 'csv_testpoints_bottom', 'CSV_BOM_OUTPUT': 'csv_bom', 'XLSX_BOM_OUTPUT': 'xlsx_bom', 'HTML_IBOM_OUTPUT': 'html_bom_interactive', 'HTML_BOM_OUTPUT': 'html_bom', 'CSV_COMP_COUNT_OUPUT': 'csv_comp_count', 'CSV_IMPEDANCE_TABLE_OUTPUT': 'csv_impedance_table', 'TXT_FAB_NOTES_OUTPUT': 'txt_fabrication_notes', 'TXT_ASSEMBLY_NOTES_OUTPUT': 'txt_assembly_notes', 'PNG_3D_VIEWER_TOP': 'png_3d_viewer_top', 'PNG_3D_VIEWER_BOTTOM': 'png_3d_viewer_bottom', 'PNG_3D_VIEWER_ANGLED_TOP': 'png_3d_viewer_angled_top', 'PNG_3D_VIEWER_ANGLED_BOTTOM': 'png_3d_viewer_angled_bottom', 'STEP_OUTPUT': 'step', 'BLENDER_OUTPUT': 'blender', 'PDF_SCHEMATIC_OUTPUT': 'pdf_schematic', 'PDF_FABRICATION_OUTPUT': 'pdf_fabrication', 'PDF_ASSEMBLY_OUTPUT': 'pdf_assembly', 'ZIP_COMPRESS_FAB_OUTPUT': 'zip_compress_fab', 'HTML_KICANVAS_OUTPUT': 'html_kicanvas', 'HTML_KIRI_OUTPUT': 'html_kiri', 'MD_README_OUTPUT': 'md_readme', 'HTML_NAV_RES_OUTPUT': 'html_navigate_results'} (kibot - config_reader.py:680)
DEBUG:YAML after expanding definitions:
# KiBot output for CSV Report
# https://kibot.readthedocs.io/en/latest/configuration/outputs/report.html

kibot:
  version: 1

outputs:
  - name: csv_comp_count
    comment: 'Component report (count) in CSV format'
    type: report
    category: 'Manufacturing/Assembly'
    dir: 'Manufacturing/Assembly'
    output_id: components_count
    options:
      output: '%f-%I%v.csv'
      template: total_components
      exclude_filter: '_mechanical'
      csv_remove_leading_spaces: true
 (kibot - config_reader.py:686)
DEBUG:Pre-parsing output options for `csv_comp_count` (report) (kibot - config_reader.py:169)
DEBUG:Outputs loaded from `kibot_yaml/kibot_out_csv_report.yaml`: ['csv_comp_count'] (kibot - config_reader.py:361)
DEBUG:Found local definitions (kibot - config_reader.py:651)
DEBUG:- Local definitions: {'NAME': 'csv_report', 'COMMENT': 'Report in CSV format', 'DIR': 'Manufacturing', 'OUTPUT_ID': '', 'TEMPLATE': 'total_components'} (kibot - config_reader.py:661)
DEBUG:- Current definitions: {'PROJECT_NAME': 'LE_V2', 'BOARD_NAME': 'LE_BMS_A_V2', 'COMPANY': 'Company Name', 'DESIGNER': 'Author', 'LOGO': 'Logos/dummy_logo.png', 'GIT_URL': 'https://github.com/nguyen-v/KDT_Hierarchical_KiBot', 'CHECK_ZONE_FILLS': False, 'STACKUP_TABLE_NOTE': 'external layer thicknesses are specified after plating', 'MPN_FIELD': 'Manufacturer Part Number', 'MAN_FIELD': 'Manufacturer', 'GROUP_ROUND_SLOTS': True, 'GROUP_PTH_NPTH': 'no', 'GROUP_PTH_NPTH_DRL': False, 'PLOT_REFS': True, 'COLOR_THEME': 'Altium_Theme', 'SHEET_WKS': '${KIPRJMOD}/Templates/KDT_Template_PCB_GIT_A4.kicad_wks', 'FAB_SCALING': 1, 'ASSEMBLY_SCALING': 1, 'EXCLUDE_REFS': '[MB*]', '3D_VIEWER_ROT_X': 2, '3D_VIEWER_ROT_Y': -1, '3D_VIEWER_ROT_Z': 1, '3D_VIEWER_ZOOM': -1, 'KEY_COLOR': '#00FF00', 'OUTPUT_DIR': './', 'REPORT_DIR': 'Reports', 'SCHEMATIC_DIR': 'Schematic', 'MANUFACTURING_DIR': 'Manufacturing', 'ASSEMBLY_DIR': '@MANUFACTURING_DIR@/Assembly', 'FABRICATION_DIR': '@MANUFACTURING_DIR@/Fabrication', 'GERBERS_DIR': '@FABRICATION_DIR@/Gerbers', 'FAB_DRILL_TABLES_DIR': '@FABRICATION_DIR@/Drill Tables', 'TESTING_DIR': 'Testing', 'TESTPOINTS_DIR': '@TESTING_DIR@/Testpoints', 'IMAGES_DIR': 'Images', '3D_DIR': '3D', 'RESOURCES_DIR': 'kibot_resources', 'REPORT_TEMPLATE_DIR': '@RESOURCES_DIR@/templates', 'SCRIPTS_DIR': '@RESOURCES_DIR@/scripts', 'LAYER_TITLE_PAGE': 'TitlePage', 'LAYER_DNP_TOP': 'F.DNP', 'LAYER_DNP_BOTTOM': 'B.DNP', 'LAYER_DRILL_MAP': 'DrillMap', 'LAYER_TP_LIST_TOP': 'F.TestPointList', 'LAYER_TP_LIST_BOTTOM': 'B.TestPointList', 'LAYER_ASSEMBLY_TEXT_TOP': 'F.AssemblyText', 'LAYER_ASSEMBLY_TEXT_BOTTOM': 'B.AssemblyText', 'LAYER_DNP_CROSS_TOP': 'F.DNP', 'LAYER_DNP_CROSS_BOTTOM': 'B.DNP', 'FILT_FIELD_RENAME': 'field_rename', 'FILT_TP_ONLY': 'only_testpoints', 'FILT_TP_EXCLUDE': 'exclude_testpoints', 'FILT_TP_TOP_ONLY': 'only_testpoints_top', 'FILT_TP_BOTTOM_ONLY': 'only_testpoints_bottom', 'SCH_VARIANT_OUTPUT': 'value_split', 'NETLIST_OUTPUT': 'netlist', 'GERBER_OUTPUT': 'gbr_gerbers', 'ODB_OUTPUT': 'zip_odb', 'EXCELLON_DRILL_OUTPUT': 'drl_excellon', 'PDF_DRILL_MAP_OUTPUT': 'pdf_drill_map', 'DXF_DRILL_MAP_OUTPUT': 'dxf_drill_map', 'CSV_DRILL_TABLE_OUTPUT': 'csv_drill_table', 'CSV_POS_OUTPUT': 'csv_position', 'CSV_TP_OUTPUT': 'csv_testpoints', 'CSV_TP_TOP_OUTPUT': 'csv_testpoints_top', 'CSV_TP_BOTTOM_OUTPUT': 'csv_testpoints_bottom', 'CSV_BOM_OUTPUT': 'csv_bom', 'XLSX_BOM_OUTPUT': 'xlsx_bom', 'HTML_IBOM_OUTPUT': 'html_bom_interactive', 'HTML_BOM_OUTPUT': 'html_bom', 'CSV_COMP_COUNT_OUPUT': 'csv_comp_count', 'CSV_IMPEDANCE_TABLE_OUTPUT': 'csv_impedance_table', 'TXT_FAB_NOTES_OUTPUT': 'txt_fabrication_notes', 'TXT_ASSEMBLY_NOTES_OUTPUT': 'txt_assembly_notes', 'PNG_3D_VIEWER_TOP': 'png_3d_viewer_top', 'PNG_3D_VIEWER_BOTTOM': 'png_3d_viewer_bottom', 'PNG_3D_VIEWER_ANGLED_TOP': 'png_3d_viewer_angled_top', 'PNG_3D_VIEWER_ANGLED_BOTTOM': 'png_3d_viewer_angled_bottom', 'STEP_OUTPUT': 'step', 'BLENDER_OUTPUT': 'blender', 'PDF_SCHEMATIC_OUTPUT': 'pdf_schematic', 'PDF_FABRICATION_OUTPUT': 'pdf_fabrication', 'PDF_ASSEMBLY_OUTPUT': 'pdf_assembly', 'ZIP_COMPRESS_FAB_OUTPUT': 'zip_compress_fab', 'HTML_KICANVAS_OUTPUT': 'html_kicanvas', 'HTML_KIRI_OUTPUT': 'html_kiri', 'MD_README_OUTPUT': 'md_readme', 'HTML_NAV_RES_OUTPUT': 'html_navigate_results', 'NAME': 'csv_impedance_table', 'COMMENT': 'Impedance table in CSV format', 'DIR': 'Manufacturing/Fabrication', 'OUTPUT_ID': 'impedance_table', 'TEMPLATE': 'kibot_resources/templates/impedance_table.txt'} (kibot - config_reader.py:662)
DEBUG:- Updated definitions: {'NAME': 'csv_impedance_table', 'COMMENT': 'Impedance table in CSV format', 'DIR': 'Manufacturing/Fabrication', 'OUTPUT_ID': 'impedance_table', 'TEMPLATE': 'kibot_resources/templates/impedance_table.txt', 'PROJECT_NAME': 'LE_V2', 'BOARD_NAME': 'LE_BMS_A_V2', 'COMPANY': 'Company Name', 'DESIGNER': 'Author', 'LOGO': 'Logos/dummy_logo.png', 'GIT_URL': 'https://github.com/nguyen-v/KDT_Hierarchical_KiBot', 'CHECK_ZONE_FILLS': False, 'STACKUP_TABLE_NOTE': 'external layer thicknesses are specified after plating', 'MPN_FIELD': 'Manufacturer Part Number', 'MAN_FIELD': 'Manufacturer', 'GROUP_ROUND_SLOTS': True, 'GROUP_PTH_NPTH': 'no', 'GROUP_PTH_NPTH_DRL': False, 'PLOT_REFS': True, 'COLOR_THEME': 'Altium_Theme', 'SHEET_WKS': '${KIPRJMOD}/Templates/KDT_Template_PCB_GIT_A4.kicad_wks', 'FAB_SCALING': 1, 'ASSEMBLY_SCALING': 1, 'EXCLUDE_REFS': '[MB*]', '3D_VIEWER_ROT_X': 2, '3D_VIEWER_ROT_Y': -1, '3D_VIEWER_ROT_Z': 1, '3D_VIEWER_ZOOM': -1, 'KEY_COLOR': '#00FF00', 'OUTPUT_DIR': './', 'REPORT_DIR': 'Reports', 'SCHEMATIC_DIR': 'Schematic', 'MANUFACTURING_DIR': 'Manufacturing', 'ASSEMBLY_DIR': '@MANUFACTURING_DIR@/Assembly', 'FABRICATION_DIR': '@MANUFACTURING_DIR@/Fabrication', 'GERBERS_DIR': '@FABRICATION_DIR@/Gerbers', 'FAB_DRILL_TABLES_DIR': '@FABRICATION_DIR@/Drill Tables', 'TESTING_DIR': 'Testing', 'TESTPOINTS_DIR': '@TESTING_DIR@/Testpoints', 'IMAGES_DIR': 'Images', '3D_DIR': '3D', 'RESOURCES_DIR': 'kibot_resources', 'REPORT_TEMPLATE_DIR': '@RESOURCES_DIR@/templates', 'SCRIPTS_DIR': '@RESOURCES_DIR@/scripts', 'LAYER_TITLE_PAGE': 'TitlePage', 'LAYER_DNP_TOP': 'F.DNP', 'LAYER_DNP_BOTTOM': 'B.DNP', 'LAYER_DRILL_MAP': 'DrillMap', 'LAYER_TP_LIST_TOP': 'F.TestPointList', 'LAYER_TP_LIST_BOTTOM': 'B.TestPointList', 'LAYER_ASSEMBLY_TEXT_TOP': 'F.AssemblyText', 'LAYER_ASSEMBLY_TEXT_BOTTOM': 'B.AssemblyText', 'LAYER_DNP_CROSS_TOP': 'F.DNP', 'LAYER_DNP_CROSS_BOTTOM': 'B.DNP', 'FILT_FIELD_RENAME': 'field_rename', 'FILT_TP_ONLY': 'only_testpoints', 'FILT_TP_EXCLUDE': 'exclude_testpoints', 'FILT_TP_TOP_ONLY': 'only_testpoints_top', 'FILT_TP_BOTTOM_ONLY': 'only_testpoints_bottom', 'SCH_VARIANT_OUTPUT': 'value_split', 'NETLIST_OUTPUT': 'netlist', 'GERBER_OUTPUT': 'gbr_gerbers', 'ODB_OUTPUT': 'zip_odb', 'EXCELLON_DRILL_OUTPUT': 'drl_excellon', 'PDF_DRILL_MAP_OUTPUT': 'pdf_drill_map', 'DXF_DRILL_MAP_OUTPUT': 'dxf_drill_map', 'CSV_DRILL_TABLE_OUTPUT': 'csv_drill_table', 'CSV_POS_OUTPUT': 'csv_position', 'CSV_TP_OUTPUT': 'csv_testpoints', 'CSV_TP_TOP_OUTPUT': 'csv_testpoints_top', 'CSV_TP_BOTTOM_OUTPUT': 'csv_testpoints_bottom', 'CSV_BOM_OUTPUT': 'csv_bom', 'XLSX_BOM_OUTPUT': 'xlsx_bom', 'HTML_IBOM_OUTPUT': 'html_bom_interactive', 'HTML_BOM_OUTPUT': 'html_bom', 'CSV_COMP_COUNT_OUPUT': 'csv_comp_count', 'CSV_IMPEDANCE_TABLE_OUTPUT': 'csv_impedance_table', 'TXT_FAB_NOTES_OUTPUT': 'txt_fabrication_notes', 'TXT_ASSEMBLY_NOTES_OUTPUT': 'txt_assembly_notes', 'PNG_3D_VIEWER_TOP': 'png_3d_viewer_top', 'PNG_3D_VIEWER_BOTTOM': 'png_3d_viewer_bottom', 'PNG_3D_VIEWER_ANGLED_TOP': 'png_3d_viewer_angled_top', 'PNG_3D_VIEWER_ANGLED_BOTTOM': 'png_3d_viewer_angled_bottom', 'STEP_OUTPUT': 'step', 'BLENDER_OUTPUT': 'blender', 'PDF_SCHEMATIC_OUTPUT': 'pdf_schematic', 'PDF_FABRICATION_OUTPUT': 'pdf_fabrication', 'PDF_ASSEMBLY_OUTPUT': 'pdf_assembly', 'ZIP_COMPRESS_FAB_OUTPUT': 'zip_compress_fab', 'HTML_KICANVAS_OUTPUT': 'html_kicanvas', 'HTML_KIRI_OUTPUT': 'html_kiri', 'MD_README_OUTPUT': 'md_readme', 'HTML_NAV_RES_OUTPUT': 'html_navigate_results'} (kibot - config_reader.py:665)
DEBUG:Applying preprocessor definitions (kibot - config_reader.py:670)
DEBUG:- Applying CLI definitions: {} (kibot - config_reader.py:677)
DEBUG:- Applying collected definitions: {'NAME': 'csv_impedance_table', 'COMMENT': 'Impedance table in CSV format', 'DIR': 'Manufacturing/Fabrication', 'OUTPUT_ID': 'impedance_table', 'TEMPLATE': 'kibot_resources/templates/impedance_table.txt', 'PROJECT_NAME': 'LE_V2', 'BOARD_NAME': 'LE_BMS_A_V2', 'COMPANY': 'Company Name', 'DESIGNER': 'Author', 'LOGO': 'Logos/dummy_logo.png', 'GIT_URL': 'https://github.com/nguyen-v/KDT_Hierarchical_KiBot', 'CHECK_ZONE_FILLS': False, 'STACKUP_TABLE_NOTE': 'external layer thicknesses are specified after plating', 'MPN_FIELD': 'Manufacturer Part Number', 'MAN_FIELD': 'Manufacturer', 'GROUP_ROUND_SLOTS': True, 'GROUP_PTH_NPTH': 'no', 'GROUP_PTH_NPTH_DRL': False, 'PLOT_REFS': True, 'COLOR_THEME': 'Altium_Theme', 'SHEET_WKS': '${KIPRJMOD}/Templates/KDT_Template_PCB_GIT_A4.kicad_wks', 'FAB_SCALING': 1, 'ASSEMBLY_SCALING': 1, 'EXCLUDE_REFS': '[MB*]', '3D_VIEWER_ROT_X': 2, '3D_VIEWER_ROT_Y': -1, '3D_VIEWER_ROT_Z': 1, '3D_VIEWER_ZOOM': -1, 'KEY_COLOR': '#00FF00', 'OUTPUT_DIR': './', 'REPORT_DIR': 'Reports', 'SCHEMATIC_DIR': 'Schematic', 'MANUFACTURING_DIR': 'Manufacturing', 'ASSEMBLY_DIR': '@MANUFACTURING_DIR@/Assembly', 'FABRICATION_DIR': '@MANUFACTURING_DIR@/Fabrication', 'GERBERS_DIR': '@FABRICATION_DIR@/Gerbers', 'FAB_DRILL_TABLES_DIR': '@FABRICATION_DIR@/Drill Tables', 'TESTING_DIR': 'Testing', 'TESTPOINTS_DIR': '@TESTING_DIR@/Testpoints', 'IMAGES_DIR': 'Images', '3D_DIR': '3D', 'RESOURCES_DIR': 'kibot_resources', 'REPORT_TEMPLATE_DIR': '@RESOURCES_DIR@/templates', 'SCRIPTS_DIR': '@RESOURCES_DIR@/scripts', 'LAYER_TITLE_PAGE': 'TitlePage', 'LAYER_DNP_TOP': 'F.DNP', 'LAYER_DNP_BOTTOM': 'B.DNP', 'LAYER_DRILL_MAP': 'DrillMap', 'LAYER_TP_LIST_TOP': 'F.TestPointList', 'LAYER_TP_LIST_BOTTOM': 'B.TestPointList', 'LAYER_ASSEMBLY_TEXT_TOP': 'F.AssemblyText', 'LAYER_ASSEMBLY_TEXT_BOTTOM': 'B.AssemblyText', 'LAYER_DNP_CROSS_TOP': 'F.DNP', 'LAYER_DNP_CROSS_BOTTOM': 'B.DNP', 'FILT_FIELD_RENAME': 'field_rename', 'FILT_TP_ONLY': 'only_testpoints', 'FILT_TP_EXCLUDE': 'exclude_testpoints', 'FILT_TP_TOP_ONLY': 'only_testpoints_top', 'FILT_TP_BOTTOM_ONLY': 'only_testpoints_bottom', 'SCH_VARIANT_OUTPUT': 'value_split', 'NETLIST_OUTPUT': 'netlist', 'GERBER_OUTPUT': 'gbr_gerbers', 'ODB_OUTPUT': 'zip_odb', 'EXCELLON_DRILL_OUTPUT': 'drl_excellon', 'PDF_DRILL_MAP_OUTPUT': 'pdf_drill_map', 'DXF_DRILL_MAP_OUTPUT': 'dxf_drill_map', 'CSV_DRILL_TABLE_OUTPUT': 'csv_drill_table', 'CSV_POS_OUTPUT': 'csv_position', 'CSV_TP_OUTPUT': 'csv_testpoints', 'CSV_TP_TOP_OUTPUT': 'csv_testpoints_top', 'CSV_TP_BOTTOM_OUTPUT': 'csv_testpoints_bottom', 'CSV_BOM_OUTPUT': 'csv_bom', 'XLSX_BOM_OUTPUT': 'xlsx_bom', 'HTML_IBOM_OUTPUT': 'html_bom_interactive', 'HTML_BOM_OUTPUT': 'html_bom', 'CSV_COMP_COUNT_OUPUT': 'csv_comp_count', 'CSV_IMPEDANCE_TABLE_OUTPUT': 'csv_impedance_table', 'TXT_FAB_NOTES_OUTPUT': 'txt_fabrication_notes', 'TXT_ASSEMBLY_NOTES_OUTPUT': 'txt_assembly_notes', 'PNG_3D_VIEWER_TOP': 'png_3d_viewer_top', 'PNG_3D_VIEWER_BOTTOM': 'png_3d_viewer_bottom', 'PNG_3D_VIEWER_ANGLED_TOP': 'png_3d_viewer_angled_top', 'PNG_3D_VIEWER_ANGLED_BOTTOM': 'png_3d_viewer_angled_bottom', 'STEP_OUTPUT': 'step', 'BLENDER_OUTPUT': 'blender', 'PDF_SCHEMATIC_OUTPUT': 'pdf_schematic', 'PDF_FABRICATION_OUTPUT': 'pdf_fabrication', 'PDF_ASSEMBLY_OUTPUT': 'pdf_assembly', 'ZIP_COMPRESS_FAB_OUTPUT': 'zip_compress_fab', 'HTML_KICANVAS_OUTPUT': 'html_kicanvas', 'HTML_KIRI_OUTPUT': 'html_kiri', 'MD_README_OUTPUT': 'md_readme', 'HTML_NAV_RES_OUTPUT': 'html_navigate_results'} (kibot - config_reader.py:680)
DEBUG:- Replacing @NAME@ -> csv_impedance_table (<class 'str'>) (kibot - config_reader.py:78)
DEBUG:- Replacing @COMMENT@ -> Impedance table in CSV format (<class 'str'>) (kibot - config_reader.py:78)
DEBUG:- Replacing @DIR@ -> Manufacturing/Fabrication (<class 'str'>) (kibot - config_reader.py:78)
DEBUG:- Replacing @OUTPUT_ID@ -> impedance_table (<class 'str'>) (kibot - config_reader.py:78)
DEBUG:- Replacing @TEMPLATE@ -> kibot_resources/templates/impedance_table.txt (<class 'str'>) (kibot - config_reader.py:78)
DEBUG:- Applying CLI definitions: {} (kibot - config_reader.py:677)
DEBUG:- Applying collected definitions: {'NAME': 'csv_impedance_table', 'COMMENT': 'Impedance table in CSV format', 'DIR': 'Manufacturing/Fabrication', 'OUTPUT_ID': 'impedance_table', 'TEMPLATE': 'kibot_resources/templates/impedance_table.txt', 'PROJECT_NAME': 'LE_V2', 'BOARD_NAME': 'LE_BMS_A_V2', 'COMPANY': 'Company Name', 'DESIGNER': 'Author', 'LOGO': 'Logos/dummy_logo.png', 'GIT_URL': 'https://github.com/nguyen-v/KDT_Hierarchical_KiBot', 'CHECK_ZONE_FILLS': False, 'STACKUP_TABLE_NOTE': 'external layer thicknesses are specified after plating', 'MPN_FIELD': 'Manufacturer Part Number', 'MAN_FIELD': 'Manufacturer', 'GROUP_ROUND_SLOTS': True, 'GROUP_PTH_NPTH': 'no', 'GROUP_PTH_NPTH_DRL': False, 'PLOT_REFS': True, 'COLOR_THEME': 'Altium_Theme', 'SHEET_WKS': '${KIPRJMOD}/Templates/KDT_Template_PCB_GIT_A4.kicad_wks', 'FAB_SCALING': 1, 'ASSEMBLY_SCALING': 1, 'EXCLUDE_REFS': '[MB*]', '3D_VIEWER_ROT_X': 2, '3D_VIEWER_ROT_Y': -1, '3D_VIEWER_ROT_Z': 1, '3D_VIEWER_ZOOM': -1, 'KEY_COLOR': '#00FF00', 'OUTPUT_DIR': './', 'REPORT_DIR': 'Reports', 'SCHEMATIC_DIR': 'Schematic', 'MANUFACTURING_DIR': 'Manufacturing', 'ASSEMBLY_DIR': '@MANUFACTURING_DIR@/Assembly', 'FABRICATION_DIR': '@MANUFACTURING_DIR@/Fabrication', 'GERBERS_DIR': '@FABRICATION_DIR@/Gerbers', 'FAB_DRILL_TABLES_DIR': '@FABRICATION_DIR@/Drill Tables', 'TESTING_DIR': 'Testing', 'TESTPOINTS_DIR': '@TESTING_DIR@/Testpoints', 'IMAGES_DIR': 'Images', '3D_DIR': '3D', 'RESOURCES_DIR': 'kibot_resources', 'REPORT_TEMPLATE_DIR': '@RESOURCES_DIR@/templates', 'SCRIPTS_DIR': '@RESOURCES_DIR@/scripts', 'LAYER_TITLE_PAGE': 'TitlePage', 'LAYER_DNP_TOP': 'F.DNP', 'LAYER_DNP_BOTTOM': 'B.DNP', 'LAYER_DRILL_MAP': 'DrillMap', 'LAYER_TP_LIST_TOP': 'F.TestPointList', 'LAYER_TP_LIST_BOTTOM': 'B.TestPointList', 'LAYER_ASSEMBLY_TEXT_TOP': 'F.AssemblyText', 'LAYER_ASSEMBLY_TEXT_BOTTOM': 'B.AssemblyText', 'LAYER_DNP_CROSS_TOP': 'F.DNP', 'LAYER_DNP_CROSS_BOTTOM': 'B.DNP', 'FILT_FIELD_RENAME': 'field_rename', 'FILT_TP_ONLY': 'only_testpoints', 'FILT_TP_EXCLUDE': 'exclude_testpoints', 'FILT_TP_TOP_ONLY': 'only_testpoints_top', 'FILT_TP_BOTTOM_ONLY': 'only_testpoints_bottom', 'SCH_VARIANT_OUTPUT': 'value_split', 'NETLIST_OUTPUT': 'netlist', 'GERBER_OUTPUT': 'gbr_gerbers', 'ODB_OUTPUT': 'zip_odb', 'EXCELLON_DRILL_OUTPUT': 'drl_excellon', 'PDF_DRILL_MAP_OUTPUT': 'pdf_drill_map', 'DXF_DRILL_MAP_OUTPUT': 'dxf_drill_map', 'CSV_DRILL_TABLE_OUTPUT': 'csv_drill_table', 'CSV_POS_OUTPUT': 'csv_position', 'CSV_TP_OUTPUT': 'csv_testpoints', 'CSV_TP_TOP_OUTPUT': 'csv_testpoints_top', 'CSV_TP_BOTTOM_OUTPUT': 'csv_testpoints_bottom', 'CSV_BOM_OUTPUT': 'csv_bom', 'XLSX_BOM_OUTPUT': 'xlsx_bom', 'HTML_IBOM_OUTPUT': 'html_bom_interactive', 'HTML_BOM_OUTPUT': 'html_bom', 'CSV_COMP_COUNT_OUPUT': 'csv_comp_count', 'CSV_IMPEDANCE_TABLE_OUTPUT': 'csv_impedance_table', 'TXT_FAB_NOTES_OUTPUT': 'txt_fabrication_notes', 'TXT_ASSEMBLY_NOTES_OUTPUT': 'txt_assembly_notes', 'PNG_3D_VIEWER_TOP': 'png_3d_viewer_top', 'PNG_3D_VIEWER_BOTTOM': 'png_3d_viewer_bottom', 'PNG_3D_VIEWER_ANGLED_TOP': 'png_3d_viewer_angled_top', 'PNG_3D_VIEWER_ANGLED_BOTTOM': 'png_3d_viewer_angled_bottom', 'STEP_OUTPUT': 'step', 'BLENDER_OUTPUT': 'blender', 'PDF_SCHEMATIC_OUTPUT': 'pdf_schematic', 'PDF_FABRICATION_OUTPUT': 'pdf_fabrication', 'PDF_ASSEMBLY_OUTPUT': 'pdf_assembly', 'ZIP_COMPRESS_FAB_OUTPUT': 'zip_compress_fab', 'HTML_KICANVAS_OUTPUT': 'html_kicanvas', 'HTML_KIRI_OUTPUT': 'html_kiri', 'MD_README_OUTPUT': 'md_readme', 'HTML_NAV_RES_OUTPUT': 'html_navigate_results'} (kibot - config_reader.py:680)
DEBUG:YAML after expanding definitions:
# KiBot output for CSV Report
# https://kibot.readthedocs.io/en/latest/configuration/outputs/report.html

kibot:
  version: 1

outputs:
  - name: csv_impedance_table
    comment: 'Impedance table in CSV format'
    type: report
    category: 'Manufacturing/Fabrication'
    dir: 'Manufacturing/Fabrication'
    output_id: impedance_table
    options:
      output: '%f-%I%v.csv'
      template: kibot_resources/templates/impedance_table.txt
      exclude_filter: '_mechanical'
      csv_remove_leading_spaces: true
 (kibot - config_reader.py:686)
DEBUG:Pre-parsing output options for `csv_impedance_table` (report) (kibot - config_reader.py:169)
DEBUG:Outputs loaded from `kibot_yaml/kibot_out_csv_report.yaml`: ['csv_impedance_table'] (kibot - config_reader.py:361)
DEBUG:Found local definitions (kibot - config_reader.py:651)
DEBUG:- Local definitions: {'NAME': 'txt_fabrication_notes', 'COMMENT': 'Report', 'DIR': 'Manufacturing', 'OUTPUT_ID': '_notes', 'TEMPLATE': 'kibot_ressources/template/fabrication_notes.txt'} (kibot - config_reader.py:661)
DEBUG:- Current definitions: {'PROJECT_NAME': 'LE_V2', 'BOARD_NAME': 'LE_BMS_A_V2', 'COMPANY': 'Company Name', 'DESIGNER': 'Author', 'LOGO': 'Logos/dummy_logo.png', 'GIT_URL': 'https://github.com/nguyen-v/KDT_Hierarchical_KiBot', 'CHECK_ZONE_FILLS': False, 'STACKUP_TABLE_NOTE': 'external layer thicknesses are specified after plating', 'MPN_FIELD': 'Manufacturer Part Number', 'MAN_FIELD': 'Manufacturer', 'GROUP_ROUND_SLOTS': True, 'GROUP_PTH_NPTH': 'no', 'GROUP_PTH_NPTH_DRL': False, 'PLOT_REFS': True, 'COLOR_THEME': 'Altium_Theme', 'SHEET_WKS': '${KIPRJMOD}/Templates/KDT_Template_PCB_GIT_A4.kicad_wks', 'FAB_SCALING': 1, 'ASSEMBLY_SCALING': 1, 'EXCLUDE_REFS': '[MB*]', '3D_VIEWER_ROT_X': 2, '3D_VIEWER_ROT_Y': -1, '3D_VIEWER_ROT_Z': 1, '3D_VIEWER_ZOOM': -1, 'KEY_COLOR': '#00FF00', 'OUTPUT_DIR': './', 'REPORT_DIR': 'Reports', 'SCHEMATIC_DIR': 'Schematic', 'MANUFACTURING_DIR': 'Manufacturing', 'ASSEMBLY_DIR': '@MANUFACTURING_DIR@/Assembly', 'FABRICATION_DIR': '@MANUFACTURING_DIR@/Fabrication', 'GERBERS_DIR': '@FABRICATION_DIR@/Gerbers', 'FAB_DRILL_TABLES_DIR': '@FABRICATION_DIR@/Drill Tables', 'TESTING_DIR': 'Testing', 'TESTPOINTS_DIR': '@TESTING_DIR@/Testpoints', 'IMAGES_DIR': 'Images', '3D_DIR': '3D', 'RESOURCES_DIR': 'kibot_resources', 'REPORT_TEMPLATE_DIR': '@RESOURCES_DIR@/templates', 'SCRIPTS_DIR': '@RESOURCES_DIR@/scripts', 'LAYER_TITLE_PAGE': 'TitlePage', 'LAYER_DNP_TOP': 'F.DNP', 'LAYER_DNP_BOTTOM': 'B.DNP', 'LAYER_DRILL_MAP': 'DrillMap', 'LAYER_TP_LIST_TOP': 'F.TestPointList', 'LAYER_TP_LIST_BOTTOM': 'B.TestPointList', 'LAYER_ASSEMBLY_TEXT_TOP': 'F.AssemblyText', 'LAYER_ASSEMBLY_TEXT_BOTTOM': 'B.AssemblyText', 'LAYER_DNP_CROSS_TOP': 'F.DNP', 'LAYER_DNP_CROSS_BOTTOM': 'B.DNP', 'FILT_FIELD_RENAME': 'field_rename', 'FILT_TP_ONLY': 'only_testpoints', 'FILT_TP_EXCLUDE': 'exclude_testpoints', 'FILT_TP_TOP_ONLY': 'only_testpoints_top', 'FILT_TP_BOTTOM_ONLY': 'only_testpoints_bottom', 'SCH_VARIANT_OUTPUT': 'value_split', 'NETLIST_OUTPUT': 'netlist', 'GERBER_OUTPUT': 'gbr_gerbers', 'ODB_OUTPUT': 'zip_odb', 'EXCELLON_DRILL_OUTPUT': 'drl_excellon', 'PDF_DRILL_MAP_OUTPUT': 'pdf_drill_map', 'DXF_DRILL_MAP_OUTPUT': 'dxf_drill_map', 'CSV_DRILL_TABLE_OUTPUT': 'csv_drill_table', 'CSV_POS_OUTPUT': 'csv_position', 'CSV_TP_OUTPUT': 'csv_testpoints', 'CSV_TP_TOP_OUTPUT': 'csv_testpoints_top', 'CSV_TP_BOTTOM_OUTPUT': 'csv_testpoints_bottom', 'CSV_BOM_OUTPUT': 'csv_bom', 'XLSX_BOM_OUTPUT': 'xlsx_bom', 'HTML_IBOM_OUTPUT': 'html_bom_interactive', 'HTML_BOM_OUTPUT': 'html_bom', 'CSV_COMP_COUNT_OUPUT': 'csv_comp_count', 'CSV_IMPEDANCE_TABLE_OUTPUT': 'csv_impedance_table', 'TXT_FAB_NOTES_OUTPUT': 'txt_fabrication_notes', 'TXT_ASSEMBLY_NOTES_OUTPUT': 'txt_assembly_notes', 'PNG_3D_VIEWER_TOP': 'png_3d_viewer_top', 'PNG_3D_VIEWER_BOTTOM': 'png_3d_viewer_bottom', 'PNG_3D_VIEWER_ANGLED_TOP': 'png_3d_viewer_angled_top', 'PNG_3D_VIEWER_ANGLED_BOTTOM': 'png_3d_viewer_angled_bottom', 'STEP_OUTPUT': 'step', 'BLENDER_OUTPUT': 'blender', 'PDF_SCHEMATIC_OUTPUT': 'pdf_schematic', 'PDF_FABRICATION_OUTPUT': 'pdf_fabrication', 'PDF_ASSEMBLY_OUTPUT': 'pdf_assembly', 'ZIP_COMPRESS_FAB_OUTPUT': 'zip_compress_fab', 'HTML_KICANVAS_OUTPUT': 'html_kicanvas', 'HTML_KIRI_OUTPUT': 'html_kiri', 'MD_README_OUTPUT': 'md_readme', 'HTML_NAV_RES_OUTPUT': 'html_navigate_results', 'NAME': 'txt_fabrication_notes', 'COMMENT': 'Fabrication notes in TXT format', 'DIR': 'Manufacturing/Fabrication', 'OUTPUT_ID': 'fabrication_notes', 'TEMPLATE': 'kibot_resources/templates/fabrication_notes.txt'} (kibot - config_reader.py:662)
DEBUG:- Updated definitions: {'NAME': 'txt_fabrication_notes', 'COMMENT': 'Fabrication notes in TXT format', 'DIR': 'Manufacturing/Fabrication', 'OUTPUT_ID': 'fabrication_notes', 'TEMPLATE': 'kibot_resources/templates/fabrication_notes.txt', 'PROJECT_NAME': 'LE_V2', 'BOARD_NAME': 'LE_BMS_A_V2', 'COMPANY': 'Company Name', 'DESIGNER': 'Author', 'LOGO': 'Logos/dummy_logo.png', 'GIT_URL': 'https://github.com/nguyen-v/KDT_Hierarchical_KiBot', 'CHECK_ZONE_FILLS': False, 'STACKUP_TABLE_NOTE': 'external layer thicknesses are specified after plating', 'MPN_FIELD': 'Manufacturer Part Number', 'MAN_FIELD': 'Manufacturer', 'GROUP_ROUND_SLOTS': True, 'GROUP_PTH_NPTH': 'no', 'GROUP_PTH_NPTH_DRL': False, 'PLOT_REFS': True, 'COLOR_THEME': 'Altium_Theme', 'SHEET_WKS': '${KIPRJMOD}/Templates/KDT_Template_PCB_GIT_A4.kicad_wks', 'FAB_SCALING': 1, 'ASSEMBLY_SCALING': 1, 'EXCLUDE_REFS': '[MB*]', '3D_VIEWER_ROT_X': 2, '3D_VIEWER_ROT_Y': -1, '3D_VIEWER_ROT_Z': 1, '3D_VIEWER_ZOOM': -1, 'KEY_COLOR': '#00FF00', 'OUTPUT_DIR': './', 'REPORT_DIR': 'Reports', 'SCHEMATIC_DIR': 'Schematic', 'MANUFACTURING_DIR': 'Manufacturing', 'ASSEMBLY_DIR': '@MANUFACTURING_DIR@/Assembly', 'FABRICATION_DIR': '@MANUFACTURING_DIR@/Fabrication', 'GERBERS_DIR': '@FABRICATION_DIR@/Gerbers', 'FAB_DRILL_TABLES_DIR': '@FABRICATION_DIR@/Drill Tables', 'TESTING_DIR': 'Testing', 'TESTPOINTS_DIR': '@TESTING_DIR@/Testpoints', 'IMAGES_DIR': 'Images', '3D_DIR': '3D', 'RESOURCES_DIR': 'kibot_resources', 'REPORT_TEMPLATE_DIR': '@RESOURCES_DIR@/templates', 'SCRIPTS_DIR': '@RESOURCES_DIR@/scripts', 'LAYER_TITLE_PAGE': 'TitlePage', 'LAYER_DNP_TOP': 'F.DNP', 'LAYER_DNP_BOTTOM': 'B.DNP', 'LAYER_DRILL_MAP': 'DrillMap', 'LAYER_TP_LIST_TOP': 'F.TestPointList', 'LAYER_TP_LIST_BOTTOM': 'B.TestPointList', 'LAYER_ASSEMBLY_TEXT_TOP': 'F.AssemblyText', 'LAYER_ASSEMBLY_TEXT_BOTTOM': 'B.AssemblyText', 'LAYER_DNP_CROSS_TOP': 'F.DNP', 'LAYER_DNP_CROSS_BOTTOM': 'B.DNP', 'FILT_FIELD_RENAME': 'field_rename', 'FILT_TP_ONLY': 'only_testpoints', 'FILT_TP_EXCLUDE': 'exclude_testpoints', 'FILT_TP_TOP_ONLY': 'only_testpoints_top', 'FILT_TP_BOTTOM_ONLY': 'only_testpoints_bottom', 'SCH_VARIANT_OUTPUT': 'value_split', 'NETLIST_OUTPUT': 'netlist', 'GERBER_OUTPUT': 'gbr_gerbers', 'ODB_OUTPUT': 'zip_odb', 'EXCELLON_DRILL_OUTPUT': 'drl_excellon', 'PDF_DRILL_MAP_OUTPUT': 'pdf_drill_map', 'DXF_DRILL_MAP_OUTPUT': 'dxf_drill_map', 'CSV_DRILL_TABLE_OUTPUT': 'csv_drill_table', 'CSV_POS_OUTPUT': 'csv_position', 'CSV_TP_OUTPUT': 'csv_testpoints', 'CSV_TP_TOP_OUTPUT': 'csv_testpoints_top', 'CSV_TP_BOTTOM_OUTPUT': 'csv_testpoints_bottom', 'CSV_BOM_OUTPUT': 'csv_bom', 'XLSX_BOM_OUTPUT': 'xlsx_bom', 'HTML_IBOM_OUTPUT': 'html_bom_interactive', 'HTML_BOM_OUTPUT': 'html_bom', 'CSV_COMP_COUNT_OUPUT': 'csv_comp_count', 'CSV_IMPEDANCE_TABLE_OUTPUT': 'csv_impedance_table', 'TXT_FAB_NOTES_OUTPUT': 'txt_fabrication_notes', 'TXT_ASSEMBLY_NOTES_OUTPUT': 'txt_assembly_notes', 'PNG_3D_VIEWER_TOP': 'png_3d_viewer_top', 'PNG_3D_VIEWER_BOTTOM': 'png_3d_viewer_bottom', 'PNG_3D_VIEWER_ANGLED_TOP': 'png_3d_viewer_angled_top', 'PNG_3D_VIEWER_ANGLED_BOTTOM': 'png_3d_viewer_angled_bottom', 'STEP_OUTPUT': 'step', 'BLENDER_OUTPUT': 'blender', 'PDF_SCHEMATIC_OUTPUT': 'pdf_schematic', 'PDF_FABRICATION_OUTPUT': 'pdf_fabrication', 'PDF_ASSEMBLY_OUTPUT': 'pdf_assembly', 'ZIP_COMPRESS_FAB_OUTPUT': 'zip_compress_fab', 'HTML_KICANVAS_OUTPUT': 'html_kicanvas', 'HTML_KIRI_OUTPUT': 'html_kiri', 'MD_README_OUTPUT': 'md_readme', 'HTML_NAV_RES_OUTPUT': 'html_navigate_results'} (kibot - config_reader.py:665)
DEBUG:Applying preprocessor definitions (kibot - config_reader.py:670)
DEBUG:- Applying CLI definitions: {} (kibot - config_reader.py:677)
DEBUG:- Applying collected definitions: {'NAME': 'txt_fabrication_notes', 'COMMENT': 'Fabrication notes in TXT format', 'DIR': 'Manufacturing/Fabrication', 'OUTPUT_ID': 'fabrication_notes', 'TEMPLATE': 'kibot_resources/templates/fabrication_notes.txt', 'PROJECT_NAME': 'LE_V2', 'BOARD_NAME': 'LE_BMS_A_V2', 'COMPANY': 'Company Name', 'DESIGNER': 'Author', 'LOGO': 'Logos/dummy_logo.png', 'GIT_URL': 'https://github.com/nguyen-v/KDT_Hierarchical_KiBot', 'CHECK_ZONE_FILLS': False, 'STACKUP_TABLE_NOTE': 'external layer thicknesses are specified after plating', 'MPN_FIELD': 'Manufacturer Part Number', 'MAN_FIELD': 'Manufacturer', 'GROUP_ROUND_SLOTS': True, 'GROUP_PTH_NPTH': 'no', 'GROUP_PTH_NPTH_DRL': False, 'PLOT_REFS': True, 'COLOR_THEME': 'Altium_Theme', 'SHEET_WKS': '${KIPRJMOD}/Templates/KDT_Template_PCB_GIT_A4.kicad_wks', 'FAB_SCALING': 1, 'ASSEMBLY_SCALING': 1, 'EXCLUDE_REFS': '[MB*]', '3D_VIEWER_ROT_X': 2, '3D_VIEWER_ROT_Y': -1, '3D_VIEWER_ROT_Z': 1, '3D_VIEWER_ZOOM': -1, 'KEY_COLOR': '#00FF00', 'OUTPUT_DIR': './', 'REPORT_DIR': 'Reports', 'SCHEMATIC_DIR': 'Schematic', 'MANUFACTURING_DIR': 'Manufacturing', 'ASSEMBLY_DIR': '@MANUFACTURING_DIR@/Assembly', 'FABRICATION_DIR': '@MANUFACTURING_DIR@/Fabrication', 'GERBERS_DIR': '@FABRICATION_DIR@/Gerbers', 'FAB_DRILL_TABLES_DIR': '@FABRICATION_DIR@/Drill Tables', 'TESTING_DIR': 'Testing', 'TESTPOINTS_DIR': '@TESTING_DIR@/Testpoints', 'IMAGES_DIR': 'Images', '3D_DIR': '3D', 'RESOURCES_DIR': 'kibot_resources', 'REPORT_TEMPLATE_DIR': '@RESOURCES_DIR@/templates', 'SCRIPTS_DIR': '@RESOURCES_DIR@/scripts', 'LAYER_TITLE_PAGE': 'TitlePage', 'LAYER_DNP_TOP': 'F.DNP', 'LAYER_DNP_BOTTOM': 'B.DNP', 'LAYER_DRILL_MAP': 'DrillMap', 'LAYER_TP_LIST_TOP': 'F.TestPointList', 'LAYER_TP_LIST_BOTTOM': 'B.TestPointList', 'LAYER_ASSEMBLY_TEXT_TOP': 'F.AssemblyText', 'LAYER_ASSEMBLY_TEXT_BOTTOM': 'B.AssemblyText', 'LAYER_DNP_CROSS_TOP': 'F.DNP', 'LAYER_DNP_CROSS_BOTTOM': 'B.DNP', 'FILT_FIELD_RENAME': 'field_rename', 'FILT_TP_ONLY': 'only_testpoints', 'FILT_TP_EXCLUDE': 'exclude_testpoints', 'FILT_TP_TOP_ONLY': 'only_testpoints_top', 'FILT_TP_BOTTOM_ONLY': 'only_testpoints_bottom', 'SCH_VARIANT_OUTPUT': 'value_split', 'NETLIST_OUTPUT': 'netlist', 'GERBER_OUTPUT': 'gbr_gerbers', 'ODB_OUTPUT': 'zip_odb', 'EXCELLON_DRILL_OUTPUT': 'drl_excellon', 'PDF_DRILL_MAP_OUTPUT': 'pdf_drill_map', 'DXF_DRILL_MAP_OUTPUT': 'dxf_drill_map', 'CSV_DRILL_TABLE_OUTPUT': 'csv_drill_table', 'CSV_POS_OUTPUT': 'csv_position', 'CSV_TP_OUTPUT': 'csv_testpoints', 'CSV_TP_TOP_OUTPUT': 'csv_testpoints_top', 'CSV_TP_BOTTOM_OUTPUT': 'csv_testpoints_bottom', 'CSV_BOM_OUTPUT': 'csv_bom', 'XLSX_BOM_OUTPUT': 'xlsx_bom', 'HTML_IBOM_OUTPUT': 'html_bom_interactive', 'HTML_BOM_OUTPUT': 'html_bom', 'CSV_COMP_COUNT_OUPUT': 'csv_comp_count', 'CSV_IMPEDANCE_TABLE_OUTPUT': 'csv_impedance_table', 'TXT_FAB_NOTES_OUTPUT': 'txt_fabrication_notes', 'TXT_ASSEMBLY_NOTES_OUTPUT': 'txt_assembly_notes', 'PNG_3D_VIEWER_TOP': 'png_3d_viewer_top', 'PNG_3D_VIEWER_BOTTOM': 'png_3d_viewer_bottom', 'PNG_3D_VIEWER_ANGLED_TOP': 'png_3d_viewer_angled_top', 'PNG_3D_VIEWER_ANGLED_BOTTOM': 'png_3d_viewer_angled_bottom', 'STEP_OUTPUT': 'step', 'BLENDER_OUTPUT': 'blender', 'PDF_SCHEMATIC_OUTPUT': 'pdf_schematic', 'PDF_FABRICATION_OUTPUT': 'pdf_fabrication', 'PDF_ASSEMBLY_OUTPUT': 'pdf_assembly', 'ZIP_COMPRESS_FAB_OUTPUT': 'zip_compress_fab', 'HTML_KICANVAS_OUTPUT': 'html_kicanvas', 'HTML_KIRI_OUTPUT': 'html_kiri', 'MD_README_OUTPUT': 'md_readme', 'HTML_NAV_RES_OUTPUT': 'html_navigate_results'} (kibot - config_reader.py:680)
DEBUG:- Replacing @NAME@ -> txt_fabrication_notes (<class 'str'>) (kibot - config_reader.py:78)
DEBUG:- Replacing @COMMENT@ -> Fabrication notes in TXT format (<class 'str'>) (kibot - config_reader.py:78)
DEBUG:- Replacing @DIR@ -> Manufacturing/Fabrication (<class 'str'>) (kibot - config_reader.py:78)
DEBUG:- Replacing @OUTPUT_ID@ -> fabrication_notes (<class 'str'>) (kibot - config_reader.py:78)
DEBUG:- Replacing @TEMPLATE@ -> kibot_resources/templates/fabrication_notes.txt (<class 'str'>) (kibot - config_reader.py:78)
DEBUG:- Applying CLI definitions: {} (kibot - config_reader.py:677)
DEBUG:- Applying collected definitions: {'NAME': 'txt_fabrication_notes', 'COMMENT': 'Fabrication notes in TXT format', 'DIR': 'Manufacturing/Fabrication', 'OUTPUT_ID': 'fabrication_notes', 'TEMPLATE': 'kibot_resources/templates/fabrication_notes.txt', 'PROJECT_NAME': 'LE_V2', 'BOARD_NAME': 'LE_BMS_A_V2', 'COMPANY': 'Company Name', 'DESIGNER': 'Author', 'LOGO': 'Logos/dummy_logo.png', 'GIT_URL': 'https://github.com/nguyen-v/KDT_Hierarchical_KiBot', 'CHECK_ZONE_FILLS': False, 'STACKUP_TABLE_NOTE': 'external layer thicknesses are specified after plating', 'MPN_FIELD': 'Manufacturer Part Number', 'MAN_FIELD': 'Manufacturer', 'GROUP_ROUND_SLOTS': True, 'GROUP_PTH_NPTH': 'no', 'GROUP_PTH_NPTH_DRL': False, 'PLOT_REFS': True, 'COLOR_THEME': 'Altium_Theme', 'SHEET_WKS': '${KIPRJMOD}/Templates/KDT_Template_PCB_GIT_A4.kicad_wks', 'FAB_SCALING': 1, 'ASSEMBLY_SCALING': 1, 'EXCLUDE_REFS': '[MB*]', '3D_VIEWER_ROT_X': 2, '3D_VIEWER_ROT_Y': -1, '3D_VIEWER_ROT_Z': 1, '3D_VIEWER_ZOOM': -1, 'KEY_COLOR': '#00FF00', 'OUTPUT_DIR': './', 'REPORT_DIR': 'Reports', 'SCHEMATIC_DIR': 'Schematic', 'MANUFACTURING_DIR': 'Manufacturing', 'ASSEMBLY_DIR': '@MANUFACTURING_DIR@/Assembly', 'FABRICATION_DIR': '@MANUFACTURING_DIR@/Fabrication', 'GERBERS_DIR': '@FABRICATION_DIR@/Gerbers', 'FAB_DRILL_TABLES_DIR': '@FABRICATION_DIR@/Drill Tables', 'TESTING_DIR': 'Testing', 'TESTPOINTS_DIR': '@TESTING_DIR@/Testpoints', 'IMAGES_DIR': 'Images', '3D_DIR': '3D', 'RESOURCES_DIR': 'kibot_resources', 'REPORT_TEMPLATE_DIR': '@RESOURCES_DIR@/templates', 'SCRIPTS_DIR': '@RESOURCES_DIR@/scripts', 'LAYER_TITLE_PAGE': 'TitlePage', 'LAYER_DNP_TOP': 'F.DNP', 'LAYER_DNP_BOTTOM': 'B.DNP', 'LAYER_DRILL_MAP': 'DrillMap', 'LAYER_TP_LIST_TOP': 'F.TestPointList', 'LAYER_TP_LIST_BOTTOM': 'B.TestPointList', 'LAYER_ASSEMBLY_TEXT_TOP': 'F.AssemblyText', 'LAYER_ASSEMBLY_TEXT_BOTTOM': 'B.AssemblyText', 'LAYER_DNP_CROSS_TOP': 'F.DNP', 'LAYER_DNP_CROSS_BOTTOM': 'B.DNP', 'FILT_FIELD_RENAME': 'field_rename', 'FILT_TP_ONLY': 'only_testpoints', 'FILT_TP_EXCLUDE': 'exclude_testpoints', 'FILT_TP_TOP_ONLY': 'only_testpoints_top', 'FILT_TP_BOTTOM_ONLY': 'only_testpoints_bottom', 'SCH_VARIANT_OUTPUT': 'value_split', 'NETLIST_OUTPUT': 'netlist', 'GERBER_OUTPUT': 'gbr_gerbers', 'ODB_OUTPUT': 'zip_odb', 'EXCELLON_DRILL_OUTPUT': 'drl_excellon', 'PDF_DRILL_MAP_OUTPUT': 'pdf_drill_map', 'DXF_DRILL_MAP_OUTPUT': 'dxf_drill_map', 'CSV_DRILL_TABLE_OUTPUT': 'csv_drill_table', 'CSV_POS_OUTPUT': 'csv_position', 'CSV_TP_OUTPUT': 'csv_testpoints', 'CSV_TP_TOP_OUTPUT': 'csv_testpoints_top', 'CSV_TP_BOTTOM_OUTPUT': 'csv_testpoints_bottom', 'CSV_BOM_OUTPUT': 'csv_bom', 'XLSX_BOM_OUTPUT': 'xlsx_bom', 'HTML_IBOM_OUTPUT': 'html_bom_interactive', 'HTML_BOM_OUTPUT': 'html_bom', 'CSV_COMP_COUNT_OUPUT': 'csv_comp_count', 'CSV_IMPEDANCE_TABLE_OUTPUT': 'csv_impedance_table', 'TXT_FAB_NOTES_OUTPUT': 'txt_fabrication_notes', 'TXT_ASSEMBLY_NOTES_OUTPUT': 'txt_assembly_notes', 'PNG_3D_VIEWER_TOP': 'png_3d_viewer_top', 'PNG_3D_VIEWER_BOTTOM': 'png_3d_viewer_bottom', 'PNG_3D_VIEWER_ANGLED_TOP': 'png_3d_viewer_angled_top', 'PNG_3D_VIEWER_ANGLED_BOTTOM': 'png_3d_viewer_angled_bottom', 'STEP_OUTPUT': 'step', 'BLENDER_OUTPUT': 'blender', 'PDF_SCHEMATIC_OUTPUT': 'pdf_schematic', 'PDF_FABRICATION_OUTPUT': 'pdf_fabrication', 'PDF_ASSEMBLY_OUTPUT': 'pdf_assembly', 'ZIP_COMPRESS_FAB_OUTPUT': 'zip_compress_fab', 'HTML_KICANVAS_OUTPUT': 'html_kicanvas', 'HTML_KIRI_OUTPUT': 'html_kiri', 'MD_README_OUTPUT': 'md_readme', 'HTML_NAV_RES_OUTPUT': 'html_navigate_results'} (kibot - config_reader.py:680)
DEBUG:YAML after expanding definitions:
# KiBot output for TXT Report (e.g. Fabrication/Assembly notes)
# https://kibot.readthedocs.io/en/latest/configuration/outputs/report.html

kibot:
  version: 1

outputs:
  - name: txt_fabrication_notes
    comment: 'Fabrication notes in TXT format'
    type: report
    category: 'Manufacturing/Fabrication'
    dir: 'Manufacturing/Fabrication'
    output_id: fabrication_notes
    options:
      output: '%f-%I%v.txt'
      template: kibot_resources/templates/fabrication_notes.txt
      exclude_filter: '_mechanical'
      mm_digits: 3
      display_trailing_zeros: True
 (kibot - config_reader.py:686)
DEBUG:Pre-parsing output options for `txt_fabrication_notes` (report) (kibot - config_reader.py:169)
DEBUG:Outputs loaded from `kibot_yaml/kibot_out_txt_report.yaml`: ['txt_fabrication_notes'] (kibot - config_reader.py:361)
DEBUG:Found local definitions (kibot - config_reader.py:651)
DEBUG:- Local definitions: {'NAME': 'txt_fabrication_notes', 'COMMENT': 'Report', 'DIR': 'Manufacturing', 'OUTPUT_ID': '_notes', 'TEMPLATE': 'kibot_ressources/template/fabrication_notes.txt'} (kibot - config_reader.py:661)
DEBUG:- Current definitions: {'PROJECT_NAME': 'LE_V2', 'BOARD_NAME': 'LE_BMS_A_V2', 'COMPANY': 'Company Name', 'DESIGNER': 'Author', 'LOGO': 'Logos/dummy_logo.png', 'GIT_URL': 'https://github.com/nguyen-v/KDT_Hierarchical_KiBot', 'CHECK_ZONE_FILLS': False, 'STACKUP_TABLE_NOTE': 'external layer thicknesses are specified after plating', 'MPN_FIELD': 'Manufacturer Part Number', 'MAN_FIELD': 'Manufacturer', 'GROUP_ROUND_SLOTS': True, 'GROUP_PTH_NPTH': 'no', 'GROUP_PTH_NPTH_DRL': False, 'PLOT_REFS': True, 'COLOR_THEME': 'Altium_Theme', 'SHEET_WKS': '${KIPRJMOD}/Templates/KDT_Template_PCB_GIT_A4.kicad_wks', 'FAB_SCALING': 1, 'ASSEMBLY_SCALING': 1, 'EXCLUDE_REFS': '[MB*]', '3D_VIEWER_ROT_X': 2, '3D_VIEWER_ROT_Y': -1, '3D_VIEWER_ROT_Z': 1, '3D_VIEWER_ZOOM': -1, 'KEY_COLOR': '#00FF00', 'OUTPUT_DIR': './', 'REPORT_DIR': 'Reports', 'SCHEMATIC_DIR': 'Schematic', 'MANUFACTURING_DIR': 'Manufacturing', 'ASSEMBLY_DIR': '@MANUFACTURING_DIR@/Assembly', 'FABRICATION_DIR': '@MANUFACTURING_DIR@/Fabrication', 'GERBERS_DIR': '@FABRICATION_DIR@/Gerbers', 'FAB_DRILL_TABLES_DIR': '@FABRICATION_DIR@/Drill Tables', 'TESTING_DIR': 'Testing', 'TESTPOINTS_DIR': '@TESTING_DIR@/Testpoints', 'IMAGES_DIR': 'Images', '3D_DIR': '3D', 'RESOURCES_DIR': 'kibot_resources', 'REPORT_TEMPLATE_DIR': '@RESOURCES_DIR@/templates', 'SCRIPTS_DIR': '@RESOURCES_DIR@/scripts', 'LAYER_TITLE_PAGE': 'TitlePage', 'LAYER_DNP_TOP': 'F.DNP', 'LAYER_DNP_BOTTOM': 'B.DNP', 'LAYER_DRILL_MAP': 'DrillMap', 'LAYER_TP_LIST_TOP': 'F.TestPointList', 'LAYER_TP_LIST_BOTTOM': 'B.TestPointList', 'LAYER_ASSEMBLY_TEXT_TOP': 'F.AssemblyText', 'LAYER_ASSEMBLY_TEXT_BOTTOM': 'B.AssemblyText', 'LAYER_DNP_CROSS_TOP': 'F.DNP', 'LAYER_DNP_CROSS_BOTTOM': 'B.DNP', 'FILT_FIELD_RENAME': 'field_rename', 'FILT_TP_ONLY': 'only_testpoints', 'FILT_TP_EXCLUDE': 'exclude_testpoints', 'FILT_TP_TOP_ONLY': 'only_testpoints_top', 'FILT_TP_BOTTOM_ONLY': 'only_testpoints_bottom', 'SCH_VARIANT_OUTPUT': 'value_split', 'NETLIST_OUTPUT': 'netlist', 'GERBER_OUTPUT': 'gbr_gerbers', 'ODB_OUTPUT': 'zip_odb', 'EXCELLON_DRILL_OUTPUT': 'drl_excellon', 'PDF_DRILL_MAP_OUTPUT': 'pdf_drill_map', 'DXF_DRILL_MAP_OUTPUT': 'dxf_drill_map', 'CSV_DRILL_TABLE_OUTPUT': 'csv_drill_table', 'CSV_POS_OUTPUT': 'csv_position', 'CSV_TP_OUTPUT': 'csv_testpoints', 'CSV_TP_TOP_OUTPUT': 'csv_testpoints_top', 'CSV_TP_BOTTOM_OUTPUT': 'csv_testpoints_bottom', 'CSV_BOM_OUTPUT': 'csv_bom', 'XLSX_BOM_OUTPUT': 'xlsx_bom', 'HTML_IBOM_OUTPUT': 'html_bom_interactive', 'HTML_BOM_OUTPUT': 'html_bom', 'CSV_COMP_COUNT_OUPUT': 'csv_comp_count', 'CSV_IMPEDANCE_TABLE_OUTPUT': 'csv_impedance_table', 'TXT_FAB_NOTES_OUTPUT': 'txt_fabrication_notes', 'TXT_ASSEMBLY_NOTES_OUTPUT': 'txt_assembly_notes', 'PNG_3D_VIEWER_TOP': 'png_3d_viewer_top', 'PNG_3D_VIEWER_BOTTOM': 'png_3d_viewer_bottom', 'PNG_3D_VIEWER_ANGLED_TOP': 'png_3d_viewer_angled_top', 'PNG_3D_VIEWER_ANGLED_BOTTOM': 'png_3d_viewer_angled_bottom', 'STEP_OUTPUT': 'step', 'BLENDER_OUTPUT': 'blender', 'PDF_SCHEMATIC_OUTPUT': 'pdf_schematic', 'PDF_FABRICATION_OUTPUT': 'pdf_fabrication', 'PDF_ASSEMBLY_OUTPUT': 'pdf_assembly', 'ZIP_COMPRESS_FAB_OUTPUT': 'zip_compress_fab', 'HTML_KICANVAS_OUTPUT': 'html_kicanvas', 'HTML_KIRI_OUTPUT': 'html_kiri', 'MD_README_OUTPUT': 'md_readme', 'HTML_NAV_RES_OUTPUT': 'html_navigate_results', 'NAME': 'txt_assembly_notes', 'COMMENT': 'Assembly notes in TXT format', 'DIR': 'Manufacturing/Assembly', 'OUTPUT_ID': 'assembly_notes', 'TEMPLATE': 'kibot_resources/templates/assembly_notes.txt'} (kibot - config_reader.py:662)
DEBUG:- Updated definitions: {'NAME': 'txt_assembly_notes', 'COMMENT': 'Assembly notes in TXT format', 'DIR': 'Manufacturing/Assembly', 'OUTPUT_ID': 'assembly_notes', 'TEMPLATE': 'kibot_resources/templates/assembly_notes.txt', 'PROJECT_NAME': 'LE_V2', 'BOARD_NAME': 'LE_BMS_A_V2', 'COMPANY': 'Company Name', 'DESIGNER': 'Author', 'LOGO': 'Logos/dummy_logo.png', 'GIT_URL': 'https://github.com/nguyen-v/KDT_Hierarchical_KiBot', 'CHECK_ZONE_FILLS': False, 'STACKUP_TABLE_NOTE': 'external layer thicknesses are specified after plating', 'MPN_FIELD': 'Manufacturer Part Number', 'MAN_FIELD': 'Manufacturer', 'GROUP_ROUND_SLOTS': True, 'GROUP_PTH_NPTH': 'no', 'GROUP_PTH_NPTH_DRL': False, 'PLOT_REFS': True, 'COLOR_THEME': 'Altium_Theme', 'SHEET_WKS': '${KIPRJMOD}/Templates/KDT_Template_PCB_GIT_A4.kicad_wks', 'FAB_SCALING': 1, 'ASSEMBLY_SCALING': 1, 'EXCLUDE_REFS': '[MB*]', '3D_VIEWER_ROT_X': 2, '3D_VIEWER_ROT_Y': -1, '3D_VIEWER_ROT_Z': 1, '3D_VIEWER_ZOOM': -1, 'KEY_COLOR': '#00FF00', 'OUTPUT_DIR': './', 'REPORT_DIR': 'Reports', 'SCHEMATIC_DIR': 'Schematic', 'MANUFACTURING_DIR': 'Manufacturing', 'ASSEMBLY_DIR': '@MANUFACTURING_DIR@/Assembly', 'FABRICATION_DIR': '@MANUFACTURING_DIR@/Fabrication', 'GERBERS_DIR': '@FABRICATION_DIR@/Gerbers', 'FAB_DRILL_TABLES_DIR': '@FABRICATION_DIR@/Drill Tables', 'TESTING_DIR': 'Testing', 'TESTPOINTS_DIR': '@TESTING_DIR@/Testpoints', 'IMAGES_DIR': 'Images', '3D_DIR': '3D', 'RESOURCES_DIR': 'kibot_resources', 'REPORT_TEMPLATE_DIR': '@RESOURCES_DIR@/templates', 'SCRIPTS_DIR': '@RESOURCES_DIR@/scripts', 'LAYER_TITLE_PAGE': 'TitlePage', 'LAYER_DNP_TOP': 'F.DNP', 'LAYER_DNP_BOTTOM': 'B.DNP', 'LAYER_DRILL_MAP': 'DrillMap', 'LAYER_TP_LIST_TOP': 'F.TestPointList', 'LAYER_TP_LIST_BOTTOM': 'B.TestPointList', 'LAYER_ASSEMBLY_TEXT_TOP': 'F.AssemblyText', 'LAYER_ASSEMBLY_TEXT_BOTTOM': 'B.AssemblyText', 'LAYER_DNP_CROSS_TOP': 'F.DNP', 'LAYER_DNP_CROSS_BOTTOM': 'B.DNP', 'FILT_FIELD_RENAME': 'field_rename', 'FILT_TP_ONLY': 'only_testpoints', 'FILT_TP_EXCLUDE': 'exclude_testpoints', 'FILT_TP_TOP_ONLY': 'only_testpoints_top', 'FILT_TP_BOTTOM_ONLY': 'only_testpoints_bottom', 'SCH_VARIANT_OUTPUT': 'value_split', 'NETLIST_OUTPUT': 'netlist', 'GERBER_OUTPUT': 'gbr_gerbers', 'ODB_OUTPUT': 'zip_odb', 'EXCELLON_DRILL_OUTPUT': 'drl_excellon', 'PDF_DRILL_MAP_OUTPUT': 'pdf_drill_map', 'DXF_DRILL_MAP_OUTPUT': 'dxf_drill_map', 'CSV_DRILL_TABLE_OUTPUT': 'csv_drill_table', 'CSV_POS_OUTPUT': 'csv_position', 'CSV_TP_OUTPUT': 'csv_testpoints', 'CSV_TP_TOP_OUTPUT': 'csv_testpoints_top', 'CSV_TP_BOTTOM_OUTPUT': 'csv_testpoints_bottom', 'CSV_BOM_OUTPUT': 'csv_bom', 'XLSX_BOM_OUTPUT': 'xlsx_bom', 'HTML_IBOM_OUTPUT': 'html_bom_interactive', 'HTML_BOM_OUTPUT': 'html_bom', 'CSV_COMP_COUNT_OUPUT': 'csv_comp_count', 'CSV_IMPEDANCE_TABLE_OUTPUT': 'csv_impedance_table', 'TXT_FAB_NOTES_OUTPUT': 'txt_fabrication_notes', 'TXT_ASSEMBLY_NOTES_OUTPUT': 'txt_assembly_notes', 'PNG_3D_VIEWER_TOP': 'png_3d_viewer_top', 'PNG_3D_VIEWER_BOTTOM': 'png_3d_viewer_bottom', 'PNG_3D_VIEWER_ANGLED_TOP': 'png_3d_viewer_angled_top', 'PNG_3D_VIEWER_ANGLED_BOTTOM': 'png_3d_viewer_angled_bottom', 'STEP_OUTPUT': 'step', 'BLENDER_OUTPUT': 'blender', 'PDF_SCHEMATIC_OUTPUT': 'pdf_schematic', 'PDF_FABRICATION_OUTPUT': 'pdf_fabrication', 'PDF_ASSEMBLY_OUTPUT': 'pdf_assembly', 'ZIP_COMPRESS_FAB_OUTPUT': 'zip_compress_fab', 'HTML_KICANVAS_OUTPUT': 'html_kicanvas', 'HTML_KIRI_OUTPUT': 'html_kiri', 'MD_README_OUTPUT': 'md_readme', 'HTML_NAV_RES_OUTPUT': 'html_navigate_results'} (kibot - config_reader.py:665)
DEBUG:Applying preprocessor definitions (kibot - config_reader.py:670)
DEBUG:- Applying CLI definitions: {} (kibot - config_reader.py:677)
DEBUG:- Applying collected definitions: {'NAME': 'txt_assembly_notes', 'COMMENT': 'Assembly notes in TXT format', 'DIR': 'Manufacturing/Assembly', 'OUTPUT_ID': 'assembly_notes', 'TEMPLATE': 'kibot_resources/templates/assembly_notes.txt', 'PROJECT_NAME': 'LE_V2', 'BOARD_NAME': 'LE_BMS_A_V2', 'COMPANY': 'Company Name', 'DESIGNER': 'Author', 'LOGO': 'Logos/dummy_logo.png', 'GIT_URL': 'https://github.com/nguyen-v/KDT_Hierarchical_KiBot', 'CHECK_ZONE_FILLS': False, 'STACKUP_TABLE_NOTE': 'external layer thicknesses are specified after plating', 'MPN_FIELD': 'Manufacturer Part Number', 'MAN_FIELD': 'Manufacturer', 'GROUP_ROUND_SLOTS': True, 'GROUP_PTH_NPTH': 'no', 'GROUP_PTH_NPTH_DRL': False, 'PLOT_REFS': True, 'COLOR_THEME': 'Altium_Theme', 'SHEET_WKS': '${KIPRJMOD}/Templates/KDT_Template_PCB_GIT_A4.kicad_wks', 'FAB_SCALING': 1, 'ASSEMBLY_SCALING': 1, 'EXCLUDE_REFS': '[MB*]', '3D_VIEWER_ROT_X': 2, '3D_VIEWER_ROT_Y': -1, '3D_VIEWER_ROT_Z': 1, '3D_VIEWER_ZOOM': -1, 'KEY_COLOR': '#00FF00', 'OUTPUT_DIR': './', 'REPORT_DIR': 'Reports', 'SCHEMATIC_DIR': 'Schematic', 'MANUFACTURING_DIR': 'Manufacturing', 'ASSEMBLY_DIR': '@MANUFACTURING_DIR@/Assembly', 'FABRICATION_DIR': '@MANUFACTURING_DIR@/Fabrication', 'GERBERS_DIR': '@FABRICATION_DIR@/Gerbers', 'FAB_DRILL_TABLES_DIR': '@FABRICATION_DIR@/Drill Tables', 'TESTING_DIR': 'Testing', 'TESTPOINTS_DIR': '@TESTING_DIR@/Testpoints', 'IMAGES_DIR': 'Images', '3D_DIR': '3D', 'RESOURCES_DIR': 'kibot_resources', 'REPORT_TEMPLATE_DIR': '@RESOURCES_DIR@/templates', 'SCRIPTS_DIR': '@RESOURCES_DIR@/scripts', 'LAYER_TITLE_PAGE': 'TitlePage', 'LAYER_DNP_TOP': 'F.DNP', 'LAYER_DNP_BOTTOM': 'B.DNP', 'LAYER_DRILL_MAP': 'DrillMap', 'LAYER_TP_LIST_TOP': 'F.TestPointList', 'LAYER_TP_LIST_BOTTOM': 'B.TestPointList', 'LAYER_ASSEMBLY_TEXT_TOP': 'F.AssemblyText', 'LAYER_ASSEMBLY_TEXT_BOTTOM': 'B.AssemblyText', 'LAYER_DNP_CROSS_TOP': 'F.DNP', 'LAYER_DNP_CROSS_BOTTOM': 'B.DNP', 'FILT_FIELD_RENAME': 'field_rename', 'FILT_TP_ONLY': 'only_testpoints', 'FILT_TP_EXCLUDE': 'exclude_testpoints', 'FILT_TP_TOP_ONLY': 'only_testpoints_top', 'FILT_TP_BOTTOM_ONLY': 'only_testpoints_bottom', 'SCH_VARIANT_OUTPUT': 'value_split', 'NETLIST_OUTPUT': 'netlist', 'GERBER_OUTPUT': 'gbr_gerbers', 'ODB_OUTPUT': 'zip_odb', 'EXCELLON_DRILL_OUTPUT': 'drl_excellon', 'PDF_DRILL_MAP_OUTPUT': 'pdf_drill_map', 'DXF_DRILL_MAP_OUTPUT': 'dxf_drill_map', 'CSV_DRILL_TABLE_OUTPUT': 'csv_drill_table', 'CSV_POS_OUTPUT': 'csv_position', 'CSV_TP_OUTPUT': 'csv_testpoints', 'CSV_TP_TOP_OUTPUT': 'csv_testpoints_top', 'CSV_TP_BOTTOM_OUTPUT': 'csv_testpoints_bottom', 'CSV_BOM_OUTPUT': 'csv_bom', 'XLSX_BOM_OUTPUT': 'xlsx_bom', 'HTML_IBOM_OUTPUT': 'html_bom_interactive', 'HTML_BOM_OUTPUT': 'html_bom', 'CSV_COMP_COUNT_OUPUT': 'csv_comp_count', 'CSV_IMPEDANCE_TABLE_OUTPUT': 'csv_impedance_table', 'TXT_FAB_NOTES_OUTPUT': 'txt_fabrication_notes', 'TXT_ASSEMBLY_NOTES_OUTPUT': 'txt_assembly_notes', 'PNG_3D_VIEWER_TOP': 'png_3d_viewer_top', 'PNG_3D_VIEWER_BOTTOM': 'png_3d_viewer_bottom', 'PNG_3D_VIEWER_ANGLED_TOP': 'png_3d_viewer_angled_top', 'PNG_3D_VIEWER_ANGLED_BOTTOM': 'png_3d_viewer_angled_bottom', 'STEP_OUTPUT': 'step', 'BLENDER_OUTPUT': 'blender', 'PDF_SCHEMATIC_OUTPUT': 'pdf_schematic', 'PDF_FABRICATION_OUTPUT': 'pdf_fabrication', 'PDF_ASSEMBLY_OUTPUT': 'pdf_assembly', 'ZIP_COMPRESS_FAB_OUTPUT': 'zip_compress_fab', 'HTML_KICANVAS_OUTPUT': 'html_kicanvas', 'HTML_KIRI_OUTPUT': 'html_kiri', 'MD_README_OUTPUT': 'md_readme', 'HTML_NAV_RES_OUTPUT': 'html_navigate_results'} (kibot - config_reader.py:680)
DEBUG:- Replacing @NAME@ -> txt_assembly_notes (<class 'str'>) (kibot - config_reader.py:78)
DEBUG:- Replacing @COMMENT@ -> Assembly notes in TXT format (<class 'str'>) (kibot - config_reader.py:78)
DEBUG:- Replacing @DIR@ -> Manufacturing/Assembly (<class 'str'>) (kibot - config_reader.py:78)
DEBUG:- Replacing @OUTPUT_ID@ -> assembly_notes (<class 'str'>) (kibot - config_reader.py:78)
DEBUG:- Replacing @TEMPLATE@ -> kibot_resources/templates/assembly_notes.txt (<class 'str'>) (kibot - config_reader.py:78)
DEBUG:- Applying CLI definitions: {} (kibot - config_reader.py:677)
DEBUG:- Applying collected definitions: {'NAME': 'txt_assembly_notes', 'COMMENT': 'Assembly notes in TXT format', 'DIR': 'Manufacturing/Assembly', 'OUTPUT_ID': 'assembly_notes', 'TEMPLATE': 'kibot_resources/templates/assembly_notes.txt', 'PROJECT_NAME': 'LE_V2', 'BOARD_NAME': 'LE_BMS_A_V2', 'COMPANY': 'Company Name', 'DESIGNER': 'Author', 'LOGO': 'Logos/dummy_logo.png', 'GIT_URL': 'https://github.com/nguyen-v/KDT_Hierarchical_KiBot', 'CHECK_ZONE_FILLS': False, 'STACKUP_TABLE_NOTE': 'external layer thicknesses are specified after plating', 'MPN_FIELD': 'Manufacturer Part Number', 'MAN_FIELD': 'Manufacturer', 'GROUP_ROUND_SLOTS': True, 'GROUP_PTH_NPTH': 'no', 'GROUP_PTH_NPTH_DRL': False, 'PLOT_REFS': True, 'COLOR_THEME': 'Altium_Theme', 'SHEET_WKS': '${KIPRJMOD}/Templates/KDT_Template_PCB_GIT_A4.kicad_wks', 'FAB_SCALING': 1, 'ASSEMBLY_SCALING': 1, 'EXCLUDE_REFS': '[MB*]', '3D_VIEWER_ROT_X': 2, '3D_VIEWER_ROT_Y': -1, '3D_VIEWER_ROT_Z': 1, '3D_VIEWER_ZOOM': -1, 'KEY_COLOR': '#00FF00', 'OUTPUT_DIR': './', 'REPORT_DIR': 'Reports', 'SCHEMATIC_DIR': 'Schematic', 'MANUFACTURING_DIR': 'Manufacturing', 'ASSEMBLY_DIR': '@MANUFACTURING_DIR@/Assembly', 'FABRICATION_DIR': '@MANUFACTURING_DIR@/Fabrication', 'GERBERS_DIR': '@FABRICATION_DIR@/Gerbers', 'FAB_DRILL_TABLES_DIR': '@FABRICATION_DIR@/Drill Tables', 'TESTING_DIR': 'Testing', 'TESTPOINTS_DIR': '@TESTING_DIR@/Testpoints', 'IMAGES_DIR': 'Images', '3D_DIR': '3D', 'RESOURCES_DIR': 'kibot_resources', 'REPORT_TEMPLATE_DIR': '@RESOURCES_DIR@/templates', 'SCRIPTS_DIR': '@RESOURCES_DIR@/scripts', 'LAYER_TITLE_PAGE': 'TitlePage', 'LAYER_DNP_TOP': 'F.DNP', 'LAYER_DNP_BOTTOM': 'B.DNP', 'LAYER_DRILL_MAP': 'DrillMap', 'LAYER_TP_LIST_TOP': 'F.TestPointList', 'LAYER_TP_LIST_BOTTOM': 'B.TestPointList', 'LAYER_ASSEMBLY_TEXT_TOP': 'F.AssemblyText', 'LAYER_ASSEMBLY_TEXT_BOTTOM': 'B.AssemblyText', 'LAYER_DNP_CROSS_TOP': 'F.DNP', 'LAYER_DNP_CROSS_BOTTOM': 'B.DNP', 'FILT_FIELD_RENAME': 'field_rename', 'FILT_TP_ONLY': 'only_testpoints', 'FILT_TP_EXCLUDE': 'exclude_testpoints', 'FILT_TP_TOP_ONLY': 'only_testpoints_top', 'FILT_TP_BOTTOM_ONLY': 'only_testpoints_bottom', 'SCH_VARIANT_OUTPUT': 'value_split', 'NETLIST_OUTPUT': 'netlist', 'GERBER_OUTPUT': 'gbr_gerbers', 'ODB_OUTPUT': 'zip_odb', 'EXCELLON_DRILL_OUTPUT': 'drl_excellon', 'PDF_DRILL_MAP_OUTPUT': 'pdf_drill_map', 'DXF_DRILL_MAP_OUTPUT': 'dxf_drill_map', 'CSV_DRILL_TABLE_OUTPUT': 'csv_drill_table', 'CSV_POS_OUTPUT': 'csv_position', 'CSV_TP_OUTPUT': 'csv_testpoints', 'CSV_TP_TOP_OUTPUT': 'csv_testpoints_top', 'CSV_TP_BOTTOM_OUTPUT': 'csv_testpoints_bottom', 'CSV_BOM_OUTPUT': 'csv_bom', 'XLSX_BOM_OUTPUT': 'xlsx_bom', 'HTML_IBOM_OUTPUT': 'html_bom_interactive', 'HTML_BOM_OUTPUT': 'html_bom', 'CSV_COMP_COUNT_OUPUT': 'csv_comp_count', 'CSV_IMPEDANCE_TABLE_OUTPUT': 'csv_impedance_table', 'TXT_FAB_NOTES_OUTPUT': 'txt_fabrication_notes', 'TXT_ASSEMBLY_NOTES_OUTPUT': 'txt_assembly_notes', 'PNG_3D_VIEWER_TOP': 'png_3d_viewer_top', 'PNG_3D_VIEWER_BOTTOM': 'png_3d_viewer_bottom', 'PNG_3D_VIEWER_ANGLED_TOP': 'png_3d_viewer_angled_top', 'PNG_3D_VIEWER_ANGLED_BOTTOM': 'png_3d_viewer_angled_bottom', 'STEP_OUTPUT': 'step', 'BLENDER_OUTPUT': 'blender', 'PDF_SCHEMATIC_OUTPUT': 'pdf_schematic', 'PDF_FABRICATION_OUTPUT': 'pdf_fabrication', 'PDF_ASSEMBLY_OUTPUT': 'pdf_assembly', 'ZIP_COMPRESS_FAB_OUTPUT': 'zip_compress_fab', 'HTML_KICANVAS_OUTPUT': 'html_kicanvas', 'HTML_KIRI_OUTPUT': 'html_kiri', 'MD_README_OUTPUT': 'md_readme', 'HTML_NAV_RES_OUTPUT': 'html_navigate_results'} (kibot - config_reader.py:680)
DEBUG:YAML after expanding definitions:
# KiBot output for TXT Report (e.g. Fabrication/Assembly notes)
# https://kibot.readthedocs.io/en/latest/configuration/outputs/report.html

kibot:
  version: 1

outputs:
  - name: txt_assembly_notes
    comment: 'Assembly notes in TXT format'
    type: report
    category: 'Manufacturing/Assembly'
    dir: 'Manufacturing/Assembly'
    output_id: assembly_notes
    options:
      output: '%f-%I%v.txt'
      template: kibot_resources/templates/assembly_notes.txt
      exclude_filter: '_mechanical'
      mm_digits: 3
      display_trailing_zeros: True
 (kibot - config_reader.py:686)
DEBUG:Pre-parsing output options for `txt_assembly_notes` (report) (kibot - config_reader.py:169)
DEBUG:Outputs loaded from `kibot_yaml/kibot_out_txt_report.yaml`: ['txt_assembly_notes'] (kibot - config_reader.py:361)
DEBUG:Found local definitions (kibot - config_reader.py:651)
DEBUG:- Local definitions: {'NAME': 'png_3d_viewer', 'COMMENT': '3D viewer PCB render in PNG format', 'DIR': 'Images', 'SUFFIX': '', 'VIEW': 'top', 'RAYTRACING': True, 'ROTATE_X': 0, 'ROTATE_Y': 0, 'ROTATE_Z': 0, 'ZOOM': 0, 'HEIGHT': 2000, 'WIDTH': 2000, 'KEY_COLOR': '#00FF00'} (kibot - config_reader.py:661)
DEBUG:- Current definitions: {'PROJECT_NAME': 'LE_V2', 'BOARD_NAME': 'LE_BMS_A_V2', 'COMPANY': 'Company Name', 'DESIGNER': 'Author', 'LOGO': 'Logos/dummy_logo.png', 'GIT_URL': 'https://github.com/nguyen-v/KDT_Hierarchical_KiBot', 'CHECK_ZONE_FILLS': False, 'STACKUP_TABLE_NOTE': 'external layer thicknesses are specified after plating', 'MPN_FIELD': 'Manufacturer Part Number', 'MAN_FIELD': 'Manufacturer', 'GROUP_ROUND_SLOTS': True, 'GROUP_PTH_NPTH': 'no', 'GROUP_PTH_NPTH_DRL': False, 'PLOT_REFS': True, 'COLOR_THEME': 'Altium_Theme', 'SHEET_WKS': '${KIPRJMOD}/Templates/KDT_Template_PCB_GIT_A4.kicad_wks', 'FAB_SCALING': 1, 'ASSEMBLY_SCALING': 1, 'EXCLUDE_REFS': '[MB*]', '3D_VIEWER_ROT_X': 2, '3D_VIEWER_ROT_Y': -1, '3D_VIEWER_ROT_Z': 1, '3D_VIEWER_ZOOM': -1, 'KEY_COLOR': '#00FF00', 'OUTPUT_DIR': './', 'REPORT_DIR': 'Reports', 'SCHEMATIC_DIR': 'Schematic', 'MANUFACTURING_DIR': 'Manufacturing', 'ASSEMBLY_DIR': '@MANUFACTURING_DIR@/Assembly', 'FABRICATION_DIR': '@MANUFACTURING_DIR@/Fabrication', 'GERBERS_DIR': '@FABRICATION_DIR@/Gerbers', 'FAB_DRILL_TABLES_DIR': '@FABRICATION_DIR@/Drill Tables', 'TESTING_DIR': 'Testing', 'TESTPOINTS_DIR': '@TESTING_DIR@/Testpoints', 'IMAGES_DIR': 'Images', '3D_DIR': '3D', 'RESOURCES_DIR': 'kibot_resources', 'REPORT_TEMPLATE_DIR': '@RESOURCES_DIR@/templates', 'SCRIPTS_DIR': '@RESOURCES_DIR@/scripts', 'LAYER_TITLE_PAGE': 'TitlePage', 'LAYER_DNP_TOP': 'F.DNP', 'LAYER_DNP_BOTTOM': 'B.DNP', 'LAYER_DRILL_MAP': 'DrillMap', 'LAYER_TP_LIST_TOP': 'F.TestPointList', 'LAYER_TP_LIST_BOTTOM': 'B.TestPointList', 'LAYER_ASSEMBLY_TEXT_TOP': 'F.AssemblyText', 'LAYER_ASSEMBLY_TEXT_BOTTOM': 'B.AssemblyText', 'LAYER_DNP_CROSS_TOP': 'F.DNP', 'LAYER_DNP_CROSS_BOTTOM': 'B.DNP', 'FILT_FIELD_RENAME': 'field_rename', 'FILT_TP_ONLY': 'only_testpoints', 'FILT_TP_EXCLUDE': 'exclude_testpoints', 'FILT_TP_TOP_ONLY': 'only_testpoints_top', 'FILT_TP_BOTTOM_ONLY': 'only_testpoints_bottom', 'SCH_VARIANT_OUTPUT': 'value_split', 'NETLIST_OUTPUT': 'netlist', 'GERBER_OUTPUT': 'gbr_gerbers', 'ODB_OUTPUT': 'zip_odb', 'EXCELLON_DRILL_OUTPUT': 'drl_excellon', 'PDF_DRILL_MAP_OUTPUT': 'pdf_drill_map', 'DXF_DRILL_MAP_OUTPUT': 'dxf_drill_map', 'CSV_DRILL_TABLE_OUTPUT': 'csv_drill_table', 'CSV_POS_OUTPUT': 'csv_position', 'CSV_TP_OUTPUT': 'csv_testpoints', 'CSV_TP_TOP_OUTPUT': 'csv_testpoints_top', 'CSV_TP_BOTTOM_OUTPUT': 'csv_testpoints_bottom', 'CSV_BOM_OUTPUT': 'csv_bom', 'XLSX_BOM_OUTPUT': 'xlsx_bom', 'HTML_IBOM_OUTPUT': 'html_bom_interactive', 'HTML_BOM_OUTPUT': 'html_bom', 'CSV_COMP_COUNT_OUPUT': 'csv_comp_count', 'CSV_IMPEDANCE_TABLE_OUTPUT': 'csv_impedance_table', 'TXT_FAB_NOTES_OUTPUT': 'txt_fabrication_notes', 'TXT_ASSEMBLY_NOTES_OUTPUT': 'txt_assembly_notes', 'PNG_3D_VIEWER_TOP': 'png_3d_viewer_top', 'PNG_3D_VIEWER_BOTTOM': 'png_3d_viewer_bottom', 'PNG_3D_VIEWER_ANGLED_TOP': 'png_3d_viewer_angled_top', 'PNG_3D_VIEWER_ANGLED_BOTTOM': 'png_3d_viewer_angled_bottom', 'STEP_OUTPUT': 'step', 'BLENDER_OUTPUT': 'blender', 'PDF_SCHEMATIC_OUTPUT': 'pdf_schematic', 'PDF_FABRICATION_OUTPUT': 'pdf_fabrication', 'PDF_ASSEMBLY_OUTPUT': 'pdf_assembly', 'ZIP_COMPRESS_FAB_OUTPUT': 'zip_compress_fab', 'HTML_KICANVAS_OUTPUT': 'html_kicanvas', 'HTML_KIRI_OUTPUT': 'html_kiri', 'MD_README_OUTPUT': 'md_readme', 'HTML_NAV_RES_OUTPUT': 'html_navigate_results', 'NAME': 'png_3d_viewer_top', 'COMMENT': 'Top 3D viewer PCB render in PNG format', 'DIR': 'Images', 'SUFFIX': 'top', 'VIEW': 'top'} (kibot - config_reader.py:662)
DEBUG:- Updated definitions: {'NAME': 'png_3d_viewer_top', 'COMMENT': 'Top 3D viewer PCB render in PNG format', 'DIR': 'Images', 'SUFFIX': 'top', 'VIEW': 'top', 'RAYTRACING': True, 'ROTATE_X': 0, 'ROTATE_Y': 0, 'ROTATE_Z': 0, 'ZOOM': 0, 'HEIGHT': 2000, 'WIDTH': 2000, 'KEY_COLOR': '#00FF00', 'PROJECT_NAME': 'LE_V2', 'BOARD_NAME': 'LE_BMS_A_V2', 'COMPANY': 'Company Name', 'DESIGNER': 'Author', 'LOGO': 'Logos/dummy_logo.png', 'GIT_URL': 'https://github.com/nguyen-v/KDT_Hierarchical_KiBot', 'CHECK_ZONE_FILLS': False, 'STACKUP_TABLE_NOTE': 'external layer thicknesses are specified after plating', 'MPN_FIELD': 'Manufacturer Part Number', 'MAN_FIELD': 'Manufacturer', 'GROUP_ROUND_SLOTS': True, 'GROUP_PTH_NPTH': 'no', 'GROUP_PTH_NPTH_DRL': False, 'PLOT_REFS': True, 'COLOR_THEME': 'Altium_Theme', 'SHEET_WKS': '${KIPRJMOD}/Templates/KDT_Template_PCB_GIT_A4.kicad_wks', 'FAB_SCALING': 1, 'ASSEMBLY_SCALING': 1, 'EXCLUDE_REFS': '[MB*]', '3D_VIEWER_ROT_X': 2, '3D_VIEWER_ROT_Y': -1, '3D_VIEWER_ROT_Z': 1, '3D_VIEWER_ZOOM': -1, 'OUTPUT_DIR': './', 'REPORT_DIR': 'Reports', 'SCHEMATIC_DIR': 'Schematic', 'MANUFACTURING_DIR': 'Manufacturing', 'ASSEMBLY_DIR': '@MANUFACTURING_DIR@/Assembly', 'FABRICATION_DIR': '@MANUFACTURING_DIR@/Fabrication', 'GERBERS_DIR': '@FABRICATION_DIR@/Gerbers', 'FAB_DRILL_TABLES_DIR': '@FABRICATION_DIR@/Drill Tables', 'TESTING_DIR': 'Testing', 'TESTPOINTS_DIR': '@TESTING_DIR@/Testpoints', 'IMAGES_DIR': 'Images', '3D_DIR': '3D', 'RESOURCES_DIR': 'kibot_resources', 'REPORT_TEMPLATE_DIR': '@RESOURCES_DIR@/templates', 'SCRIPTS_DIR': '@RESOURCES_DIR@/scripts', 'LAYER_TITLE_PAGE': 'TitlePage', 'LAYER_DNP_TOP': 'F.DNP', 'LAYER_DNP_BOTTOM': 'B.DNP', 'LAYER_DRILL_MAP': 'DrillMap', 'LAYER_TP_LIST_TOP': 'F.TestPointList', 'LAYER_TP_LIST_BOTTOM': 'B.TestPointList', 'LAYER_ASSEMBLY_TEXT_TOP': 'F.AssemblyText', 'LAYER_ASSEMBLY_TEXT_BOTTOM': 'B.AssemblyText', 'LAYER_DNP_CROSS_TOP': 'F.DNP', 'LAYER_DNP_CROSS_BOTTOM': 'B.DNP', 'FILT_FIELD_RENAME': 'field_rename', 'FILT_TP_ONLY': 'only_testpoints', 'FILT_TP_EXCLUDE': 'exclude_testpoints', 'FILT_TP_TOP_ONLY': 'only_testpoints_top', 'FILT_TP_BOTTOM_ONLY': 'only_testpoints_bottom', 'SCH_VARIANT_OUTPUT': 'value_split', 'NETLIST_OUTPUT': 'netlist', 'GERBER_OUTPUT': 'gbr_gerbers', 'ODB_OUTPUT': 'zip_odb', 'EXCELLON_DRILL_OUTPUT': 'drl_excellon', 'PDF_DRILL_MAP_OUTPUT': 'pdf_drill_map', 'DXF_DRILL_MAP_OUTPUT': 'dxf_drill_map', 'CSV_DRILL_TABLE_OUTPUT': 'csv_drill_table', 'CSV_POS_OUTPUT': 'csv_position', 'CSV_TP_OUTPUT': 'csv_testpoints', 'CSV_TP_TOP_OUTPUT': 'csv_testpoints_top', 'CSV_TP_BOTTOM_OUTPUT': 'csv_testpoints_bottom', 'CSV_BOM_OUTPUT': 'csv_bom', 'XLSX_BOM_OUTPUT': 'xlsx_bom', 'HTML_IBOM_OUTPUT': 'html_bom_interactive', 'HTML_BOM_OUTPUT': 'html_bom', 'CSV_COMP_COUNT_OUPUT': 'csv_comp_count', 'CSV_IMPEDANCE_TABLE_OUTPUT': 'csv_impedance_table', 'TXT_FAB_NOTES_OUTPUT': 'txt_fabrication_notes', 'TXT_ASSEMBLY_NOTES_OUTPUT': 'txt_assembly_notes', 'PNG_3D_VIEWER_TOP': 'png_3d_viewer_top', 'PNG_3D_VIEWER_BOTTOM': 'png_3d_viewer_bottom', 'PNG_3D_VIEWER_ANGLED_TOP': 'png_3d_viewer_angled_top', 'PNG_3D_VIEWER_ANGLED_BOTTOM': 'png_3d_viewer_angled_bottom', 'STEP_OUTPUT': 'step', 'BLENDER_OUTPUT': 'blender', 'PDF_SCHEMATIC_OUTPUT': 'pdf_schematic', 'PDF_FABRICATION_OUTPUT': 'pdf_fabrication', 'PDF_ASSEMBLY_OUTPUT': 'pdf_assembly', 'ZIP_COMPRESS_FAB_OUTPUT': 'zip_compress_fab', 'HTML_KICANVAS_OUTPUT': 'html_kicanvas', 'HTML_KIRI_OUTPUT': 'html_kiri', 'MD_README_OUTPUT': 'md_readme', 'HTML_NAV_RES_OUTPUT': 'html_navigate_results'} (kibot - config_reader.py:665)
DEBUG:Applying preprocessor definitions (kibot - config_reader.py:670)
DEBUG:- Applying CLI definitions: {} (kibot - config_reader.py:677)
DEBUG:- Applying collected definitions: {'NAME': 'png_3d_viewer_top', 'COMMENT': 'Top 3D viewer PCB render in PNG format', 'DIR': 'Images', 'SUFFIX': 'top', 'VIEW': 'top', 'RAYTRACING': True, 'ROTATE_X': 0, 'ROTATE_Y': 0, 'ROTATE_Z': 0, 'ZOOM': 0, 'HEIGHT': 2000, 'WIDTH': 2000, 'KEY_COLOR': '#00FF00', 'PROJECT_NAME': 'LE_V2', 'BOARD_NAME': 'LE_BMS_A_V2', 'COMPANY': 'Company Name', 'DESIGNER': 'Author', 'LOGO': 'Logos/dummy_logo.png', 'GIT_URL': 'https://github.com/nguyen-v/KDT_Hierarchical_KiBot', 'CHECK_ZONE_FILLS': False, 'STACKUP_TABLE_NOTE': 'external layer thicknesses are specified after plating', 'MPN_FIELD': 'Manufacturer Part Number', 'MAN_FIELD': 'Manufacturer', 'GROUP_ROUND_SLOTS': True, 'GROUP_PTH_NPTH': 'no', 'GROUP_PTH_NPTH_DRL': False, 'PLOT_REFS': True, 'COLOR_THEME': 'Altium_Theme', 'SHEET_WKS': '${KIPRJMOD}/Templates/KDT_Template_PCB_GIT_A4.kicad_wks', 'FAB_SCALING': 1, 'ASSEMBLY_SCALING': 1, 'EXCLUDE_REFS': '[MB*]', '3D_VIEWER_ROT_X': 2, '3D_VIEWER_ROT_Y': -1, '3D_VIEWER_ROT_Z': 1, '3D_VIEWER_ZOOM': -1, 'OUTPUT_DIR': './', 'REPORT_DIR': 'Reports', 'SCHEMATIC_DIR': 'Schematic', 'MANUFACTURING_DIR': 'Manufacturing', 'ASSEMBLY_DIR': '@MANUFACTURING_DIR@/Assembly', 'FABRICATION_DIR': '@MANUFACTURING_DIR@/Fabrication', 'GERBERS_DIR': '@FABRICATION_DIR@/Gerbers', 'FAB_DRILL_TABLES_DIR': '@FABRICATION_DIR@/Drill Tables', 'TESTING_DIR': 'Testing', 'TESTPOINTS_DIR': '@TESTING_DIR@/Testpoints', 'IMAGES_DIR': 'Images', '3D_DIR': '3D', 'RESOURCES_DIR': 'kibot_resources', 'REPORT_TEMPLATE_DIR': '@RESOURCES_DIR@/templates', 'SCRIPTS_DIR': '@RESOURCES_DIR@/scripts', 'LAYER_TITLE_PAGE': 'TitlePage', 'LAYER_DNP_TOP': 'F.DNP', 'LAYER_DNP_BOTTOM': 'B.DNP', 'LAYER_DRILL_MAP': 'DrillMap', 'LAYER_TP_LIST_TOP': 'F.TestPointList', 'LAYER_TP_LIST_BOTTOM': 'B.TestPointList', 'LAYER_ASSEMBLY_TEXT_TOP': 'F.AssemblyText', 'LAYER_ASSEMBLY_TEXT_BOTTOM': 'B.AssemblyText', 'LAYER_DNP_CROSS_TOP': 'F.DNP', 'LAYER_DNP_CROSS_BOTTOM': 'B.DNP', 'FILT_FIELD_RENAME': 'field_rename', 'FILT_TP_ONLY': 'only_testpoints', 'FILT_TP_EXCLUDE': 'exclude_testpoints', 'FILT_TP_TOP_ONLY': 'only_testpoints_top', 'FILT_TP_BOTTOM_ONLY': 'only_testpoints_bottom', 'SCH_VARIANT_OUTPUT': 'value_split', 'NETLIST_OUTPUT': 'netlist', 'GERBER_OUTPUT': 'gbr_gerbers', 'ODB_OUTPUT': 'zip_odb', 'EXCELLON_DRILL_OUTPUT': 'drl_excellon', 'PDF_DRILL_MAP_OUTPUT': 'pdf_drill_map', 'DXF_DRILL_MAP_OUTPUT': 'dxf_drill_map', 'CSV_DRILL_TABLE_OUTPUT': 'csv_drill_table', 'CSV_POS_OUTPUT': 'csv_position', 'CSV_TP_OUTPUT': 'csv_testpoints', 'CSV_TP_TOP_OUTPUT': 'csv_testpoints_top', 'CSV_TP_BOTTOM_OUTPUT': 'csv_testpoints_bottom', 'CSV_BOM_OUTPUT': 'csv_bom', 'XLSX_BOM_OUTPUT': 'xlsx_bom', 'HTML_IBOM_OUTPUT': 'html_bom_interactive', 'HTML_BOM_OUTPUT': 'html_bom', 'CSV_COMP_COUNT_OUPUT': 'csv_comp_count', 'CSV_IMPEDANCE_TABLE_OUTPUT': 'csv_impedance_table', 'TXT_FAB_NOTES_OUTPUT': 'txt_fabrication_notes', 'TXT_ASSEMBLY_NOTES_OUTPUT': 'txt_assembly_notes', 'PNG_3D_VIEWER_TOP': 'png_3d_viewer_top', 'PNG_3D_VIEWER_BOTTOM': 'png_3d_viewer_bottom', 'PNG_3D_VIEWER_ANGLED_TOP': 'png_3d_viewer_angled_top', 'PNG_3D_VIEWER_ANGLED_BOTTOM': 'png_3d_viewer_angled_bottom', 'STEP_OUTPUT': 'step', 'BLENDER_OUTPUT': 'blender', 'PDF_SCHEMATIC_OUTPUT': 'pdf_schematic', 'PDF_FABRICATION_OUTPUT': 'pdf_fabrication', 'PDF_ASSEMBLY_OUTPUT': 'pdf_assembly', 'ZIP_COMPRESS_FAB_OUTPUT': 'zip_compress_fab', 'HTML_KICANVAS_OUTPUT': 'html_kicanvas', 'HTML_KIRI_OUTPUT': 'html_kiri', 'MD_README_OUTPUT': 'md_readme', 'HTML_NAV_RES_OUTPUT': 'html_navigate_results'} (kibot - config_reader.py:680)
DEBUG:- Replacing @NAME@ -> png_3d_viewer_top (<class 'str'>) (kibot - config_reader.py:78)
DEBUG:- Replacing @COMMENT@ -> Top 3D viewer PCB render in PNG format (<class 'str'>) (kibot - config_reader.py:78)
DEBUG:- Replacing @DIR@ -> Images (<class 'str'>) (kibot - config_reader.py:78)
DEBUG:- Replacing @SUFFIX@ -> top (<class 'str'>) (kibot - config_reader.py:78)
DEBUG:- Replacing @VIEW@ -> top (<class 'str'>) (kibot - config_reader.py:78)
DEBUG:- Replacing @RAYTRACING@ -> true (<class 'str'>) (kibot - config_reader.py:78)
DEBUG:- Replacing @ROTATE_X@ -> 0 (<class 'str'>) (kibot - config_reader.py:78)
DEBUG:- Replacing @ROTATE_Y@ -> 0 (<class 'str'>) (kibot - config_reader.py:78)
DEBUG:- Replacing @ROTATE_Z@ -> 0 (<class 'str'>) (kibot - config_reader.py:78)
DEBUG:- Replacing @ZOOM@ -> 0 (<class 'str'>) (kibot - config_reader.py:78)
DEBUG:- Replacing @HEIGHT@ -> 2000 (<class 'str'>) (kibot - config_reader.py:78)
DEBUG:- Replacing @WIDTH@ -> 2000 (<class 'str'>) (kibot - config_reader.py:78)
DEBUG:- Replacing @KEY_COLOR@ -> #00FF00 (<class 'str'>) (kibot - config_reader.py:78)
DEBUG:- Applying CLI definitions: {} (kibot - config_reader.py:677)
DEBUG:- Applying collected definitions: {'NAME': 'png_3d_viewer_top', 'COMMENT': 'Top 3D viewer PCB render in PNG format', 'DIR': 'Images', 'SUFFIX': 'top', 'VIEW': 'top', 'RAYTRACING': True, 'ROTATE_X': 0, 'ROTATE_Y': 0, 'ROTATE_Z': 0, 'ZOOM': 0, 'HEIGHT': 2000, 'WIDTH': 2000, 'KEY_COLOR': '#00FF00', 'PROJECT_NAME': 'LE_V2', 'BOARD_NAME': 'LE_BMS_A_V2', 'COMPANY': 'Company Name', 'DESIGNER': 'Author', 'LOGO': 'Logos/dummy_logo.png', 'GIT_URL': 'https://github.com/nguyen-v/KDT_Hierarchical_KiBot', 'CHECK_ZONE_FILLS': False, 'STACKUP_TABLE_NOTE': 'external layer thicknesses are specified after plating', 'MPN_FIELD': 'Manufacturer Part Number', 'MAN_FIELD': 'Manufacturer', 'GROUP_ROUND_SLOTS': True, 'GROUP_PTH_NPTH': 'no', 'GROUP_PTH_NPTH_DRL': False, 'PLOT_REFS': True, 'COLOR_THEME': 'Altium_Theme', 'SHEET_WKS': '${KIPRJMOD}/Templates/KDT_Template_PCB_GIT_A4.kicad_wks', 'FAB_SCALING': 1, 'ASSEMBLY_SCALING': 1, 'EXCLUDE_REFS': '[MB*]', '3D_VIEWER_ROT_X': 2, '3D_VIEWER_ROT_Y': -1, '3D_VIEWER_ROT_Z': 1, '3D_VIEWER_ZOOM': -1, 'OUTPUT_DIR': './', 'REPORT_DIR': 'Reports', 'SCHEMATIC_DIR': 'Schematic', 'MANUFACTURING_DIR': 'Manufacturing', 'ASSEMBLY_DIR': '@MANUFACTURING_DIR@/Assembly', 'FABRICATION_DIR': '@MANUFACTURING_DIR@/Fabrication', 'GERBERS_DIR': '@FABRICATION_DIR@/Gerbers', 'FAB_DRILL_TABLES_DIR': '@FABRICATION_DIR@/Drill Tables', 'TESTING_DIR': 'Testing', 'TESTPOINTS_DIR': '@TESTING_DIR@/Testpoints', 'IMAGES_DIR': 'Images', '3D_DIR': '3D', 'RESOURCES_DIR': 'kibot_resources', 'REPORT_TEMPLATE_DIR': '@RESOURCES_DIR@/templates', 'SCRIPTS_DIR': '@RESOURCES_DIR@/scripts', 'LAYER_TITLE_PAGE': 'TitlePage', 'LAYER_DNP_TOP': 'F.DNP', 'LAYER_DNP_BOTTOM': 'B.DNP', 'LAYER_DRILL_MAP': 'DrillMap', 'LAYER_TP_LIST_TOP': 'F.TestPointList', 'LAYER_TP_LIST_BOTTOM': 'B.TestPointList', 'LAYER_ASSEMBLY_TEXT_TOP': 'F.AssemblyText', 'LAYER_ASSEMBLY_TEXT_BOTTOM': 'B.AssemblyText', 'LAYER_DNP_CROSS_TOP': 'F.DNP', 'LAYER_DNP_CROSS_BOTTOM': 'B.DNP', 'FILT_FIELD_RENAME': 'field_rename', 'FILT_TP_ONLY': 'only_testpoints', 'FILT_TP_EXCLUDE': 'exclude_testpoints', 'FILT_TP_TOP_ONLY': 'only_testpoints_top', 'FILT_TP_BOTTOM_ONLY': 'only_testpoints_bottom', 'SCH_VARIANT_OUTPUT': 'value_split', 'NETLIST_OUTPUT': 'netlist', 'GERBER_OUTPUT': 'gbr_gerbers', 'ODB_OUTPUT': 'zip_odb', 'EXCELLON_DRILL_OUTPUT': 'drl_excellon', 'PDF_DRILL_MAP_OUTPUT': 'pdf_drill_map', 'DXF_DRILL_MAP_OUTPUT': 'dxf_drill_map', 'CSV_DRILL_TABLE_OUTPUT': 'csv_drill_table', 'CSV_POS_OUTPUT': 'csv_position', 'CSV_TP_OUTPUT': 'csv_testpoints', 'CSV_TP_TOP_OUTPUT': 'csv_testpoints_top', 'CSV_TP_BOTTOM_OUTPUT': 'csv_testpoints_bottom', 'CSV_BOM_OUTPUT': 'csv_bom', 'XLSX_BOM_OUTPUT': 'xlsx_bom', 'HTML_IBOM_OUTPUT': 'html_bom_interactive', 'HTML_BOM_OUTPUT': 'html_bom', 'CSV_COMP_COUNT_OUPUT': 'csv_comp_count', 'CSV_IMPEDANCE_TABLE_OUTPUT': 'csv_impedance_table', 'TXT_FAB_NOTES_OUTPUT': 'txt_fabrication_notes', 'TXT_ASSEMBLY_NOTES_OUTPUT': 'txt_assembly_notes', 'PNG_3D_VIEWER_TOP': 'png_3d_viewer_top', 'PNG_3D_VIEWER_BOTTOM': 'png_3d_viewer_bottom', 'PNG_3D_VIEWER_ANGLED_TOP': 'png_3d_viewer_angled_top', 'PNG_3D_VIEWER_ANGLED_BOTTOM': 'png_3d_viewer_angled_bottom', 'STEP_OUTPUT': 'step', 'BLENDER_OUTPUT': 'blender', 'PDF_SCHEMATIC_OUTPUT': 'pdf_schematic', 'PDF_FABRICATION_OUTPUT': 'pdf_fabrication', 'PDF_ASSEMBLY_OUTPUT': 'pdf_assembly', 'ZIP_COMPRESS_FAB_OUTPUT': 'zip_compress_fab', 'HTML_KICANVAS_OUTPUT': 'html_kicanvas', 'HTML_KIRI_OUTPUT': 'html_kiri', 'MD_README_OUTPUT': 'md_readme', 'HTML_NAV_RES_OUTPUT': 'html_navigate_results'} (kibot - config_reader.py:680)
DEBUG:YAML after expanding definitions:
# KiBot output for 3D Viewer renders in PNG format
# https://kibot.readthedocs.io/en/latest/configuration/outputs/render_3d.html

kibot:
  version: 1

outputs:
- name: png_3d_viewer_top
  comment: 'Top 3D viewer PCB render in PNG format'
  type: render_3d
  category: 'Images'
  dir: 'Images'
  options:
    output: '%f-top%I%v.%x'
    auto_crop: true
    enable_crop_workaround: true
    rotate_x: 0
    rotate_y: 0
    rotate_z: 0
    zoom: 0
    height: 2000
    width: 2000
    view: 'top'
    ray_tracing: true
    force_stackup_colors: true
    orthographic: true
    transparent_background: true
    transparent_background_color: '#00FF00'
    transparent_background_fuzz: 40

 (kibot - config_reader.py:686)
DEBUG:Pre-parsing output options for `png_3d_viewer_top` (render_3d) (kibot - config_reader.py:169)
DEBUG:Outputs loaded from `kibot_yaml/kibot_out_png_3d_viewer.yaml`: ['png_3d_viewer_top'] (kibot - config_reader.py:361)
DEBUG:Found local definitions (kibot - config_reader.py:651)
DEBUG:- Local definitions: {'NAME': 'png_3d_viewer', 'COMMENT': '3D viewer PCB render in PNG format', 'DIR': 'Images', 'SUFFIX': '', 'VIEW': 'top', 'RAYTRACING': True, 'ROTATE_X': 0, 'ROTATE_Y': 0, 'ROTATE_Z': 0, 'ZOOM': 0, 'HEIGHT': 2000, 'WIDTH': 2000, 'KEY_COLOR': '#00FF00'} (kibot - config_reader.py:661)
DEBUG:- Current definitions: {'PROJECT_NAME': 'LE_V2', 'BOARD_NAME': 'LE_BMS_A_V2', 'COMPANY': 'Company Name', 'DESIGNER': 'Author', 'LOGO': 'Logos/dummy_logo.png', 'GIT_URL': 'https://github.com/nguyen-v/KDT_Hierarchical_KiBot', 'CHECK_ZONE_FILLS': False, 'STACKUP_TABLE_NOTE': 'external layer thicknesses are specified after plating', 'MPN_FIELD': 'Manufacturer Part Number', 'MAN_FIELD': 'Manufacturer', 'GROUP_ROUND_SLOTS': True, 'GROUP_PTH_NPTH': 'no', 'GROUP_PTH_NPTH_DRL': False, 'PLOT_REFS': True, 'COLOR_THEME': 'Altium_Theme', 'SHEET_WKS': '${KIPRJMOD}/Templates/KDT_Template_PCB_GIT_A4.kicad_wks', 'FAB_SCALING': 1, 'ASSEMBLY_SCALING': 1, 'EXCLUDE_REFS': '[MB*]', '3D_VIEWER_ROT_X': 2, '3D_VIEWER_ROT_Y': -1, '3D_VIEWER_ROT_Z': 1, '3D_VIEWER_ZOOM': -1, 'KEY_COLOR': '#00FF00', 'OUTPUT_DIR': './', 'REPORT_DIR': 'Reports', 'SCHEMATIC_DIR': 'Schematic', 'MANUFACTURING_DIR': 'Manufacturing', 'ASSEMBLY_DIR': '@MANUFACTURING_DIR@/Assembly', 'FABRICATION_DIR': '@MANUFACTURING_DIR@/Fabrication', 'GERBERS_DIR': '@FABRICATION_DIR@/Gerbers', 'FAB_DRILL_TABLES_DIR': '@FABRICATION_DIR@/Drill Tables', 'TESTING_DIR': 'Testing', 'TESTPOINTS_DIR': '@TESTING_DIR@/Testpoints', 'IMAGES_DIR': 'Images', '3D_DIR': '3D', 'RESOURCES_DIR': 'kibot_resources', 'REPORT_TEMPLATE_DIR': '@RESOURCES_DIR@/templates', 'SCRIPTS_DIR': '@RESOURCES_DIR@/scripts', 'LAYER_TITLE_PAGE': 'TitlePage', 'LAYER_DNP_TOP': 'F.DNP', 'LAYER_DNP_BOTTOM': 'B.DNP', 'LAYER_DRILL_MAP': 'DrillMap', 'LAYER_TP_LIST_TOP': 'F.TestPointList', 'LAYER_TP_LIST_BOTTOM': 'B.TestPointList', 'LAYER_ASSEMBLY_TEXT_TOP': 'F.AssemblyText', 'LAYER_ASSEMBLY_TEXT_BOTTOM': 'B.AssemblyText', 'LAYER_DNP_CROSS_TOP': 'F.DNP', 'LAYER_DNP_CROSS_BOTTOM': 'B.DNP', 'FILT_FIELD_RENAME': 'field_rename', 'FILT_TP_ONLY': 'only_testpoints', 'FILT_TP_EXCLUDE': 'exclude_testpoints', 'FILT_TP_TOP_ONLY': 'only_testpoints_top', 'FILT_TP_BOTTOM_ONLY': 'only_testpoints_bottom', 'SCH_VARIANT_OUTPUT': 'value_split', 'NETLIST_OUTPUT': 'netlist', 'GERBER_OUTPUT': 'gbr_gerbers', 'ODB_OUTPUT': 'zip_odb', 'EXCELLON_DRILL_OUTPUT': 'drl_excellon', 'PDF_DRILL_MAP_OUTPUT': 'pdf_drill_map', 'DXF_DRILL_MAP_OUTPUT': 'dxf_drill_map', 'CSV_DRILL_TABLE_OUTPUT': 'csv_drill_table', 'CSV_POS_OUTPUT': 'csv_position', 'CSV_TP_OUTPUT': 'csv_testpoints', 'CSV_TP_TOP_OUTPUT': 'csv_testpoints_top', 'CSV_TP_BOTTOM_OUTPUT': 'csv_testpoints_bottom', 'CSV_BOM_OUTPUT': 'csv_bom', 'XLSX_BOM_OUTPUT': 'xlsx_bom', 'HTML_IBOM_OUTPUT': 'html_bom_interactive', 'HTML_BOM_OUTPUT': 'html_bom', 'CSV_COMP_COUNT_OUPUT': 'csv_comp_count', 'CSV_IMPEDANCE_TABLE_OUTPUT': 'csv_impedance_table', 'TXT_FAB_NOTES_OUTPUT': 'txt_fabrication_notes', 'TXT_ASSEMBLY_NOTES_OUTPUT': 'txt_assembly_notes', 'PNG_3D_VIEWER_TOP': 'png_3d_viewer_top', 'PNG_3D_VIEWER_BOTTOM': 'png_3d_viewer_bottom', 'PNG_3D_VIEWER_ANGLED_TOP': 'png_3d_viewer_angled_top', 'PNG_3D_VIEWER_ANGLED_BOTTOM': 'png_3d_viewer_angled_bottom', 'STEP_OUTPUT': 'step', 'BLENDER_OUTPUT': 'blender', 'PDF_SCHEMATIC_OUTPUT': 'pdf_schematic', 'PDF_FABRICATION_OUTPUT': 'pdf_fabrication', 'PDF_ASSEMBLY_OUTPUT': 'pdf_assembly', 'ZIP_COMPRESS_FAB_OUTPUT': 'zip_compress_fab', 'HTML_KICANVAS_OUTPUT': 'html_kicanvas', 'HTML_KIRI_OUTPUT': 'html_kiri', 'MD_README_OUTPUT': 'md_readme', 'HTML_NAV_RES_OUTPUT': 'html_navigate_results', 'NAME': 'png_3d_viewer_bottom', 'COMMENT': 'Bottom 3D viewer PCB render in PNG format', 'DIR': 'Images', 'SUFFIX': 'bottom', 'VIEW': 'bottom'} (kibot - config_reader.py:662)
DEBUG:- Updated definitions: {'NAME': 'png_3d_viewer_bottom', 'COMMENT': 'Bottom 3D viewer PCB render in PNG format', 'DIR': 'Images', 'SUFFIX': 'bottom', 'VIEW': 'bottom', 'RAYTRACING': True, 'ROTATE_X': 0, 'ROTATE_Y': 0, 'ROTATE_Z': 0, 'ZOOM': 0, 'HEIGHT': 2000, 'WIDTH': 2000, 'KEY_COLOR': '#00FF00', 'PROJECT_NAME': 'LE_V2', 'BOARD_NAME': 'LE_BMS_A_V2', 'COMPANY': 'Company Name', 'DESIGNER': 'Author', 'LOGO': 'Logos/dummy_logo.png', 'GIT_URL': 'https://github.com/nguyen-v/KDT_Hierarchical_KiBot', 'CHECK_ZONE_FILLS': False, 'STACKUP_TABLE_NOTE': 'external layer thicknesses are specified after plating', 'MPN_FIELD': 'Manufacturer Part Number', 'MAN_FIELD': 'Manufacturer', 'GROUP_ROUND_SLOTS': True, 'GROUP_PTH_NPTH': 'no', 'GROUP_PTH_NPTH_DRL': False, 'PLOT_REFS': True, 'COLOR_THEME': 'Altium_Theme', 'SHEET_WKS': '${KIPRJMOD}/Templates/KDT_Template_PCB_GIT_A4.kicad_wks', 'FAB_SCALING': 1, 'ASSEMBLY_SCALING': 1, 'EXCLUDE_REFS': '[MB*]', '3D_VIEWER_ROT_X': 2, '3D_VIEWER_ROT_Y': -1, '3D_VIEWER_ROT_Z': 1, '3D_VIEWER_ZOOM': -1, 'OUTPUT_DIR': './', 'REPORT_DIR': 'Reports', 'SCHEMATIC_DIR': 'Schematic', 'MANUFACTURING_DIR': 'Manufacturing', 'ASSEMBLY_DIR': '@MANUFACTURING_DIR@/Assembly', 'FABRICATION_DIR': '@MANUFACTURING_DIR@/Fabrication', 'GERBERS_DIR': '@FABRICATION_DIR@/Gerbers', 'FAB_DRILL_TABLES_DIR': '@FABRICATION_DIR@/Drill Tables', 'TESTING_DIR': 'Testing', 'TESTPOINTS_DIR': '@TESTING_DIR@/Testpoints', 'IMAGES_DIR': 'Images', '3D_DIR': '3D', 'RESOURCES_DIR': 'kibot_resources', 'REPORT_TEMPLATE_DIR': '@RESOURCES_DIR@/templates', 'SCRIPTS_DIR': '@RESOURCES_DIR@/scripts', 'LAYER_TITLE_PAGE': 'TitlePage', 'LAYER_DNP_TOP': 'F.DNP', 'LAYER_DNP_BOTTOM': 'B.DNP', 'LAYER_DRILL_MAP': 'DrillMap', 'LAYER_TP_LIST_TOP': 'F.TestPointList', 'LAYER_TP_LIST_BOTTOM': 'B.TestPointList', 'LAYER_ASSEMBLY_TEXT_TOP': 'F.AssemblyText', 'LAYER_ASSEMBLY_TEXT_BOTTOM': 'B.AssemblyText', 'LAYER_DNP_CROSS_TOP': 'F.DNP', 'LAYER_DNP_CROSS_BOTTOM': 'B.DNP', 'FILT_FIELD_RENAME': 'field_rename', 'FILT_TP_ONLY': 'only_testpoints', 'FILT_TP_EXCLUDE': 'exclude_testpoints', 'FILT_TP_TOP_ONLY': 'only_testpoints_top', 'FILT_TP_BOTTOM_ONLY': 'only_testpoints_bottom', 'SCH_VARIANT_OUTPUT': 'value_split', 'NETLIST_OUTPUT': 'netlist', 'GERBER_OUTPUT': 'gbr_gerbers', 'ODB_OUTPUT': 'zip_odb', 'EXCELLON_DRILL_OUTPUT': 'drl_excellon', 'PDF_DRILL_MAP_OUTPUT': 'pdf_drill_map', 'DXF_DRILL_MAP_OUTPUT': 'dxf_drill_map', 'CSV_DRILL_TABLE_OUTPUT': 'csv_drill_table', 'CSV_POS_OUTPUT': 'csv_position', 'CSV_TP_OUTPUT': 'csv_testpoints', 'CSV_TP_TOP_OUTPUT': 'csv_testpoints_top', 'CSV_TP_BOTTOM_OUTPUT': 'csv_testpoints_bottom', 'CSV_BOM_OUTPUT': 'csv_bom', 'XLSX_BOM_OUTPUT': 'xlsx_bom', 'HTML_IBOM_OUTPUT': 'html_bom_interactive', 'HTML_BOM_OUTPUT': 'html_bom', 'CSV_COMP_COUNT_OUPUT': 'csv_comp_count', 'CSV_IMPEDANCE_TABLE_OUTPUT': 'csv_impedance_table', 'TXT_FAB_NOTES_OUTPUT': 'txt_fabrication_notes', 'TXT_ASSEMBLY_NOTES_OUTPUT': 'txt_assembly_notes', 'PNG_3D_VIEWER_TOP': 'png_3d_viewer_top', 'PNG_3D_VIEWER_BOTTOM': 'png_3d_viewer_bottom', 'PNG_3D_VIEWER_ANGLED_TOP': 'png_3d_viewer_angled_top', 'PNG_3D_VIEWER_ANGLED_BOTTOM': 'png_3d_viewer_angled_bottom', 'STEP_OUTPUT': 'step', 'BLENDER_OUTPUT': 'blender', 'PDF_SCHEMATIC_OUTPUT': 'pdf_schematic', 'PDF_FABRICATION_OUTPUT': 'pdf_fabrication', 'PDF_ASSEMBLY_OUTPUT': 'pdf_assembly', 'ZIP_COMPRESS_FAB_OUTPUT': 'zip_compress_fab', 'HTML_KICANVAS_OUTPUT': 'html_kicanvas', 'HTML_KIRI_OUTPUT': 'html_kiri', 'MD_README_OUTPUT': 'md_readme', 'HTML_NAV_RES_OUTPUT': 'html_navigate_results'} (kibot - config_reader.py:665)
DEBUG:Applying preprocessor definitions (kibot - config_reader.py:670)
DEBUG:- Applying CLI definitions: {} (kibot - config_reader.py:677)
DEBUG:- Applying collected definitions: {'NAME': 'png_3d_viewer_bottom', 'COMMENT': 'Bottom 3D viewer PCB render in PNG format', 'DIR': 'Images', 'SUFFIX': 'bottom', 'VIEW': 'bottom', 'RAYTRACING': True, 'ROTATE_X': 0, 'ROTATE_Y': 0, 'ROTATE_Z': 0, 'ZOOM': 0, 'HEIGHT': 2000, 'WIDTH': 2000, 'KEY_COLOR': '#00FF00', 'PROJECT_NAME': 'LE_V2', 'BOARD_NAME': 'LE_BMS_A_V2', 'COMPANY': 'Company Name', 'DESIGNER': 'Author', 'LOGO': 'Logos/dummy_logo.png', 'GIT_URL': 'https://github.com/nguyen-v/KDT_Hierarchical_KiBot', 'CHECK_ZONE_FILLS': False, 'STACKUP_TABLE_NOTE': 'external layer thicknesses are specified after plating', 'MPN_FIELD': 'Manufacturer Part Number', 'MAN_FIELD': 'Manufacturer', 'GROUP_ROUND_SLOTS': True, 'GROUP_PTH_NPTH': 'no', 'GROUP_PTH_NPTH_DRL': False, 'PLOT_REFS': True, 'COLOR_THEME': 'Altium_Theme', 'SHEET_WKS': '${KIPRJMOD}/Templates/KDT_Template_PCB_GIT_A4.kicad_wks', 'FAB_SCALING': 1, 'ASSEMBLY_SCALING': 1, 'EXCLUDE_REFS': '[MB*]', '3D_VIEWER_ROT_X': 2, '3D_VIEWER_ROT_Y': -1, '3D_VIEWER_ROT_Z': 1, '3D_VIEWER_ZOOM': -1, 'OUTPUT_DIR': './', 'REPORT_DIR': 'Reports', 'SCHEMATIC_DIR': 'Schematic', 'MANUFACTURING_DIR': 'Manufacturing', 'ASSEMBLY_DIR': '@MANUFACTURING_DIR@/Assembly', 'FABRICATION_DIR': '@MANUFACTURING_DIR@/Fabrication', 'GERBERS_DIR': '@FABRICATION_DIR@/Gerbers', 'FAB_DRILL_TABLES_DIR': '@FABRICATION_DIR@/Drill Tables', 'TESTING_DIR': 'Testing', 'TESTPOINTS_DIR': '@TESTING_DIR@/Testpoints', 'IMAGES_DIR': 'Images', '3D_DIR': '3D', 'RESOURCES_DIR': 'kibot_resources', 'REPORT_TEMPLATE_DIR': '@RESOURCES_DIR@/templates', 'SCRIPTS_DIR': '@RESOURCES_DIR@/scripts', 'LAYER_TITLE_PAGE': 'TitlePage', 'LAYER_DNP_TOP': 'F.DNP', 'LAYER_DNP_BOTTOM': 'B.DNP', 'LAYER_DRILL_MAP': 'DrillMap', 'LAYER_TP_LIST_TOP': 'F.TestPointList', 'LAYER_TP_LIST_BOTTOM': 'B.TestPointList', 'LAYER_ASSEMBLY_TEXT_TOP': 'F.AssemblyText', 'LAYER_ASSEMBLY_TEXT_BOTTOM': 'B.AssemblyText', 'LAYER_DNP_CROSS_TOP': 'F.DNP', 'LAYER_DNP_CROSS_BOTTOM': 'B.DNP', 'FILT_FIELD_RENAME': 'field_rename', 'FILT_TP_ONLY': 'only_testpoints', 'FILT_TP_EXCLUDE': 'exclude_testpoints', 'FILT_TP_TOP_ONLY': 'only_testpoints_top', 'FILT_TP_BOTTOM_ONLY': 'only_testpoints_bottom', 'SCH_VARIANT_OUTPUT': 'value_split', 'NETLIST_OUTPUT': 'netlist', 'GERBER_OUTPUT': 'gbr_gerbers', 'ODB_OUTPUT': 'zip_odb', 'EXCELLON_DRILL_OUTPUT': 'drl_excellon', 'PDF_DRILL_MAP_OUTPUT': 'pdf_drill_map', 'DXF_DRILL_MAP_OUTPUT': 'dxf_drill_map', 'CSV_DRILL_TABLE_OUTPUT': 'csv_drill_table', 'CSV_POS_OUTPUT': 'csv_position', 'CSV_TP_OUTPUT': 'csv_testpoints', 'CSV_TP_TOP_OUTPUT': 'csv_testpoints_top', 'CSV_TP_BOTTOM_OUTPUT': 'csv_testpoints_bottom', 'CSV_BOM_OUTPUT': 'csv_bom', 'XLSX_BOM_OUTPUT': 'xlsx_bom', 'HTML_IBOM_OUTPUT': 'html_bom_interactive', 'HTML_BOM_OUTPUT': 'html_bom', 'CSV_COMP_COUNT_OUPUT': 'csv_comp_count', 'CSV_IMPEDANCE_TABLE_OUTPUT': 'csv_impedance_table', 'TXT_FAB_NOTES_OUTPUT': 'txt_fabrication_notes', 'TXT_ASSEMBLY_NOTES_OUTPUT': 'txt_assembly_notes', 'PNG_3D_VIEWER_TOP': 'png_3d_viewer_top', 'PNG_3D_VIEWER_BOTTOM': 'png_3d_viewer_bottom', 'PNG_3D_VIEWER_ANGLED_TOP': 'png_3d_viewer_angled_top', 'PNG_3D_VIEWER_ANGLED_BOTTOM': 'png_3d_viewer_angled_bottom', 'STEP_OUTPUT': 'step', 'BLENDER_OUTPUT': 'blender', 'PDF_SCHEMATIC_OUTPUT': 'pdf_schematic', 'PDF_FABRICATION_OUTPUT': 'pdf_fabrication', 'PDF_ASSEMBLY_OUTPUT': 'pdf_assembly', 'ZIP_COMPRESS_FAB_OUTPUT': 'zip_compress_fab', 'HTML_KICANVAS_OUTPUT': 'html_kicanvas', 'HTML_KIRI_OUTPUT': 'html_kiri', 'MD_README_OUTPUT': 'md_readme', 'HTML_NAV_RES_OUTPUT': 'html_navigate_results'} (kibot - config_reader.py:680)
DEBUG:- Replacing @NAME@ -> png_3d_viewer_bottom (<class 'str'>) (kibot - config_reader.py:78)
DEBUG:- Replacing @COMMENT@ -> Bottom 3D viewer PCB render in PNG format (<class 'str'>) (kibot - config_reader.py:78)
DEBUG:- Replacing @DIR@ -> Images (<class 'str'>) (kibot - config_reader.py:78)
DEBUG:- Replacing @SUFFIX@ -> bottom (<class 'str'>) (kibot - config_reader.py:78)
DEBUG:- Replacing @VIEW@ -> bottom (<class 'str'>) (kibot - config_reader.py:78)
DEBUG:- Replacing @RAYTRACING@ -> true (<class 'str'>) (kibot - config_reader.py:78)
DEBUG:- Replacing @ROTATE_X@ -> 0 (<class 'str'>) (kibot - config_reader.py:78)
DEBUG:- Replacing @ROTATE_Y@ -> 0 (<class 'str'>) (kibot - config_reader.py:78)
DEBUG:- Replacing @ROTATE_Z@ -> 0 (<class 'str'>) (kibot - config_reader.py:78)
DEBUG:- Replacing @ZOOM@ -> 0 (<class 'str'>) (kibot - config_reader.py:78)
DEBUG:- Replacing @HEIGHT@ -> 2000 (<class 'str'>) (kibot - config_reader.py:78)
DEBUG:- Replacing @WIDTH@ -> 2000 (<class 'str'>) (kibot - config_reader.py:78)
DEBUG:- Replacing @KEY_COLOR@ -> #00FF00 (<class 'str'>) (kibot - config_reader.py:78)
DEBUG:- Applying CLI definitions: {} (kibot - config_reader.py:677)
DEBUG:- Applying collected definitions: {'NAME': 'png_3d_viewer_bottom', 'COMMENT': 'Bottom 3D viewer PCB render in PNG format', 'DIR': 'Images', 'SUFFIX': 'bottom', 'VIEW': 'bottom', 'RAYTRACING': True, 'ROTATE_X': 0, 'ROTATE_Y': 0, 'ROTATE_Z': 0, 'ZOOM': 0, 'HEIGHT': 2000, 'WIDTH': 2000, 'KEY_COLOR': '#00FF00', 'PROJECT_NAME': 'LE_V2', 'BOARD_NAME': 'LE_BMS_A_V2', 'COMPANY': 'Company Name', 'DESIGNER': 'Author', 'LOGO': 'Logos/dummy_logo.png', 'GIT_URL': 'https://github.com/nguyen-v/KDT_Hierarchical_KiBot', 'CHECK_ZONE_FILLS': False, 'STACKUP_TABLE_NOTE': 'external layer thicknesses are specified after plating', 'MPN_FIELD': 'Manufacturer Part Number', 'MAN_FIELD': 'Manufacturer', 'GROUP_ROUND_SLOTS': True, 'GROUP_PTH_NPTH': 'no', 'GROUP_PTH_NPTH_DRL': False, 'PLOT_REFS': True, 'COLOR_THEME': 'Altium_Theme', 'SHEET_WKS': '${KIPRJMOD}/Templates/KDT_Template_PCB_GIT_A4.kicad_wks', 'FAB_SCALING': 1, 'ASSEMBLY_SCALING': 1, 'EXCLUDE_REFS': '[MB*]', '3D_VIEWER_ROT_X': 2, '3D_VIEWER_ROT_Y': -1, '3D_VIEWER_ROT_Z': 1, '3D_VIEWER_ZOOM': -1, 'OUTPUT_DIR': './', 'REPORT_DIR': 'Reports', 'SCHEMATIC_DIR': 'Schematic', 'MANUFACTURING_DIR': 'Manufacturing', 'ASSEMBLY_DIR': '@MANUFACTURING_DIR@/Assembly', 'FABRICATION_DIR': '@MANUFACTURING_DIR@/Fabrication', 'GERBERS_DIR': '@FABRICATION_DIR@/Gerbers', 'FAB_DRILL_TABLES_DIR': '@FABRICATION_DIR@/Drill Tables', 'TESTING_DIR': 'Testing', 'TESTPOINTS_DIR': '@TESTING_DIR@/Testpoints', 'IMAGES_DIR': 'Images', '3D_DIR': '3D', 'RESOURCES_DIR': 'kibot_resources', 'REPORT_TEMPLATE_DIR': '@RESOURCES_DIR@/templates', 'SCRIPTS_DIR': '@RESOURCES_DIR@/scripts', 'LAYER_TITLE_PAGE': 'TitlePage', 'LAYER_DNP_TOP': 'F.DNP', 'LAYER_DNP_BOTTOM': 'B.DNP', 'LAYER_DRILL_MAP': 'DrillMap', 'LAYER_TP_LIST_TOP': 'F.TestPointList', 'LAYER_TP_LIST_BOTTOM': 'B.TestPointList', 'LAYER_ASSEMBLY_TEXT_TOP': 'F.AssemblyText', 'LAYER_ASSEMBLY_TEXT_BOTTOM': 'B.AssemblyText', 'LAYER_DNP_CROSS_TOP': 'F.DNP', 'LAYER_DNP_CROSS_BOTTOM': 'B.DNP', 'FILT_FIELD_RENAME': 'field_rename', 'FILT_TP_ONLY': 'only_testpoints', 'FILT_TP_EXCLUDE': 'exclude_testpoints', 'FILT_TP_TOP_ONLY': 'only_testpoints_top', 'FILT_TP_BOTTOM_ONLY': 'only_testpoints_bottom', 'SCH_VARIANT_OUTPUT': 'value_split', 'NETLIST_OUTPUT': 'netlist', 'GERBER_OUTPUT': 'gbr_gerbers', 'ODB_OUTPUT': 'zip_odb', 'EXCELLON_DRILL_OUTPUT': 'drl_excellon', 'PDF_DRILL_MAP_OUTPUT': 'pdf_drill_map', 'DXF_DRILL_MAP_OUTPUT': 'dxf_drill_map', 'CSV_DRILL_TABLE_OUTPUT': 'csv_drill_table', 'CSV_POS_OUTPUT': 'csv_position', 'CSV_TP_OUTPUT': 'csv_testpoints', 'CSV_TP_TOP_OUTPUT': 'csv_testpoints_top', 'CSV_TP_BOTTOM_OUTPUT': 'csv_testpoints_bottom', 'CSV_BOM_OUTPUT': 'csv_bom', 'XLSX_BOM_OUTPUT': 'xlsx_bom', 'HTML_IBOM_OUTPUT': 'html_bom_interactive', 'HTML_BOM_OUTPUT': 'html_bom', 'CSV_COMP_COUNT_OUPUT': 'csv_comp_count', 'CSV_IMPEDANCE_TABLE_OUTPUT': 'csv_impedance_table', 'TXT_FAB_NOTES_OUTPUT': 'txt_fabrication_notes', 'TXT_ASSEMBLY_NOTES_OUTPUT': 'txt_assembly_notes', 'PNG_3D_VIEWER_TOP': 'png_3d_viewer_top', 'PNG_3D_VIEWER_BOTTOM': 'png_3d_viewer_bottom', 'PNG_3D_VIEWER_ANGLED_TOP': 'png_3d_viewer_angled_top', 'PNG_3D_VIEWER_ANGLED_BOTTOM': 'png_3d_viewer_angled_bottom', 'STEP_OUTPUT': 'step', 'BLENDER_OUTPUT': 'blender', 'PDF_SCHEMATIC_OUTPUT': 'pdf_schematic', 'PDF_FABRICATION_OUTPUT': 'pdf_fabrication', 'PDF_ASSEMBLY_OUTPUT': 'pdf_assembly', 'ZIP_COMPRESS_FAB_OUTPUT': 'zip_compress_fab', 'HTML_KICANVAS_OUTPUT': 'html_kicanvas', 'HTML_KIRI_OUTPUT': 'html_kiri', 'MD_README_OUTPUT': 'md_readme', 'HTML_NAV_RES_OUTPUT': 'html_navigate_results'} (kibot - config_reader.py:680)
DEBUG:YAML after expanding definitions:
# KiBot output for 3D Viewer renders in PNG format
# https://kibot.readthedocs.io/en/latest/configuration/outputs/render_3d.html

kibot:
  version: 1

outputs:
- name: png_3d_viewer_bottom
  comment: 'Bottom 3D viewer PCB render in PNG format'
  type: render_3d
  category: 'Images'
  dir: 'Images'
  options:
    output: '%f-bottom%I%v.%x'
    auto_crop: true
    enable_crop_workaround: true
    rotate_x: 0
    rotate_y: 0
    rotate_z: 0
    zoom: 0
    height: 2000
    width: 2000
    view: 'bottom'
    ray_tracing: true
    force_stackup_colors: true
    orthographic: true
    transparent_background: true
    transparent_background_color: '#00FF00'
    transparent_background_fuzz: 40

 (kibot - config_reader.py:686)
DEBUG:Pre-parsing output options for `png_3d_viewer_bottom` (render_3d) (kibot - config_reader.py:169)
DEBUG:Outputs loaded from `kibot_yaml/kibot_out_png_3d_viewer.yaml`: ['png_3d_viewer_bottom'] (kibot - config_reader.py:361)
DEBUG:Found local definitions (kibot - config_reader.py:651)
DEBUG:- Local definitions: {'NAME': 'png_3d_viewer', 'COMMENT': '3D viewer PCB render in PNG format', 'DIR': 'Images', 'SUFFIX': '', 'VIEW': 'top', 'RAYTRACING': True, 'ROTATE_X': 0, 'ROTATE_Y': 0, 'ROTATE_Z': 0, 'ZOOM': 0, 'HEIGHT': 2000, 'WIDTH': 2000, 'KEY_COLOR': '#00FF00'} (kibot - config_reader.py:661)
DEBUG:- Current definitions: {'PROJECT_NAME': 'LE_V2', 'BOARD_NAME': 'LE_BMS_A_V2', 'COMPANY': 'Company Name', 'DESIGNER': 'Author', 'LOGO': 'Logos/dummy_logo.png', 'GIT_URL': 'https://github.com/nguyen-v/KDT_Hierarchical_KiBot', 'CHECK_ZONE_FILLS': False, 'STACKUP_TABLE_NOTE': 'external layer thicknesses are specified after plating', 'MPN_FIELD': 'Manufacturer Part Number', 'MAN_FIELD': 'Manufacturer', 'GROUP_ROUND_SLOTS': True, 'GROUP_PTH_NPTH': 'no', 'GROUP_PTH_NPTH_DRL': False, 'PLOT_REFS': True, 'COLOR_THEME': 'Altium_Theme', 'SHEET_WKS': '${KIPRJMOD}/Templates/KDT_Template_PCB_GIT_A4.kicad_wks', 'FAB_SCALING': 1, 'ASSEMBLY_SCALING': 1, 'EXCLUDE_REFS': '[MB*]', '3D_VIEWER_ROT_X': 2, '3D_VIEWER_ROT_Y': -1, '3D_VIEWER_ROT_Z': 1, '3D_VIEWER_ZOOM': -1, 'KEY_COLOR': '#00FF00', 'OUTPUT_DIR': './', 'REPORT_DIR': 'Reports', 'SCHEMATIC_DIR': 'Schematic', 'MANUFACTURING_DIR': 'Manufacturing', 'ASSEMBLY_DIR': '@MANUFACTURING_DIR@/Assembly', 'FABRICATION_DIR': '@MANUFACTURING_DIR@/Fabrication', 'GERBERS_DIR': '@FABRICATION_DIR@/Gerbers', 'FAB_DRILL_TABLES_DIR': '@FABRICATION_DIR@/Drill Tables', 'TESTING_DIR': 'Testing', 'TESTPOINTS_DIR': '@TESTING_DIR@/Testpoints', 'IMAGES_DIR': 'Images', '3D_DIR': '3D', 'RESOURCES_DIR': 'kibot_resources', 'REPORT_TEMPLATE_DIR': '@RESOURCES_DIR@/templates', 'SCRIPTS_DIR': '@RESOURCES_DIR@/scripts', 'LAYER_TITLE_PAGE': 'TitlePage', 'LAYER_DNP_TOP': 'F.DNP', 'LAYER_DNP_BOTTOM': 'B.DNP', 'LAYER_DRILL_MAP': 'DrillMap', 'LAYER_TP_LIST_TOP': 'F.TestPointList', 'LAYER_TP_LIST_BOTTOM': 'B.TestPointList', 'LAYER_ASSEMBLY_TEXT_TOP': 'F.AssemblyText', 'LAYER_ASSEMBLY_TEXT_BOTTOM': 'B.AssemblyText', 'LAYER_DNP_CROSS_TOP': 'F.DNP', 'LAYER_DNP_CROSS_BOTTOM': 'B.DNP', 'FILT_FIELD_RENAME': 'field_rename', 'FILT_TP_ONLY': 'only_testpoints', 'FILT_TP_EXCLUDE': 'exclude_testpoints', 'FILT_TP_TOP_ONLY': 'only_testpoints_top', 'FILT_TP_BOTTOM_ONLY': 'only_testpoints_bottom', 'SCH_VARIANT_OUTPUT': 'value_split', 'NETLIST_OUTPUT': 'netlist', 'GERBER_OUTPUT': 'gbr_gerbers', 'ODB_OUTPUT': 'zip_odb', 'EXCELLON_DRILL_OUTPUT': 'drl_excellon', 'PDF_DRILL_MAP_OUTPUT': 'pdf_drill_map', 'DXF_DRILL_MAP_OUTPUT': 'dxf_drill_map', 'CSV_DRILL_TABLE_OUTPUT': 'csv_drill_table', 'CSV_POS_OUTPUT': 'csv_position', 'CSV_TP_OUTPUT': 'csv_testpoints', 'CSV_TP_TOP_OUTPUT': 'csv_testpoints_top', 'CSV_TP_BOTTOM_OUTPUT': 'csv_testpoints_bottom', 'CSV_BOM_OUTPUT': 'csv_bom', 'XLSX_BOM_OUTPUT': 'xlsx_bom', 'HTML_IBOM_OUTPUT': 'html_bom_interactive', 'HTML_BOM_OUTPUT': 'html_bom', 'CSV_COMP_COUNT_OUPUT': 'csv_comp_count', 'CSV_IMPEDANCE_TABLE_OUTPUT': 'csv_impedance_table', 'TXT_FAB_NOTES_OUTPUT': 'txt_fabrication_notes', 'TXT_ASSEMBLY_NOTES_OUTPUT': 'txt_assembly_notes', 'PNG_3D_VIEWER_TOP': 'png_3d_viewer_top', 'PNG_3D_VIEWER_BOTTOM': 'png_3d_viewer_bottom', 'PNG_3D_VIEWER_ANGLED_TOP': 'png_3d_viewer_angled_top', 'PNG_3D_VIEWER_ANGLED_BOTTOM': 'png_3d_viewer_angled_bottom', 'STEP_OUTPUT': 'step', 'BLENDER_OUTPUT': 'blender', 'PDF_SCHEMATIC_OUTPUT': 'pdf_schematic', 'PDF_FABRICATION_OUTPUT': 'pdf_fabrication', 'PDF_ASSEMBLY_OUTPUT': 'pdf_assembly', 'ZIP_COMPRESS_FAB_OUTPUT': 'zip_compress_fab', 'HTML_KICANVAS_OUTPUT': 'html_kicanvas', 'HTML_KIRI_OUTPUT': 'html_kiri', 'MD_README_OUTPUT': 'md_readme', 'HTML_NAV_RES_OUTPUT': 'html_navigate_results', 'NAME': 'png_3d_viewer_angled_top', 'COMMENT': 'Top (angled) 3D viewer PCB render in PNG format', 'DIR': 'Images', 'SUFFIX': 'angled_top', 'VIEW': 'top', 'ROTATE_X': 2, 'ROTATE_Y': -1, 'ROTATE_Z': 1, 'ZOOM': -1} (kibot - config_reader.py:662)
DEBUG:- Updated definitions: {'NAME': 'png_3d_viewer_angled_top', 'COMMENT': 'Top (angled) 3D viewer PCB render in PNG format', 'DIR': 'Images', 'SUFFIX': 'angled_top', 'VIEW': 'top', 'RAYTRACING': True, 'ROTATE_X': 2, 'ROTATE_Y': -1, 'ROTATE_Z': 1, 'ZOOM': -1, 'HEIGHT': 2000, 'WIDTH': 2000, 'KEY_COLOR': '#00FF00', 'PROJECT_NAME': 'LE_V2', 'BOARD_NAME': 'LE_BMS_A_V2', 'COMPANY': 'Company Name', 'DESIGNER': 'Author', 'LOGO': 'Logos/dummy_logo.png', 'GIT_URL': 'https://github.com/nguyen-v/KDT_Hierarchical_KiBot', 'CHECK_ZONE_FILLS': False, 'STACKUP_TABLE_NOTE': 'external layer thicknesses are specified after plating', 'MPN_FIELD': 'Manufacturer Part Number', 'MAN_FIELD': 'Manufacturer', 'GROUP_ROUND_SLOTS': True, 'GROUP_PTH_NPTH': 'no', 'GROUP_PTH_NPTH_DRL': False, 'PLOT_REFS': True, 'COLOR_THEME': 'Altium_Theme', 'SHEET_WKS': '${KIPRJMOD}/Templates/KDT_Template_PCB_GIT_A4.kicad_wks', 'FAB_SCALING': 1, 'ASSEMBLY_SCALING': 1, 'EXCLUDE_REFS': '[MB*]', '3D_VIEWER_ROT_X': 2, '3D_VIEWER_ROT_Y': -1, '3D_VIEWER_ROT_Z': 1, '3D_VIEWER_ZOOM': -1, 'OUTPUT_DIR': './', 'REPORT_DIR': 'Reports', 'SCHEMATIC_DIR': 'Schematic', 'MANUFACTURING_DIR': 'Manufacturing', 'ASSEMBLY_DIR': '@MANUFACTURING_DIR@/Assembly', 'FABRICATION_DIR': '@MANUFACTURING_DIR@/Fabrication', 'GERBERS_DIR': '@FABRICATION_DIR@/Gerbers', 'FAB_DRILL_TABLES_DIR': '@FABRICATION_DIR@/Drill Tables', 'TESTING_DIR': 'Testing', 'TESTPOINTS_DIR': '@TESTING_DIR@/Testpoints', 'IMAGES_DIR': 'Images', '3D_DIR': '3D', 'RESOURCES_DIR': 'kibot_resources', 'REPORT_TEMPLATE_DIR': '@RESOURCES_DIR@/templates', 'SCRIPTS_DIR': '@RESOURCES_DIR@/scripts', 'LAYER_TITLE_PAGE': 'TitlePage', 'LAYER_DNP_TOP': 'F.DNP', 'LAYER_DNP_BOTTOM': 'B.DNP', 'LAYER_DRILL_MAP': 'DrillMap', 'LAYER_TP_LIST_TOP': 'F.TestPointList', 'LAYER_TP_LIST_BOTTOM': 'B.TestPointList', 'LAYER_ASSEMBLY_TEXT_TOP': 'F.AssemblyText', 'LAYER_ASSEMBLY_TEXT_BOTTOM': 'B.AssemblyText', 'LAYER_DNP_CROSS_TOP': 'F.DNP', 'LAYER_DNP_CROSS_BOTTOM': 'B.DNP', 'FILT_FIELD_RENAME': 'field_rename', 'FILT_TP_ONLY': 'only_testpoints', 'FILT_TP_EXCLUDE': 'exclude_testpoints', 'FILT_TP_TOP_ONLY': 'only_testpoints_top', 'FILT_TP_BOTTOM_ONLY': 'only_testpoints_bottom', 'SCH_VARIANT_OUTPUT': 'value_split', 'NETLIST_OUTPUT': 'netlist', 'GERBER_OUTPUT': 'gbr_gerbers', 'ODB_OUTPUT': 'zip_odb', 'EXCELLON_DRILL_OUTPUT': 'drl_excellon', 'PDF_DRILL_MAP_OUTPUT': 'pdf_drill_map', 'DXF_DRILL_MAP_OUTPUT': 'dxf_drill_map', 'CSV_DRILL_TABLE_OUTPUT': 'csv_drill_table', 'CSV_POS_OUTPUT': 'csv_position', 'CSV_TP_OUTPUT': 'csv_testpoints', 'CSV_TP_TOP_OUTPUT': 'csv_testpoints_top', 'CSV_TP_BOTTOM_OUTPUT': 'csv_testpoints_bottom', 'CSV_BOM_OUTPUT': 'csv_bom', 'XLSX_BOM_OUTPUT': 'xlsx_bom', 'HTML_IBOM_OUTPUT': 'html_bom_interactive', 'HTML_BOM_OUTPUT': 'html_bom', 'CSV_COMP_COUNT_OUPUT': 'csv_comp_count', 'CSV_IMPEDANCE_TABLE_OUTPUT': 'csv_impedance_table', 'TXT_FAB_NOTES_OUTPUT': 'txt_fabrication_notes', 'TXT_ASSEMBLY_NOTES_OUTPUT': 'txt_assembly_notes', 'PNG_3D_VIEWER_TOP': 'png_3d_viewer_top', 'PNG_3D_VIEWER_BOTTOM': 'png_3d_viewer_bottom', 'PNG_3D_VIEWER_ANGLED_TOP': 'png_3d_viewer_angled_top', 'PNG_3D_VIEWER_ANGLED_BOTTOM': 'png_3d_viewer_angled_bottom', 'STEP_OUTPUT': 'step', 'BLENDER_OUTPUT': 'blender', 'PDF_SCHEMATIC_OUTPUT': 'pdf_schematic', 'PDF_FABRICATION_OUTPUT': 'pdf_fabrication', 'PDF_ASSEMBLY_OUTPUT': 'pdf_assembly', 'ZIP_COMPRESS_FAB_OUTPUT': 'zip_compress_fab', 'HTML_KICANVAS_OUTPUT': 'html_kicanvas', 'HTML_KIRI_OUTPUT': 'html_kiri', 'MD_README_OUTPUT': 'md_readme', 'HTML_NAV_RES_OUTPUT': 'html_navigate_results'} (kibot - config_reader.py:665)
DEBUG:Applying preprocessor definitions (kibot - config_reader.py:670)
DEBUG:- Applying CLI definitions: {} (kibot - config_reader.py:677)
DEBUG:- Applying collected definitions: {'NAME': 'png_3d_viewer_angled_top', 'COMMENT': 'Top (angled) 3D viewer PCB render in PNG format', 'DIR': 'Images', 'SUFFIX': 'angled_top', 'VIEW': 'top', 'RAYTRACING': True, 'ROTATE_X': 2, 'ROTATE_Y': -1, 'ROTATE_Z': 1, 'ZOOM': -1, 'HEIGHT': 2000, 'WIDTH': 2000, 'KEY_COLOR': '#00FF00', 'PROJECT_NAME': 'LE_V2', 'BOARD_NAME': 'LE_BMS_A_V2', 'COMPANY': 'Company Name', 'DESIGNER': 'Author', 'LOGO': 'Logos/dummy_logo.png', 'GIT_URL': 'https://github.com/nguyen-v/KDT_Hierarchical_KiBot', 'CHECK_ZONE_FILLS': False, 'STACKUP_TABLE_NOTE': 'external layer thicknesses are specified after plating', 'MPN_FIELD': 'Manufacturer Part Number', 'MAN_FIELD': 'Manufacturer', 'GROUP_ROUND_SLOTS': True, 'GROUP_PTH_NPTH': 'no', 'GROUP_PTH_NPTH_DRL': False, 'PLOT_REFS': True, 'COLOR_THEME': 'Altium_Theme', 'SHEET_WKS': '${KIPRJMOD}/Templates/KDT_Template_PCB_GIT_A4.kicad_wks', 'FAB_SCALING': 1, 'ASSEMBLY_SCALING': 1, 'EXCLUDE_REFS': '[MB*]', '3D_VIEWER_ROT_X': 2, '3D_VIEWER_ROT_Y': -1, '3D_VIEWER_ROT_Z': 1, '3D_VIEWER_ZOOM': -1, 'OUTPUT_DIR': './', 'REPORT_DIR': 'Reports', 'SCHEMATIC_DIR': 'Schematic', 'MANUFACTURING_DIR': 'Manufacturing', 'ASSEMBLY_DIR': '@MANUFACTURING_DIR@/Assembly', 'FABRICATION_DIR': '@MANUFACTURING_DIR@/Fabrication', 'GERBERS_DIR': '@FABRICATION_DIR@/Gerbers', 'FAB_DRILL_TABLES_DIR': '@FABRICATION_DIR@/Drill Tables', 'TESTING_DIR': 'Testing', 'TESTPOINTS_DIR': '@TESTING_DIR@/Testpoints', 'IMAGES_DIR': 'Images', '3D_DIR': '3D', 'RESOURCES_DIR': 'kibot_resources', 'REPORT_TEMPLATE_DIR': '@RESOURCES_DIR@/templates', 'SCRIPTS_DIR': '@RESOURCES_DIR@/scripts', 'LAYER_TITLE_PAGE': 'TitlePage', 'LAYER_DNP_TOP': 'F.DNP', 'LAYER_DNP_BOTTOM': 'B.DNP', 'LAYER_DRILL_MAP': 'DrillMap', 'LAYER_TP_LIST_TOP': 'F.TestPointList', 'LAYER_TP_LIST_BOTTOM': 'B.TestPointList', 'LAYER_ASSEMBLY_TEXT_TOP': 'F.AssemblyText', 'LAYER_ASSEMBLY_TEXT_BOTTOM': 'B.AssemblyText', 'LAYER_DNP_CROSS_TOP': 'F.DNP', 'LAYER_DNP_CROSS_BOTTOM': 'B.DNP', 'FILT_FIELD_RENAME': 'field_rename', 'FILT_TP_ONLY': 'only_testpoints', 'FILT_TP_EXCLUDE': 'exclude_testpoints', 'FILT_TP_TOP_ONLY': 'only_testpoints_top', 'FILT_TP_BOTTOM_ONLY': 'only_testpoints_bottom', 'SCH_VARIANT_OUTPUT': 'value_split', 'NETLIST_OUTPUT': 'netlist', 'GERBER_OUTPUT': 'gbr_gerbers', 'ODB_OUTPUT': 'zip_odb', 'EXCELLON_DRILL_OUTPUT': 'drl_excellon', 'PDF_DRILL_MAP_OUTPUT': 'pdf_drill_map', 'DXF_DRILL_MAP_OUTPUT': 'dxf_drill_map', 'CSV_DRILL_TABLE_OUTPUT': 'csv_drill_table', 'CSV_POS_OUTPUT': 'csv_position', 'CSV_TP_OUTPUT': 'csv_testpoints', 'CSV_TP_TOP_OUTPUT': 'csv_testpoints_top', 'CSV_TP_BOTTOM_OUTPUT': 'csv_testpoints_bottom', 'CSV_BOM_OUTPUT': 'csv_bom', 'XLSX_BOM_OUTPUT': 'xlsx_bom', 'HTML_IBOM_OUTPUT': 'html_bom_interactive', 'HTML_BOM_OUTPUT': 'html_bom', 'CSV_COMP_COUNT_OUPUT': 'csv_comp_count', 'CSV_IMPEDANCE_TABLE_OUTPUT': 'csv_impedance_table', 'TXT_FAB_NOTES_OUTPUT': 'txt_fabrication_notes', 'TXT_ASSEMBLY_NOTES_OUTPUT': 'txt_assembly_notes', 'PNG_3D_VIEWER_TOP': 'png_3d_viewer_top', 'PNG_3D_VIEWER_BOTTOM': 'png_3d_viewer_bottom', 'PNG_3D_VIEWER_ANGLED_TOP': 'png_3d_viewer_angled_top', 'PNG_3D_VIEWER_ANGLED_BOTTOM': 'png_3d_viewer_angled_bottom', 'STEP_OUTPUT': 'step', 'BLENDER_OUTPUT': 'blender', 'PDF_SCHEMATIC_OUTPUT': 'pdf_schematic', 'PDF_FABRICATION_OUTPUT': 'pdf_fabrication', 'PDF_ASSEMBLY_OUTPUT': 'pdf_assembly', 'ZIP_COMPRESS_FAB_OUTPUT': 'zip_compress_fab', 'HTML_KICANVAS_OUTPUT': 'html_kicanvas', 'HTML_KIRI_OUTPUT': 'html_kiri', 'MD_README_OUTPUT': 'md_readme', 'HTML_NAV_RES_OUTPUT': 'html_navigate_results'} (kibot - config_reader.py:680)
DEBUG:- Replacing @NAME@ -> png_3d_viewer_angled_top (<class 'str'>) (kibot - config_reader.py:78)
DEBUG:- Replacing @COMMENT@ -> Top (angled) 3D viewer PCB render in PNG format (<class 'str'>) (kibot - config_reader.py:78)
DEBUG:- Replacing @DIR@ -> Images (<class 'str'>) (kibot - config_reader.py:78)
DEBUG:- Replacing @SUFFIX@ -> angled_top (<class 'str'>) (kibot - config_reader.py:78)
DEBUG:- Replacing @VIEW@ -> top (<class 'str'>) (kibot - config_reader.py:78)
DEBUG:- Replacing @RAYTRACING@ -> true (<class 'str'>) (kibot - config_reader.py:78)
DEBUG:- Replacing @ROTATE_X@ -> 2 (<class 'str'>) (kibot - config_reader.py:78)
DEBUG:- Replacing @ROTATE_Y@ -> -1 (<class 'str'>) (kibot - config_reader.py:78)
DEBUG:- Replacing @ROTATE_Z@ -> 1 (<class 'str'>) (kibot - config_reader.py:78)
DEBUG:- Replacing @ZOOM@ -> -1 (<class 'str'>) (kibot - config_reader.py:78)
DEBUG:- Replacing @HEIGHT@ -> 2000 (<class 'str'>) (kibot - config_reader.py:78)
DEBUG:- Replacing @WIDTH@ -> 2000 (<class 'str'>) (kibot - config_reader.py:78)
DEBUG:- Replacing @KEY_COLOR@ -> #00FF00 (<class 'str'>) (kibot - config_reader.py:78)
DEBUG:- Applying CLI definitions: {} (kibot - config_reader.py:677)
DEBUG:- Applying collected definitions: {'NAME': 'png_3d_viewer_angled_top', 'COMMENT': 'Top (angled) 3D viewer PCB render in PNG format', 'DIR': 'Images', 'SUFFIX': 'angled_top', 'VIEW': 'top', 'RAYTRACING': True, 'ROTATE_X': 2, 'ROTATE_Y': -1, 'ROTATE_Z': 1, 'ZOOM': -1, 'HEIGHT': 2000, 'WIDTH': 2000, 'KEY_COLOR': '#00FF00', 'PROJECT_NAME': 'LE_V2', 'BOARD_NAME': 'LE_BMS_A_V2', 'COMPANY': 'Company Name', 'DESIGNER': 'Author', 'LOGO': 'Logos/dummy_logo.png', 'GIT_URL': 'https://github.com/nguyen-v/KDT_Hierarchical_KiBot', 'CHECK_ZONE_FILLS': False, 'STACKUP_TABLE_NOTE': 'external layer thicknesses are specified after plating', 'MPN_FIELD': 'Manufacturer Part Number', 'MAN_FIELD': 'Manufacturer', 'GROUP_ROUND_SLOTS': True, 'GROUP_PTH_NPTH': 'no', 'GROUP_PTH_NPTH_DRL': False, 'PLOT_REFS': True, 'COLOR_THEME': 'Altium_Theme', 'SHEET_WKS': '${KIPRJMOD}/Templates/KDT_Template_PCB_GIT_A4.kicad_wks', 'FAB_SCALING': 1, 'ASSEMBLY_SCALING': 1, 'EXCLUDE_REFS': '[MB*]', '3D_VIEWER_ROT_X': 2, '3D_VIEWER_ROT_Y': -1, '3D_VIEWER_ROT_Z': 1, '3D_VIEWER_ZOOM': -1, 'OUTPUT_DIR': './', 'REPORT_DIR': 'Reports', 'SCHEMATIC_DIR': 'Schematic', 'MANUFACTURING_DIR': 'Manufacturing', 'ASSEMBLY_DIR': '@MANUFACTURING_DIR@/Assembly', 'FABRICATION_DIR': '@MANUFACTURING_DIR@/Fabrication', 'GERBERS_DIR': '@FABRICATION_DIR@/Gerbers', 'FAB_DRILL_TABLES_DIR': '@FABRICATION_DIR@/Drill Tables', 'TESTING_DIR': 'Testing', 'TESTPOINTS_DIR': '@TESTING_DIR@/Testpoints', 'IMAGES_DIR': 'Images', '3D_DIR': '3D', 'RESOURCES_DIR': 'kibot_resources', 'REPORT_TEMPLATE_DIR': '@RESOURCES_DIR@/templates', 'SCRIPTS_DIR': '@RESOURCES_DIR@/scripts', 'LAYER_TITLE_PAGE': 'TitlePage', 'LAYER_DNP_TOP': 'F.DNP', 'LAYER_DNP_BOTTOM': 'B.DNP', 'LAYER_DRILL_MAP': 'DrillMap', 'LAYER_TP_LIST_TOP': 'F.TestPointList', 'LAYER_TP_LIST_BOTTOM': 'B.TestPointList', 'LAYER_ASSEMBLY_TEXT_TOP': 'F.AssemblyText', 'LAYER_ASSEMBLY_TEXT_BOTTOM': 'B.AssemblyText', 'LAYER_DNP_CROSS_TOP': 'F.DNP', 'LAYER_DNP_CROSS_BOTTOM': 'B.DNP', 'FILT_FIELD_RENAME': 'field_rename', 'FILT_TP_ONLY': 'only_testpoints', 'FILT_TP_EXCLUDE': 'exclude_testpoints', 'FILT_TP_TOP_ONLY': 'only_testpoints_top', 'FILT_TP_BOTTOM_ONLY': 'only_testpoints_bottom', 'SCH_VARIANT_OUTPUT': 'value_split', 'NETLIST_OUTPUT': 'netlist', 'GERBER_OUTPUT': 'gbr_gerbers', 'ODB_OUTPUT': 'zip_odb', 'EXCELLON_DRILL_OUTPUT': 'drl_excellon', 'PDF_DRILL_MAP_OUTPUT': 'pdf_drill_map', 'DXF_DRILL_MAP_OUTPUT': 'dxf_drill_map', 'CSV_DRILL_TABLE_OUTPUT': 'csv_drill_table', 'CSV_POS_OUTPUT': 'csv_position', 'CSV_TP_OUTPUT': 'csv_testpoints', 'CSV_TP_TOP_OUTPUT': 'csv_testpoints_top', 'CSV_TP_BOTTOM_OUTPUT': 'csv_testpoints_bottom', 'CSV_BOM_OUTPUT': 'csv_bom', 'XLSX_BOM_OUTPUT': 'xlsx_bom', 'HTML_IBOM_OUTPUT': 'html_bom_interactive', 'HTML_BOM_OUTPUT': 'html_bom', 'CSV_COMP_COUNT_OUPUT': 'csv_comp_count', 'CSV_IMPEDANCE_TABLE_OUTPUT': 'csv_impedance_table', 'TXT_FAB_NOTES_OUTPUT': 'txt_fabrication_notes', 'TXT_ASSEMBLY_NOTES_OUTPUT': 'txt_assembly_notes', 'PNG_3D_VIEWER_TOP': 'png_3d_viewer_top', 'PNG_3D_VIEWER_BOTTOM': 'png_3d_viewer_bottom', 'PNG_3D_VIEWER_ANGLED_TOP': 'png_3d_viewer_angled_top', 'PNG_3D_VIEWER_ANGLED_BOTTOM': 'png_3d_viewer_angled_bottom', 'STEP_OUTPUT': 'step', 'BLENDER_OUTPUT': 'blender', 'PDF_SCHEMATIC_OUTPUT': 'pdf_schematic', 'PDF_FABRICATION_OUTPUT': 'pdf_fabrication', 'PDF_ASSEMBLY_OUTPUT': 'pdf_assembly', 'ZIP_COMPRESS_FAB_OUTPUT': 'zip_compress_fab', 'HTML_KICANVAS_OUTPUT': 'html_kicanvas', 'HTML_KIRI_OUTPUT': 'html_kiri', 'MD_README_OUTPUT': 'md_readme', 'HTML_NAV_RES_OUTPUT': 'html_navigate_results'} (kibot - config_reader.py:680)
DEBUG:YAML after expanding definitions:
# KiBot output for 3D Viewer renders in PNG format
# https://kibot.readthedocs.io/en/latest/configuration/outputs/render_3d.html

kibot:
  version: 1

outputs:
- name: png_3d_viewer_angled_top
  comment: 'Top (angled) 3D viewer PCB render in PNG format'
  type: render_3d
  category: 'Images'
  dir: 'Images'
  options:
    output: '%f-angled_top%I%v.%x'
    auto_crop: true
    enable_crop_workaround: true
    rotate_x: 2
    rotate_y: -1
    rotate_z: 1
    zoom: -1
    height: 2000
    width: 2000
    view: 'top'
    ray_tracing: true
    force_stackup_colors: true
    orthographic: true
    transparent_background: true
    transparent_background_color: '#00FF00'
    transparent_background_fuzz: 40

 (kibot - config_reader.py:686)
DEBUG:Pre-parsing output options for `png_3d_viewer_angled_top` (render_3d) (kibot - config_reader.py:169)
DEBUG:Outputs loaded from `kibot_yaml/kibot_out_png_3d_viewer.yaml`: ['png_3d_viewer_angled_top'] (kibot - config_reader.py:361)
DEBUG:Found local definitions (kibot - config_reader.py:651)
DEBUG:- Local definitions: {'NAME': 'png_3d_viewer', 'COMMENT': '3D viewer PCB render in PNG format', 'DIR': 'Images', 'SUFFIX': '', 'VIEW': 'top', 'RAYTRACING': True, 'ROTATE_X': 0, 'ROTATE_Y': 0, 'ROTATE_Z': 0, 'ZOOM': 0, 'HEIGHT': 2000, 'WIDTH': 2000, 'KEY_COLOR': '#00FF00'} (kibot - config_reader.py:661)
DEBUG:- Current definitions: {'PROJECT_NAME': 'LE_V2', 'BOARD_NAME': 'LE_BMS_A_V2', 'COMPANY': 'Company Name', 'DESIGNER': 'Author', 'LOGO': 'Logos/dummy_logo.png', 'GIT_URL': 'https://github.com/nguyen-v/KDT_Hierarchical_KiBot', 'CHECK_ZONE_FILLS': False, 'STACKUP_TABLE_NOTE': 'external layer thicknesses are specified after plating', 'MPN_FIELD': 'Manufacturer Part Number', 'MAN_FIELD': 'Manufacturer', 'GROUP_ROUND_SLOTS': True, 'GROUP_PTH_NPTH': 'no', 'GROUP_PTH_NPTH_DRL': False, 'PLOT_REFS': True, 'COLOR_THEME': 'Altium_Theme', 'SHEET_WKS': '${KIPRJMOD}/Templates/KDT_Template_PCB_GIT_A4.kicad_wks', 'FAB_SCALING': 1, 'ASSEMBLY_SCALING': 1, 'EXCLUDE_REFS': '[MB*]', '3D_VIEWER_ROT_X': 2, '3D_VIEWER_ROT_Y': -1, '3D_VIEWER_ROT_Z': 1, '3D_VIEWER_ZOOM': -1, 'KEY_COLOR': '#00FF00', 'OUTPUT_DIR': './', 'REPORT_DIR': 'Reports', 'SCHEMATIC_DIR': 'Schematic', 'MANUFACTURING_DIR': 'Manufacturing', 'ASSEMBLY_DIR': '@MANUFACTURING_DIR@/Assembly', 'FABRICATION_DIR': '@MANUFACTURING_DIR@/Fabrication', 'GERBERS_DIR': '@FABRICATION_DIR@/Gerbers', 'FAB_DRILL_TABLES_DIR': '@FABRICATION_DIR@/Drill Tables', 'TESTING_DIR': 'Testing', 'TESTPOINTS_DIR': '@TESTING_DIR@/Testpoints', 'IMAGES_DIR': 'Images', '3D_DIR': '3D', 'RESOURCES_DIR': 'kibot_resources', 'REPORT_TEMPLATE_DIR': '@RESOURCES_DIR@/templates', 'SCRIPTS_DIR': '@RESOURCES_DIR@/scripts', 'LAYER_TITLE_PAGE': 'TitlePage', 'LAYER_DNP_TOP': 'F.DNP', 'LAYER_DNP_BOTTOM': 'B.DNP', 'LAYER_DRILL_MAP': 'DrillMap', 'LAYER_TP_LIST_TOP': 'F.TestPointList', 'LAYER_TP_LIST_BOTTOM': 'B.TestPointList', 'LAYER_ASSEMBLY_TEXT_TOP': 'F.AssemblyText', 'LAYER_ASSEMBLY_TEXT_BOTTOM': 'B.AssemblyText', 'LAYER_DNP_CROSS_TOP': 'F.DNP', 'LAYER_DNP_CROSS_BOTTOM': 'B.DNP', 'FILT_FIELD_RENAME': 'field_rename', 'FILT_TP_ONLY': 'only_testpoints', 'FILT_TP_EXCLUDE': 'exclude_testpoints', 'FILT_TP_TOP_ONLY': 'only_testpoints_top', 'FILT_TP_BOTTOM_ONLY': 'only_testpoints_bottom', 'SCH_VARIANT_OUTPUT': 'value_split', 'NETLIST_OUTPUT': 'netlist', 'GERBER_OUTPUT': 'gbr_gerbers', 'ODB_OUTPUT': 'zip_odb', 'EXCELLON_DRILL_OUTPUT': 'drl_excellon', 'PDF_DRILL_MAP_OUTPUT': 'pdf_drill_map', 'DXF_DRILL_MAP_OUTPUT': 'dxf_drill_map', 'CSV_DRILL_TABLE_OUTPUT': 'csv_drill_table', 'CSV_POS_OUTPUT': 'csv_position', 'CSV_TP_OUTPUT': 'csv_testpoints', 'CSV_TP_TOP_OUTPUT': 'csv_testpoints_top', 'CSV_TP_BOTTOM_OUTPUT': 'csv_testpoints_bottom', 'CSV_BOM_OUTPUT': 'csv_bom', 'XLSX_BOM_OUTPUT': 'xlsx_bom', 'HTML_IBOM_OUTPUT': 'html_bom_interactive', 'HTML_BOM_OUTPUT': 'html_bom', 'CSV_COMP_COUNT_OUPUT': 'csv_comp_count', 'CSV_IMPEDANCE_TABLE_OUTPUT': 'csv_impedance_table', 'TXT_FAB_NOTES_OUTPUT': 'txt_fabrication_notes', 'TXT_ASSEMBLY_NOTES_OUTPUT': 'txt_assembly_notes', 'PNG_3D_VIEWER_TOP': 'png_3d_viewer_top', 'PNG_3D_VIEWER_BOTTOM': 'png_3d_viewer_bottom', 'PNG_3D_VIEWER_ANGLED_TOP': 'png_3d_viewer_angled_top', 'PNG_3D_VIEWER_ANGLED_BOTTOM': 'png_3d_viewer_angled_bottom', 'STEP_OUTPUT': 'step', 'BLENDER_OUTPUT': 'blender', 'PDF_SCHEMATIC_OUTPUT': 'pdf_schematic', 'PDF_FABRICATION_OUTPUT': 'pdf_fabrication', 'PDF_ASSEMBLY_OUTPUT': 'pdf_assembly', 'ZIP_COMPRESS_FAB_OUTPUT': 'zip_compress_fab', 'HTML_KICANVAS_OUTPUT': 'html_kicanvas', 'HTML_KIRI_OUTPUT': 'html_kiri', 'MD_README_OUTPUT': 'md_readme', 'HTML_NAV_RES_OUTPUT': 'html_navigate_results', 'NAME': 'png_3d_viewer_angled_bottom', 'COMMENT': 'Bottom (angled) 3D viewer PCB render in PNG format', 'DIR': 'Images', 'SUFFIX': 'angled_bottom', 'VIEW': 'bottom', 'ROTATE_X': 2, 'ROTATE_Y': -1, 'ROTATE_Z': -1, 'ZOOM': -1} (kibot - config_reader.py:662)
DEBUG:- Updated definitions: {'NAME': 'png_3d_viewer_angled_bottom', 'COMMENT': 'Bottom (angled) 3D viewer PCB render in PNG format', 'DIR': 'Images', 'SUFFIX': 'angled_bottom', 'VIEW': 'bottom', 'RAYTRACING': True, 'ROTATE_X': 2, 'ROTATE_Y': -1, 'ROTATE_Z': -1, 'ZOOM': -1, 'HEIGHT': 2000, 'WIDTH': 2000, 'KEY_COLOR': '#00FF00', 'PROJECT_NAME': 'LE_V2', 'BOARD_NAME': 'LE_BMS_A_V2', 'COMPANY': 'Company Name', 'DESIGNER': 'Author', 'LOGO': 'Logos/dummy_logo.png', 'GIT_URL': 'https://github.com/nguyen-v/KDT_Hierarchical_KiBot', 'CHECK_ZONE_FILLS': False, 'STACKUP_TABLE_NOTE': 'external layer thicknesses are specified after plating', 'MPN_FIELD': 'Manufacturer Part Number', 'MAN_FIELD': 'Manufacturer', 'GROUP_ROUND_SLOTS': True, 'GROUP_PTH_NPTH': 'no', 'GROUP_PTH_NPTH_DRL': False, 'PLOT_REFS': True, 'COLOR_THEME': 'Altium_Theme', 'SHEET_WKS': '${KIPRJMOD}/Templates/KDT_Template_PCB_GIT_A4.kicad_wks', 'FAB_SCALING': 1, 'ASSEMBLY_SCALING': 1, 'EXCLUDE_REFS': '[MB*]', '3D_VIEWER_ROT_X': 2, '3D_VIEWER_ROT_Y': -1, '3D_VIEWER_ROT_Z': 1, '3D_VIEWER_ZOOM': -1, 'OUTPUT_DIR': './', 'REPORT_DIR': 'Reports', 'SCHEMATIC_DIR': 'Schematic', 'MANUFACTURING_DIR': 'Manufacturing', 'ASSEMBLY_DIR': '@MANUFACTURING_DIR@/Assembly', 'FABRICATION_DIR': '@MANUFACTURING_DIR@/Fabrication', 'GERBERS_DIR': '@FABRICATION_DIR@/Gerbers', 'FAB_DRILL_TABLES_DIR': '@FABRICATION_DIR@/Drill Tables', 'TESTING_DIR': 'Testing', 'TESTPOINTS_DIR': '@TESTING_DIR@/Testpoints', 'IMAGES_DIR': 'Images', '3D_DIR': '3D', 'RESOURCES_DIR': 'kibot_resources', 'REPORT_TEMPLATE_DIR': '@RESOURCES_DIR@/templates', 'SCRIPTS_DIR': '@RESOURCES_DIR@/scripts', 'LAYER_TITLE_PAGE': 'TitlePage', 'LAYER_DNP_TOP': 'F.DNP', 'LAYER_DNP_BOTTOM': 'B.DNP', 'LAYER_DRILL_MAP': 'DrillMap', 'LAYER_TP_LIST_TOP': 'F.TestPointList', 'LAYER_TP_LIST_BOTTOM': 'B.TestPointList', 'LAYER_ASSEMBLY_TEXT_TOP': 'F.AssemblyText', 'LAYER_ASSEMBLY_TEXT_BOTTOM': 'B.AssemblyText', 'LAYER_DNP_CROSS_TOP': 'F.DNP', 'LAYER_DNP_CROSS_BOTTOM': 'B.DNP', 'FILT_FIELD_RENAME': 'field_rename', 'FILT_TP_ONLY': 'only_testpoints', 'FILT_TP_EXCLUDE': 'exclude_testpoints', 'FILT_TP_TOP_ONLY': 'only_testpoints_top', 'FILT_TP_BOTTOM_ONLY': 'only_testpoints_bottom', 'SCH_VARIANT_OUTPUT': 'value_split', 'NETLIST_OUTPUT': 'netlist', 'GERBER_OUTPUT': 'gbr_gerbers', 'ODB_OUTPUT': 'zip_odb', 'EXCELLON_DRILL_OUTPUT': 'drl_excellon', 'PDF_DRILL_MAP_OUTPUT': 'pdf_drill_map', 'DXF_DRILL_MAP_OUTPUT': 'dxf_drill_map', 'CSV_DRILL_TABLE_OUTPUT': 'csv_drill_table', 'CSV_POS_OUTPUT': 'csv_position', 'CSV_TP_OUTPUT': 'csv_testpoints', 'CSV_TP_TOP_OUTPUT': 'csv_testpoints_top', 'CSV_TP_BOTTOM_OUTPUT': 'csv_testpoints_bottom', 'CSV_BOM_OUTPUT': 'csv_bom', 'XLSX_BOM_OUTPUT': 'xlsx_bom', 'HTML_IBOM_OUTPUT': 'html_bom_interactive', 'HTML_BOM_OUTPUT': 'html_bom', 'CSV_COMP_COUNT_OUPUT': 'csv_comp_count', 'CSV_IMPEDANCE_TABLE_OUTPUT': 'csv_impedance_table', 'TXT_FAB_NOTES_OUTPUT': 'txt_fabrication_notes', 'TXT_ASSEMBLY_NOTES_OUTPUT': 'txt_assembly_notes', 'PNG_3D_VIEWER_TOP': 'png_3d_viewer_top', 'PNG_3D_VIEWER_BOTTOM': 'png_3d_viewer_bottom', 'PNG_3D_VIEWER_ANGLED_TOP': 'png_3d_viewer_angled_top', 'PNG_3D_VIEWER_ANGLED_BOTTOM': 'png_3d_viewer_angled_bottom', 'STEP_OUTPUT': 'step', 'BLENDER_OUTPUT': 'blender', 'PDF_SCHEMATIC_OUTPUT': 'pdf_schematic', 'PDF_FABRICATION_OUTPUT': 'pdf_fabrication', 'PDF_ASSEMBLY_OUTPUT': 'pdf_assembly', 'ZIP_COMPRESS_FAB_OUTPUT': 'zip_compress_fab', 'HTML_KICANVAS_OUTPUT': 'html_kicanvas', 'HTML_KIRI_OUTPUT': 'html_kiri', 'MD_README_OUTPUT': 'md_readme', 'HTML_NAV_RES_OUTPUT': 'html_navigate_results'} (kibot - config_reader.py:665)
DEBUG:Applying preprocessor definitions (kibot - config_reader.py:670)
DEBUG:- Applying CLI definitions: {} (kibot - config_reader.py:677)
DEBUG:- Applying collected definitions: {'NAME': 'png_3d_viewer_angled_bottom', 'COMMENT': 'Bottom (angled) 3D viewer PCB render in PNG format', 'DIR': 'Images', 'SUFFIX': 'angled_bottom', 'VIEW': 'bottom', 'RAYTRACING': True, 'ROTATE_X': 2, 'ROTATE_Y': -1, 'ROTATE_Z': -1, 'ZOOM': -1, 'HEIGHT': 2000, 'WIDTH': 2000, 'KEY_COLOR': '#00FF00', 'PROJECT_NAME': 'LE_V2', 'BOARD_NAME': 'LE_BMS_A_V2', 'COMPANY': 'Company Name', 'DESIGNER': 'Author', 'LOGO': 'Logos/dummy_logo.png', 'GIT_URL': 'https://github.com/nguyen-v/KDT_Hierarchical_KiBot', 'CHECK_ZONE_FILLS': False, 'STACKUP_TABLE_NOTE': 'external layer thicknesses are specified after plating', 'MPN_FIELD': 'Manufacturer Part Number', 'MAN_FIELD': 'Manufacturer', 'GROUP_ROUND_SLOTS': True, 'GROUP_PTH_NPTH': 'no', 'GROUP_PTH_NPTH_DRL': False, 'PLOT_REFS': True, 'COLOR_THEME': 'Altium_Theme', 'SHEET_WKS': '${KIPRJMOD}/Templates/KDT_Template_PCB_GIT_A4.kicad_wks', 'FAB_SCALING': 1, 'ASSEMBLY_SCALING': 1, 'EXCLUDE_REFS': '[MB*]', '3D_VIEWER_ROT_X': 2, '3D_VIEWER_ROT_Y': -1, '3D_VIEWER_ROT_Z': 1, '3D_VIEWER_ZOOM': -1, 'OUTPUT_DIR': './', 'REPORT_DIR': 'Reports', 'SCHEMATIC_DIR': 'Schematic', 'MANUFACTURING_DIR': 'Manufacturing', 'ASSEMBLY_DIR': '@MANUFACTURING_DIR@/Assembly', 'FABRICATION_DIR': '@MANUFACTURING_DIR@/Fabrication', 'GERBERS_DIR': '@FABRICATION_DIR@/Gerbers', 'FAB_DRILL_TABLES_DIR': '@FABRICATION_DIR@/Drill Tables', 'TESTING_DIR': 'Testing', 'TESTPOINTS_DIR': '@TESTING_DIR@/Testpoints', 'IMAGES_DIR': 'Images', '3D_DIR': '3D', 'RESOURCES_DIR': 'kibot_resources', 'REPORT_TEMPLATE_DIR': '@RESOURCES_DIR@/templates', 'SCRIPTS_DIR': '@RESOURCES_DIR@/scripts', 'LAYER_TITLE_PAGE': 'TitlePage', 'LAYER_DNP_TOP': 'F.DNP', 'LAYER_DNP_BOTTOM': 'B.DNP', 'LAYER_DRILL_MAP': 'DrillMap', 'LAYER_TP_LIST_TOP': 'F.TestPointList', 'LAYER_TP_LIST_BOTTOM': 'B.TestPointList', 'LAYER_ASSEMBLY_TEXT_TOP': 'F.AssemblyText', 'LAYER_ASSEMBLY_TEXT_BOTTOM': 'B.AssemblyText', 'LAYER_DNP_CROSS_TOP': 'F.DNP', 'LAYER_DNP_CROSS_BOTTOM': 'B.DNP', 'FILT_FIELD_RENAME': 'field_rename', 'FILT_TP_ONLY': 'only_testpoints', 'FILT_TP_EXCLUDE': 'exclude_testpoints', 'FILT_TP_TOP_ONLY': 'only_testpoints_top', 'FILT_TP_BOTTOM_ONLY': 'only_testpoints_bottom', 'SCH_VARIANT_OUTPUT': 'value_split', 'NETLIST_OUTPUT': 'netlist', 'GERBER_OUTPUT': 'gbr_gerbers', 'ODB_OUTPUT': 'zip_odb', 'EXCELLON_DRILL_OUTPUT': 'drl_excellon', 'PDF_DRILL_MAP_OUTPUT': 'pdf_drill_map', 'DXF_DRILL_MAP_OUTPUT': 'dxf_drill_map', 'CSV_DRILL_TABLE_OUTPUT': 'csv_drill_table', 'CSV_POS_OUTPUT': 'csv_position', 'CSV_TP_OUTPUT': 'csv_testpoints', 'CSV_TP_TOP_OUTPUT': 'csv_testpoints_top', 'CSV_TP_BOTTOM_OUTPUT': 'csv_testpoints_bottom', 'CSV_BOM_OUTPUT': 'csv_bom', 'XLSX_BOM_OUTPUT': 'xlsx_bom', 'HTML_IBOM_OUTPUT': 'html_bom_interactive', 'HTML_BOM_OUTPUT': 'html_bom', 'CSV_COMP_COUNT_OUPUT': 'csv_comp_count', 'CSV_IMPEDANCE_TABLE_OUTPUT': 'csv_impedance_table', 'TXT_FAB_NOTES_OUTPUT': 'txt_fabrication_notes', 'TXT_ASSEMBLY_NOTES_OUTPUT': 'txt_assembly_notes', 'PNG_3D_VIEWER_TOP': 'png_3d_viewer_top', 'PNG_3D_VIEWER_BOTTOM': 'png_3d_viewer_bottom', 'PNG_3D_VIEWER_ANGLED_TOP': 'png_3d_viewer_angled_top', 'PNG_3D_VIEWER_ANGLED_BOTTOM': 'png_3d_viewer_angled_bottom', 'STEP_OUTPUT': 'step', 'BLENDER_OUTPUT': 'blender', 'PDF_SCHEMATIC_OUTPUT': 'pdf_schematic', 'PDF_FABRICATION_OUTPUT': 'pdf_fabrication', 'PDF_ASSEMBLY_OUTPUT': 'pdf_assembly', 'ZIP_COMPRESS_FAB_OUTPUT': 'zip_compress_fab', 'HTML_KICANVAS_OUTPUT': 'html_kicanvas', 'HTML_KIRI_OUTPUT': 'html_kiri', 'MD_README_OUTPUT': 'md_readme', 'HTML_NAV_RES_OUTPUT': 'html_navigate_results'} (kibot - config_reader.py:680)
DEBUG:- Replacing @NAME@ -> png_3d_viewer_angled_bottom (<class 'str'>) (kibot - config_reader.py:78)
DEBUG:- Replacing @COMMENT@ -> Bottom (angled) 3D viewer PCB render in PNG format (<class 'str'>) (kibot - config_reader.py:78)
DEBUG:- Replacing @DIR@ -> Images (<class 'str'>) (kibot - config_reader.py:78)
DEBUG:- Replacing @SUFFIX@ -> angled_bottom (<class 'str'>) (kibot - config_reader.py:78)
DEBUG:- Replacing @VIEW@ -> bottom (<class 'str'>) (kibot - config_reader.py:78)
DEBUG:- Replacing @RAYTRACING@ -> true (<class 'str'>) (kibot - config_reader.py:78)
DEBUG:- Replacing @ROTATE_X@ -> 2 (<class 'str'>) (kibot - config_reader.py:78)
DEBUG:- Replacing @ROTATE_Y@ -> -1 (<class 'str'>) (kibot - config_reader.py:78)
DEBUG:- Replacing @ROTATE_Z@ -> -1 (<class 'str'>) (kibot - config_reader.py:78)
DEBUG:- Replacing @ZOOM@ -> -1 (<class 'str'>) (kibot - config_reader.py:78)
DEBUG:- Replacing @HEIGHT@ -> 2000 (<class 'str'>) (kibot - config_reader.py:78)
DEBUG:- Replacing @WIDTH@ -> 2000 (<class 'str'>) (kibot - config_reader.py:78)
DEBUG:- Replacing @KEY_COLOR@ -> #00FF00 (<class 'str'>) (kibot - config_reader.py:78)
DEBUG:- Applying CLI definitions: {} (kibot - config_reader.py:677)
DEBUG:- Applying collected definitions: {'NAME': 'png_3d_viewer_angled_bottom', 'COMMENT': 'Bottom (angled) 3D viewer PCB render in PNG format', 'DIR': 'Images', 'SUFFIX': 'angled_bottom', 'VIEW': 'bottom', 'RAYTRACING': True, 'ROTATE_X': 2, 'ROTATE_Y': -1, 'ROTATE_Z': -1, 'ZOOM': -1, 'HEIGHT': 2000, 'WIDTH': 2000, 'KEY_COLOR': '#00FF00', 'PROJECT_NAME': 'LE_V2', 'BOARD_NAME': 'LE_BMS_A_V2', 'COMPANY': 'Company Name', 'DESIGNER': 'Author', 'LOGO': 'Logos/dummy_logo.png', 'GIT_URL': 'https://github.com/nguyen-v/KDT_Hierarchical_KiBot', 'CHECK_ZONE_FILLS': False, 'STACKUP_TABLE_NOTE': 'external layer thicknesses are specified after plating', 'MPN_FIELD': 'Manufacturer Part Number', 'MAN_FIELD': 'Manufacturer', 'GROUP_ROUND_SLOTS': True, 'GROUP_PTH_NPTH': 'no', 'GROUP_PTH_NPTH_DRL': False, 'PLOT_REFS': True, 'COLOR_THEME': 'Altium_Theme', 'SHEET_WKS': '${KIPRJMOD}/Templates/KDT_Template_PCB_GIT_A4.kicad_wks', 'FAB_SCALING': 1, 'ASSEMBLY_SCALING': 1, 'EXCLUDE_REFS': '[MB*]', '3D_VIEWER_ROT_X': 2, '3D_VIEWER_ROT_Y': -1, '3D_VIEWER_ROT_Z': 1, '3D_VIEWER_ZOOM': -1, 'OUTPUT_DIR': './', 'REPORT_DIR': 'Reports', 'SCHEMATIC_DIR': 'Schematic', 'MANUFACTURING_DIR': 'Manufacturing', 'ASSEMBLY_DIR': '@MANUFACTURING_DIR@/Assembly', 'FABRICATION_DIR': '@MANUFACTURING_DIR@/Fabrication', 'GERBERS_DIR': '@FABRICATION_DIR@/Gerbers', 'FAB_DRILL_TABLES_DIR': '@FABRICATION_DIR@/Drill Tables', 'TESTING_DIR': 'Testing', 'TESTPOINTS_DIR': '@TESTING_DIR@/Testpoints', 'IMAGES_DIR': 'Images', '3D_DIR': '3D', 'RESOURCES_DIR': 'kibot_resources', 'REPORT_TEMPLATE_DIR': '@RESOURCES_DIR@/templates', 'SCRIPTS_DIR': '@RESOURCES_DIR@/scripts', 'LAYER_TITLE_PAGE': 'TitlePage', 'LAYER_DNP_TOP': 'F.DNP', 'LAYER_DNP_BOTTOM': 'B.DNP', 'LAYER_DRILL_MAP': 'DrillMap', 'LAYER_TP_LIST_TOP': 'F.TestPointList', 'LAYER_TP_LIST_BOTTOM': 'B.TestPointList', 'LAYER_ASSEMBLY_TEXT_TOP': 'F.AssemblyText', 'LAYER_ASSEMBLY_TEXT_BOTTOM': 'B.AssemblyText', 'LAYER_DNP_CROSS_TOP': 'F.DNP', 'LAYER_DNP_CROSS_BOTTOM': 'B.DNP', 'FILT_FIELD_RENAME': 'field_rename', 'FILT_TP_ONLY': 'only_testpoints', 'FILT_TP_EXCLUDE': 'exclude_testpoints', 'FILT_TP_TOP_ONLY': 'only_testpoints_top', 'FILT_TP_BOTTOM_ONLY': 'only_testpoints_bottom', 'SCH_VARIANT_OUTPUT': 'value_split', 'NETLIST_OUTPUT': 'netlist', 'GERBER_OUTPUT': 'gbr_gerbers', 'ODB_OUTPUT': 'zip_odb', 'EXCELLON_DRILL_OUTPUT': 'drl_excellon', 'PDF_DRILL_MAP_OUTPUT': 'pdf_drill_map', 'DXF_DRILL_MAP_OUTPUT': 'dxf_drill_map', 'CSV_DRILL_TABLE_OUTPUT': 'csv_drill_table', 'CSV_POS_OUTPUT': 'csv_position', 'CSV_TP_OUTPUT': 'csv_testpoints', 'CSV_TP_TOP_OUTPUT': 'csv_testpoints_top', 'CSV_TP_BOTTOM_OUTPUT': 'csv_testpoints_bottom', 'CSV_BOM_OUTPUT': 'csv_bom', 'XLSX_BOM_OUTPUT': 'xlsx_bom', 'HTML_IBOM_OUTPUT': 'html_bom_interactive', 'HTML_BOM_OUTPUT': 'html_bom', 'CSV_COMP_COUNT_OUPUT': 'csv_comp_count', 'CSV_IMPEDANCE_TABLE_OUTPUT': 'csv_impedance_table', 'TXT_FAB_NOTES_OUTPUT': 'txt_fabrication_notes', 'TXT_ASSEMBLY_NOTES_OUTPUT': 'txt_assembly_notes', 'PNG_3D_VIEWER_TOP': 'png_3d_viewer_top', 'PNG_3D_VIEWER_BOTTOM': 'png_3d_viewer_bottom', 'PNG_3D_VIEWER_ANGLED_TOP': 'png_3d_viewer_angled_top', 'PNG_3D_VIEWER_ANGLED_BOTTOM': 'png_3d_viewer_angled_bottom', 'STEP_OUTPUT': 'step', 'BLENDER_OUTPUT': 'blender', 'PDF_SCHEMATIC_OUTPUT': 'pdf_schematic', 'PDF_FABRICATION_OUTPUT': 'pdf_fabrication', 'PDF_ASSEMBLY_OUTPUT': 'pdf_assembly', 'ZIP_COMPRESS_FAB_OUTPUT': 'zip_compress_fab', 'HTML_KICANVAS_OUTPUT': 'html_kicanvas', 'HTML_KIRI_OUTPUT': 'html_kiri', 'MD_README_OUTPUT': 'md_readme', 'HTML_NAV_RES_OUTPUT': 'html_navigate_results'} (kibot - config_reader.py:680)
DEBUG:YAML after expanding definitions:
# KiBot output for 3D Viewer renders in PNG format
# https://kibot.readthedocs.io/en/latest/configuration/outputs/render_3d.html

kibot:
  version: 1

outputs:
- name: png_3d_viewer_angled_bottom
  comment: 'Bottom (angled) 3D viewer PCB render in PNG format'
  type: render_3d
  category: 'Images'
  dir: 'Images'
  options:
    output: '%f-angled_bottom%I%v.%x'
    auto_crop: true
    enable_crop_workaround: true
    rotate_x: 2
    rotate_y: -1
    rotate_z: -1
    zoom: -1
    height: 2000
    width: 2000
    view: 'bottom'
    ray_tracing: true
    force_stackup_colors: true
    orthographic: true
    transparent_background: true
    transparent_background_color: '#00FF00'
    transparent_background_fuzz: 40

 (kibot - config_reader.py:686)
DEBUG:Pre-parsing output options for `png_3d_viewer_angled_bottom` (render_3d) (kibot - config_reader.py:169)
DEBUG:Outputs loaded from `kibot_yaml/kibot_out_png_3d_viewer.yaml`: ['png_3d_viewer_angled_bottom'] (kibot - config_reader.py:361)
DEBUG:Applying preprocessor definitions (kibot - config_reader.py:670)
DEBUG:- Applying CLI definitions: {} (kibot - config_reader.py:677)
DEBUG:- Applying collected definitions: {'PROJECT_NAME': 'LE_V2', 'BOARD_NAME': 'LE_BMS_A_V2', 'COMPANY': 'Company Name', 'DESIGNER': 'Author', 'LOGO': 'Logos/dummy_logo.png', 'GIT_URL': 'https://github.com/nguyen-v/KDT_Hierarchical_KiBot', 'CHECK_ZONE_FILLS': False, 'STACKUP_TABLE_NOTE': 'external layer thicknesses are specified after plating', 'MPN_FIELD': 'Manufacturer Part Number', 'MAN_FIELD': 'Manufacturer', 'GROUP_ROUND_SLOTS': True, 'GROUP_PTH_NPTH': 'no', 'GROUP_PTH_NPTH_DRL': False, 'PLOT_REFS': True, 'COLOR_THEME': 'Altium_Theme', 'SHEET_WKS': '${KIPRJMOD}/Templates/KDT_Template_PCB_GIT_A4.kicad_wks', 'FAB_SCALING': 1, 'ASSEMBLY_SCALING': 1, 'EXCLUDE_REFS': '[MB*]', '3D_VIEWER_ROT_X': 2, '3D_VIEWER_ROT_Y': -1, '3D_VIEWER_ROT_Z': 1, '3D_VIEWER_ZOOM': -1, 'KEY_COLOR': '#00FF00', 'OUTPUT_DIR': './', 'REPORT_DIR': 'Reports', 'SCHEMATIC_DIR': 'Schematic', 'MANUFACTURING_DIR': 'Manufacturing', 'ASSEMBLY_DIR': '@MANUFACTURING_DIR@/Assembly', 'FABRICATION_DIR': '@MANUFACTURING_DIR@/Fabrication', 'GERBERS_DIR': '@FABRICATION_DIR@/Gerbers', 'FAB_DRILL_TABLES_DIR': '@FABRICATION_DIR@/Drill Tables', 'TESTING_DIR': 'Testing', 'TESTPOINTS_DIR': '@TESTING_DIR@/Testpoints', 'IMAGES_DIR': 'Images', '3D_DIR': '3D', 'RESOURCES_DIR': 'kibot_resources', 'REPORT_TEMPLATE_DIR': '@RESOURCES_DIR@/templates', 'SCRIPTS_DIR': '@RESOURCES_DIR@/scripts', 'LAYER_TITLE_PAGE': 'TitlePage', 'LAYER_DNP_TOP': 'F.DNP', 'LAYER_DNP_BOTTOM': 'B.DNP', 'LAYER_DRILL_MAP': 'DrillMap', 'LAYER_TP_LIST_TOP': 'F.TestPointList', 'LAYER_TP_LIST_BOTTOM': 'B.TestPointList', 'LAYER_ASSEMBLY_TEXT_TOP': 'F.AssemblyText', 'LAYER_ASSEMBLY_TEXT_BOTTOM': 'B.AssemblyText', 'LAYER_DNP_CROSS_TOP': 'F.DNP', 'LAYER_DNP_CROSS_BOTTOM': 'B.DNP', 'FILT_FIELD_RENAME': 'field_rename', 'FILT_TP_ONLY': 'only_testpoints', 'FILT_TP_EXCLUDE': 'exclude_testpoints', 'FILT_TP_TOP_ONLY': 'only_testpoints_top', 'FILT_TP_BOTTOM_ONLY': 'only_testpoints_bottom', 'SCH_VARIANT_OUTPUT': 'value_split', 'NETLIST_OUTPUT': 'netlist', 'GERBER_OUTPUT': 'gbr_gerbers', 'ODB_OUTPUT': 'zip_odb', 'EXCELLON_DRILL_OUTPUT': 'drl_excellon', 'PDF_DRILL_MAP_OUTPUT': 'pdf_drill_map', 'DXF_DRILL_MAP_OUTPUT': 'dxf_drill_map', 'CSV_DRILL_TABLE_OUTPUT': 'csv_drill_table', 'CSV_POS_OUTPUT': 'csv_position', 'CSV_TP_OUTPUT': 'csv_testpoints', 'CSV_TP_TOP_OUTPUT': 'csv_testpoints_top', 'CSV_TP_BOTTOM_OUTPUT': 'csv_testpoints_bottom', 'CSV_BOM_OUTPUT': 'csv_bom', 'XLSX_BOM_OUTPUT': 'xlsx_bom', 'HTML_IBOM_OUTPUT': 'html_bom_interactive', 'HTML_BOM_OUTPUT': 'html_bom', 'CSV_COMP_COUNT_OUPUT': 'csv_comp_count', 'CSV_IMPEDANCE_TABLE_OUTPUT': 'csv_impedance_table', 'TXT_FAB_NOTES_OUTPUT': 'txt_fabrication_notes', 'TXT_ASSEMBLY_NOTES_OUTPUT': 'txt_assembly_notes', 'PNG_3D_VIEWER_TOP': 'png_3d_viewer_top', 'PNG_3D_VIEWER_BOTTOM': 'png_3d_viewer_bottom', 'PNG_3D_VIEWER_ANGLED_TOP': 'png_3d_viewer_angled_top', 'PNG_3D_VIEWER_ANGLED_BOTTOM': 'png_3d_viewer_angled_bottom', 'STEP_OUTPUT': 'step', 'BLENDER_OUTPUT': 'blender', 'PDF_SCHEMATIC_OUTPUT': 'pdf_schematic', 'PDF_FABRICATION_OUTPUT': 'pdf_fabrication', 'PDF_ASSEMBLY_OUTPUT': 'pdf_assembly', 'ZIP_COMPRESS_FAB_OUTPUT': 'zip_compress_fab', 'HTML_KICANVAS_OUTPUT': 'html_kicanvas', 'HTML_KIRI_OUTPUT': 'html_kiri', 'MD_README_OUTPUT': 'md_readme', 'HTML_NAV_RES_OUTPUT': 'html_navigate_results', 'NAME': 'step', 'COMMENT': 'PCB 3D model in STEP format', 'DIR': '3D'} (kibot - config_reader.py:680)
DEBUG:- Replacing @NAME@ -> step (<class 'str'>) (kibot - config_reader.py:78)
DEBUG:- Replacing @COMMENT@ -> PCB 3D model in STEP format (<class 'str'>) (kibot - config_reader.py:78)
DEBUG:- Replacing @DIR@ -> 3D (<class 'str'>) (kibot - config_reader.py:78)
DEBUG:- Applying CLI definitions: {} (kibot - config_reader.py:677)
DEBUG:- Applying collected definitions: {'PROJECT_NAME': 'LE_V2', 'BOARD_NAME': 'LE_BMS_A_V2', 'COMPANY': 'Company Name', 'DESIGNER': 'Author', 'LOGO': 'Logos/dummy_logo.png', 'GIT_URL': 'https://github.com/nguyen-v/KDT_Hierarchical_KiBot', 'CHECK_ZONE_FILLS': False, 'STACKUP_TABLE_NOTE': 'external layer thicknesses are specified after plating', 'MPN_FIELD': 'Manufacturer Part Number', 'MAN_FIELD': 'Manufacturer', 'GROUP_ROUND_SLOTS': True, 'GROUP_PTH_NPTH': 'no', 'GROUP_PTH_NPTH_DRL': False, 'PLOT_REFS': True, 'COLOR_THEME': 'Altium_Theme', 'SHEET_WKS': '${KIPRJMOD}/Templates/KDT_Template_PCB_GIT_A4.kicad_wks', 'FAB_SCALING': 1, 'ASSEMBLY_SCALING': 1, 'EXCLUDE_REFS': '[MB*]', '3D_VIEWER_ROT_X': 2, '3D_VIEWER_ROT_Y': -1, '3D_VIEWER_ROT_Z': 1, '3D_VIEWER_ZOOM': -1, 'KEY_COLOR': '#00FF00', 'OUTPUT_DIR': './', 'REPORT_DIR': 'Reports', 'SCHEMATIC_DIR': 'Schematic', 'MANUFACTURING_DIR': 'Manufacturing', 'ASSEMBLY_DIR': '@MANUFACTURING_DIR@/Assembly', 'FABRICATION_DIR': '@MANUFACTURING_DIR@/Fabrication', 'GERBERS_DIR': '@FABRICATION_DIR@/Gerbers', 'FAB_DRILL_TABLES_DIR': '@FABRICATION_DIR@/Drill Tables', 'TESTING_DIR': 'Testing', 'TESTPOINTS_DIR': '@TESTING_DIR@/Testpoints', 'IMAGES_DIR': 'Images', '3D_DIR': '3D', 'RESOURCES_DIR': 'kibot_resources', 'REPORT_TEMPLATE_DIR': '@RESOURCES_DIR@/templates', 'SCRIPTS_DIR': '@RESOURCES_DIR@/scripts', 'LAYER_TITLE_PAGE': 'TitlePage', 'LAYER_DNP_TOP': 'F.DNP', 'LAYER_DNP_BOTTOM': 'B.DNP', 'LAYER_DRILL_MAP': 'DrillMap', 'LAYER_TP_LIST_TOP': 'F.TestPointList', 'LAYER_TP_LIST_BOTTOM': 'B.TestPointList', 'LAYER_ASSEMBLY_TEXT_TOP': 'F.AssemblyText', 'LAYER_ASSEMBLY_TEXT_BOTTOM': 'B.AssemblyText', 'LAYER_DNP_CROSS_TOP': 'F.DNP', 'LAYER_DNP_CROSS_BOTTOM': 'B.DNP', 'FILT_FIELD_RENAME': 'field_rename', 'FILT_TP_ONLY': 'only_testpoints', 'FILT_TP_EXCLUDE': 'exclude_testpoints', 'FILT_TP_TOP_ONLY': 'only_testpoints_top', 'FILT_TP_BOTTOM_ONLY': 'only_testpoints_bottom', 'SCH_VARIANT_OUTPUT': 'value_split', 'NETLIST_OUTPUT': 'netlist', 'GERBER_OUTPUT': 'gbr_gerbers', 'ODB_OUTPUT': 'zip_odb', 'EXCELLON_DRILL_OUTPUT': 'drl_excellon', 'PDF_DRILL_MAP_OUTPUT': 'pdf_drill_map', 'DXF_DRILL_MAP_OUTPUT': 'dxf_drill_map', 'CSV_DRILL_TABLE_OUTPUT': 'csv_drill_table', 'CSV_POS_OUTPUT': 'csv_position', 'CSV_TP_OUTPUT': 'csv_testpoints', 'CSV_TP_TOP_OUTPUT': 'csv_testpoints_top', 'CSV_TP_BOTTOM_OUTPUT': 'csv_testpoints_bottom', 'CSV_BOM_OUTPUT': 'csv_bom', 'XLSX_BOM_OUTPUT': 'xlsx_bom', 'HTML_IBOM_OUTPUT': 'html_bom_interactive', 'HTML_BOM_OUTPUT': 'html_bom', 'CSV_COMP_COUNT_OUPUT': 'csv_comp_count', 'CSV_IMPEDANCE_TABLE_OUTPUT': 'csv_impedance_table', 'TXT_FAB_NOTES_OUTPUT': 'txt_fabrication_notes', 'TXT_ASSEMBLY_NOTES_OUTPUT': 'txt_assembly_notes', 'PNG_3D_VIEWER_TOP': 'png_3d_viewer_top', 'PNG_3D_VIEWER_BOTTOM': 'png_3d_viewer_bottom', 'PNG_3D_VIEWER_ANGLED_TOP': 'png_3d_viewer_angled_top', 'PNG_3D_VIEWER_ANGLED_BOTTOM': 'png_3d_viewer_angled_bottom', 'STEP_OUTPUT': 'step', 'BLENDER_OUTPUT': 'blender', 'PDF_SCHEMATIC_OUTPUT': 'pdf_schematic', 'PDF_FABRICATION_OUTPUT': 'pdf_fabrication', 'PDF_ASSEMBLY_OUTPUT': 'pdf_assembly', 'ZIP_COMPRESS_FAB_OUTPUT': 'zip_compress_fab', 'HTML_KICANVAS_OUTPUT': 'html_kicanvas', 'HTML_KIRI_OUTPUT': 'html_kiri', 'MD_README_OUTPUT': 'md_readme', 'HTML_NAV_RES_OUTPUT': 'html_navigate_results', 'NAME': 'step', 'COMMENT': 'PCB 3D model in STEP format', 'DIR': '3D'} (kibot - config_reader.py:680)
DEBUG:YAML after expanding definitions:
# KiBot output for generating PCB 3D model in STEP format
# https://kibot.readthedocs.io/en/latest/configuration/outputs/step.html

kibot:
  version: 1

outputs:
- name: step
  comment: 'PCB 3D model in STEP format'
  type: step
  category: '3D'
  dir: '3D'
  options:
    output: '%f%I%v.%x'

definitions:
  NAME: step
  COMMENT: PCB 3D model in STEP format
  DIR: 3D (kibot - config_reader.py:686)
DEBUG:Pre-parsing output options for `step` (step) (kibot - config_reader.py:169)
DEBUG:Outputs loaded from `kibot_yaml/kibot_out_step.yaml`: ['step'] (kibot - config_reader.py:361)
DEBUG:Applying preprocessor definitions (kibot - config_reader.py:670)
DEBUG:- Applying CLI definitions: {} (kibot - config_reader.py:677)
DEBUG:- Applying collected definitions: {'PROJECT_NAME': 'LE_V2', 'BOARD_NAME': 'LE_BMS_A_V2', 'COMPANY': 'Company Name', 'DESIGNER': 'Author', 'LOGO': 'Logos/dummy_logo.png', 'GIT_URL': 'https://github.com/nguyen-v/KDT_Hierarchical_KiBot', 'CHECK_ZONE_FILLS': False, 'STACKUP_TABLE_NOTE': 'external layer thicknesses are specified after plating', 'MPN_FIELD': 'Manufacturer Part Number', 'MAN_FIELD': 'Manufacturer', 'GROUP_ROUND_SLOTS': True, 'GROUP_PTH_NPTH': 'no', 'GROUP_PTH_NPTH_DRL': False, 'PLOT_REFS': True, 'COLOR_THEME': 'Altium_Theme', 'SHEET_WKS': '${KIPRJMOD}/Templates/KDT_Template_PCB_GIT_A4.kicad_wks', 'FAB_SCALING': 1, 'ASSEMBLY_SCALING': 1, 'EXCLUDE_REFS': '[MB*]', '3D_VIEWER_ROT_X': 2, '3D_VIEWER_ROT_Y': -1, '3D_VIEWER_ROT_Z': 1, '3D_VIEWER_ZOOM': -1, 'KEY_COLOR': '#00FF00', 'OUTPUT_DIR': './', 'REPORT_DIR': 'Reports', 'SCHEMATIC_DIR': 'Schematic', 'MANUFACTURING_DIR': 'Manufacturing', 'ASSEMBLY_DIR': '@MANUFACTURING_DIR@/Assembly', 'FABRICATION_DIR': '@MANUFACTURING_DIR@/Fabrication', 'GERBERS_DIR': '@FABRICATION_DIR@/Gerbers', 'FAB_DRILL_TABLES_DIR': '@FABRICATION_DIR@/Drill Tables', 'TESTING_DIR': 'Testing', 'TESTPOINTS_DIR': '@TESTING_DIR@/Testpoints', 'IMAGES_DIR': 'Images', '3D_DIR': '3D', 'RESOURCES_DIR': 'kibot_resources', 'REPORT_TEMPLATE_DIR': '@RESOURCES_DIR@/templates', 'SCRIPTS_DIR': '@RESOURCES_DIR@/scripts', 'LAYER_TITLE_PAGE': 'TitlePage', 'LAYER_DNP_TOP': 'F.DNP', 'LAYER_DNP_BOTTOM': 'B.DNP', 'LAYER_DRILL_MAP': 'DrillMap', 'LAYER_TP_LIST_TOP': 'F.TestPointList', 'LAYER_TP_LIST_BOTTOM': 'B.TestPointList', 'LAYER_ASSEMBLY_TEXT_TOP': 'F.AssemblyText', 'LAYER_ASSEMBLY_TEXT_BOTTOM': 'B.AssemblyText', 'LAYER_DNP_CROSS_TOP': 'F.DNP', 'LAYER_DNP_CROSS_BOTTOM': 'B.DNP', 'FILT_FIELD_RENAME': 'field_rename', 'FILT_TP_ONLY': 'only_testpoints', 'FILT_TP_EXCLUDE': 'exclude_testpoints', 'FILT_TP_TOP_ONLY': 'only_testpoints_top', 'FILT_TP_BOTTOM_ONLY': 'only_testpoints_bottom', 'SCH_VARIANT_OUTPUT': 'value_split', 'NETLIST_OUTPUT': 'netlist', 'GERBER_OUTPUT': 'gbr_gerbers', 'ODB_OUTPUT': 'zip_odb', 'EXCELLON_DRILL_OUTPUT': 'drl_excellon', 'PDF_DRILL_MAP_OUTPUT': 'pdf_drill_map', 'DXF_DRILL_MAP_OUTPUT': 'dxf_drill_map', 'CSV_DRILL_TABLE_OUTPUT': 'csv_drill_table', 'CSV_POS_OUTPUT': 'csv_position', 'CSV_TP_OUTPUT': 'csv_testpoints', 'CSV_TP_TOP_OUTPUT': 'csv_testpoints_top', 'CSV_TP_BOTTOM_OUTPUT': 'csv_testpoints_bottom', 'CSV_BOM_OUTPUT': 'csv_bom', 'XLSX_BOM_OUTPUT': 'xlsx_bom', 'HTML_IBOM_OUTPUT': 'html_bom_interactive', 'HTML_BOM_OUTPUT': 'html_bom', 'CSV_COMP_COUNT_OUPUT': 'csv_comp_count', 'CSV_IMPEDANCE_TABLE_OUTPUT': 'csv_impedance_table', 'TXT_FAB_NOTES_OUTPUT': 'txt_fabrication_notes', 'TXT_ASSEMBLY_NOTES_OUTPUT': 'txt_assembly_notes', 'PNG_3D_VIEWER_TOP': 'png_3d_viewer_top', 'PNG_3D_VIEWER_BOTTOM': 'png_3d_viewer_bottom', 'PNG_3D_VIEWER_ANGLED_TOP': 'png_3d_viewer_angled_top', 'PNG_3D_VIEWER_ANGLED_BOTTOM': 'png_3d_viewer_angled_bottom', 'STEP_OUTPUT': 'step', 'BLENDER_OUTPUT': 'blender', 'PDF_SCHEMATIC_OUTPUT': 'pdf_schematic', 'PDF_FABRICATION_OUTPUT': 'pdf_fabrication', 'PDF_ASSEMBLY_OUTPUT': 'pdf_assembly', 'ZIP_COMPRESS_FAB_OUTPUT': 'zip_compress_fab', 'HTML_KICANVAS_OUTPUT': 'html_kicanvas', 'HTML_KIRI_OUTPUT': 'html_kiri', 'MD_README_OUTPUT': 'md_readme', 'HTML_NAV_RES_OUTPUT': 'html_navigate_results', 'NAME': 'pdf_schematic', 'COMMENT': 'Schematic in PDF format', 'DIR': 'Schematic', 'DEFAULT_FONT': 'Times New Roman'} (kibot - config_reader.py:680)
DEBUG:- Replacing @COLOR_THEME@ -> Altium_Theme (<class 'str'>) (kibot - config_reader.py:78)
DEBUG:- Replacing @NAME@ -> pdf_schematic (<class 'str'>) (kibot - config_reader.py:78)
DEBUG:- Replacing @COMMENT@ -> Schematic in PDF format (<class 'str'>) (kibot - config_reader.py:78)
DEBUG:- Replacing @DIR@ -> Schematic (<class 'str'>) (kibot - config_reader.py:78)
DEBUG:- Replacing @DEFAULT_FONT@ -> Times New Roman (<class 'str'>) (kibot - config_reader.py:78)
DEBUG:- Applying CLI definitions: {} (kibot - config_reader.py:677)
DEBUG:- Applying collected definitions: {'PROJECT_NAME': 'LE_V2', 'BOARD_NAME': 'LE_BMS_A_V2', 'COMPANY': 'Company Name', 'DESIGNER': 'Author', 'LOGO': 'Logos/dummy_logo.png', 'GIT_URL': 'https://github.com/nguyen-v/KDT_Hierarchical_KiBot', 'CHECK_ZONE_FILLS': False, 'STACKUP_TABLE_NOTE': 'external layer thicknesses are specified after plating', 'MPN_FIELD': 'Manufacturer Part Number', 'MAN_FIELD': 'Manufacturer', 'GROUP_ROUND_SLOTS': True, 'GROUP_PTH_NPTH': 'no', 'GROUP_PTH_NPTH_DRL': False, 'PLOT_REFS': True, 'COLOR_THEME': 'Altium_Theme', 'SHEET_WKS': '${KIPRJMOD}/Templates/KDT_Template_PCB_GIT_A4.kicad_wks', 'FAB_SCALING': 1, 'ASSEMBLY_SCALING': 1, 'EXCLUDE_REFS': '[MB*]', '3D_VIEWER_ROT_X': 2, '3D_VIEWER_ROT_Y': -1, '3D_VIEWER_ROT_Z': 1, '3D_VIEWER_ZOOM': -1, 'KEY_COLOR': '#00FF00', 'OUTPUT_DIR': './', 'REPORT_DIR': 'Reports', 'SCHEMATIC_DIR': 'Schematic', 'MANUFACTURING_DIR': 'Manufacturing', 'ASSEMBLY_DIR': '@MANUFACTURING_DIR@/Assembly', 'FABRICATION_DIR': '@MANUFACTURING_DIR@/Fabrication', 'GERBERS_DIR': '@FABRICATION_DIR@/Gerbers', 'FAB_DRILL_TABLES_DIR': '@FABRICATION_DIR@/Drill Tables', 'TESTING_DIR': 'Testing', 'TESTPOINTS_DIR': '@TESTING_DIR@/Testpoints', 'IMAGES_DIR': 'Images', '3D_DIR': '3D', 'RESOURCES_DIR': 'kibot_resources', 'REPORT_TEMPLATE_DIR': '@RESOURCES_DIR@/templates', 'SCRIPTS_DIR': '@RESOURCES_DIR@/scripts', 'LAYER_TITLE_PAGE': 'TitlePage', 'LAYER_DNP_TOP': 'F.DNP', 'LAYER_DNP_BOTTOM': 'B.DNP', 'LAYER_DRILL_MAP': 'DrillMap', 'LAYER_TP_LIST_TOP': 'F.TestPointList', 'LAYER_TP_LIST_BOTTOM': 'B.TestPointList', 'LAYER_ASSEMBLY_TEXT_TOP': 'F.AssemblyText', 'LAYER_ASSEMBLY_TEXT_BOTTOM': 'B.AssemblyText', 'LAYER_DNP_CROSS_TOP': 'F.DNP', 'LAYER_DNP_CROSS_BOTTOM': 'B.DNP', 'FILT_FIELD_RENAME': 'field_rename', 'FILT_TP_ONLY': 'only_testpoints', 'FILT_TP_EXCLUDE': 'exclude_testpoints', 'FILT_TP_TOP_ONLY': 'only_testpoints_top', 'FILT_TP_BOTTOM_ONLY': 'only_testpoints_bottom', 'SCH_VARIANT_OUTPUT': 'value_split', 'NETLIST_OUTPUT': 'netlist', 'GERBER_OUTPUT': 'gbr_gerbers', 'ODB_OUTPUT': 'zip_odb', 'EXCELLON_DRILL_OUTPUT': 'drl_excellon', 'PDF_DRILL_MAP_OUTPUT': 'pdf_drill_map', 'DXF_DRILL_MAP_OUTPUT': 'dxf_drill_map', 'CSV_DRILL_TABLE_OUTPUT': 'csv_drill_table', 'CSV_POS_OUTPUT': 'csv_position', 'CSV_TP_OUTPUT': 'csv_testpoints', 'CSV_TP_TOP_OUTPUT': 'csv_testpoints_top', 'CSV_TP_BOTTOM_OUTPUT': 'csv_testpoints_bottom', 'CSV_BOM_OUTPUT': 'csv_bom', 'XLSX_BOM_OUTPUT': 'xlsx_bom', 'HTML_IBOM_OUTPUT': 'html_bom_interactive', 'HTML_BOM_OUTPUT': 'html_bom', 'CSV_COMP_COUNT_OUPUT': 'csv_comp_count', 'CSV_IMPEDANCE_TABLE_OUTPUT': 'csv_impedance_table', 'TXT_FAB_NOTES_OUTPUT': 'txt_fabrication_notes', 'TXT_ASSEMBLY_NOTES_OUTPUT': 'txt_assembly_notes', 'PNG_3D_VIEWER_TOP': 'png_3d_viewer_top', 'PNG_3D_VIEWER_BOTTOM': 'png_3d_viewer_bottom', 'PNG_3D_VIEWER_ANGLED_TOP': 'png_3d_viewer_angled_top', 'PNG_3D_VIEWER_ANGLED_BOTTOM': 'png_3d_viewer_angled_bottom', 'STEP_OUTPUT': 'step', 'BLENDER_OUTPUT': 'blender', 'PDF_SCHEMATIC_OUTPUT': 'pdf_schematic', 'PDF_FABRICATION_OUTPUT': 'pdf_fabrication', 'PDF_ASSEMBLY_OUTPUT': 'pdf_assembly', 'ZIP_COMPRESS_FAB_OUTPUT': 'zip_compress_fab', 'HTML_KICANVAS_OUTPUT': 'html_kicanvas', 'HTML_KIRI_OUTPUT': 'html_kiri', 'MD_README_OUTPUT': 'md_readme', 'HTML_NAV_RES_OUTPUT': 'html_navigate_results', 'NAME': 'pdf_schematic', 'COMMENT': 'Schematic in PDF format', 'DIR': 'Schematic', 'DEFAULT_FONT': 'Times New Roman'} (kibot - config_reader.py:680)
DEBUG:YAML after expanding definitions:
# KiBot output for generating schematics in PDF format
# https://kibot.readthedocs.io/en/latest/configuration/outputs/pdf_sch_print.html

kibot:
  version: 1

outputs:
- name: pdf_schematic
  comment: 'Schematic in PDF format'
  type: pdf_sch_print
  dir: 'Schematic'
  category: 'Schematic'
  options:
    background_color: false
    color_theme: 'Altium_Theme'
    default_font: 'Times New Roman'

definitions:
  NAME: pdf_schematic
  COMMENT: Schematic in PDF format
  COLOR_THEME: Altium_Theme
  DEFAULT_FONT: Times New Roman
  DIR: Schematic (kibot - config_reader.py:686)
DEBUG:Pre-parsing output options for `pdf_schematic` (pdf_sch_print) (kibot - config_reader.py:169)
DEBUG:Outputs loaded from `kibot_yaml/kibot_out_pdf_schematic.yaml`: ['pdf_schematic'] (kibot - config_reader.py:361)
DEBUG:Found local definitions (kibot - config_reader.py:651)
DEBUG:- Local definitions: {'NAME': 'pdf_fabrication', 'COMMENT': 'Fabrication document in PDF format', 'DIR': 'Manufacturing/Fabrication', 'DOC_TITLE': 'Fabrication', 'COLOR_THEME': 'Altium_Theme', 'SHEET_WKS': '${KIPRJMOD}/Templates/KDT_Template_PCB_GIT_A4.kicad_wks', 'SCALING': 1.0, 'FAB_EXCLUDE_FILTER': 'only_testpoints', 'LAYER_DRILL_MAP': 'DrillMap', 'LAYER_TP_LIST_TOP': 'F.TestPointList', 'LAYER_TP_LIST_BOTTOM': 'B.TestPointList', 'PTH_NPTH': 'yes', 'GROUP_ROUND_SLOTS': True, 'NAME_TP_TOP': 'csv_testpoints_top', 'NAME_TP_BOTTOM': 'csv_testpoints_bottom', 'NAME_IMPEDANCE_TABLE': 'csv_impedance_table', 'NAME_DRILL_TABLE': 'csv_drill_table'} (kibot - config_reader.py:661)
DEBUG:- Current definitions: {'PROJECT_NAME': 'LE_V2', 'BOARD_NAME': 'LE_BMS_A_V2', 'COMPANY': 'Company Name', 'DESIGNER': 'Author', 'LOGO': 'Logos/dummy_logo.png', 'GIT_URL': 'https://github.com/nguyen-v/KDT_Hierarchical_KiBot', 'CHECK_ZONE_FILLS': False, 'STACKUP_TABLE_NOTE': 'external layer thicknesses are specified after plating', 'MPN_FIELD': 'Manufacturer Part Number', 'MAN_FIELD': 'Manufacturer', 'GROUP_ROUND_SLOTS': True, 'GROUP_PTH_NPTH': 'no', 'GROUP_PTH_NPTH_DRL': False, 'PLOT_REFS': True, 'COLOR_THEME': 'Altium_Theme', 'SHEET_WKS': '${KIPRJMOD}/Templates/KDT_Template_PCB_GIT_A4.kicad_wks', 'FAB_SCALING': 1, 'ASSEMBLY_SCALING': 1, 'EXCLUDE_REFS': '[MB*]', '3D_VIEWER_ROT_X': 2, '3D_VIEWER_ROT_Y': -1, '3D_VIEWER_ROT_Z': 1, '3D_VIEWER_ZOOM': -1, 'KEY_COLOR': '#00FF00', 'OUTPUT_DIR': './', 'REPORT_DIR': 'Reports', 'SCHEMATIC_DIR': 'Schematic', 'MANUFACTURING_DIR': 'Manufacturing', 'ASSEMBLY_DIR': '@MANUFACTURING_DIR@/Assembly', 'FABRICATION_DIR': '@MANUFACTURING_DIR@/Fabrication', 'GERBERS_DIR': '@FABRICATION_DIR@/Gerbers', 'FAB_DRILL_TABLES_DIR': '@FABRICATION_DIR@/Drill Tables', 'TESTING_DIR': 'Testing', 'TESTPOINTS_DIR': '@TESTING_DIR@/Testpoints', 'IMAGES_DIR': 'Images', '3D_DIR': '3D', 'RESOURCES_DIR': 'kibot_resources', 'REPORT_TEMPLATE_DIR': '@RESOURCES_DIR@/templates', 'SCRIPTS_DIR': '@RESOURCES_DIR@/scripts', 'LAYER_TITLE_PAGE': 'TitlePage', 'LAYER_DNP_TOP': 'F.DNP', 'LAYER_DNP_BOTTOM': 'B.DNP', 'LAYER_DRILL_MAP': 'DrillMap', 'LAYER_TP_LIST_TOP': 'F.TestPointList', 'LAYER_TP_LIST_BOTTOM': 'B.TestPointList', 'LAYER_ASSEMBLY_TEXT_TOP': 'F.AssemblyText', 'LAYER_ASSEMBLY_TEXT_BOTTOM': 'B.AssemblyText', 'LAYER_DNP_CROSS_TOP': 'F.DNP', 'LAYER_DNP_CROSS_BOTTOM': 'B.DNP', 'FILT_FIELD_RENAME': 'field_rename', 'FILT_TP_ONLY': 'only_testpoints', 'FILT_TP_EXCLUDE': 'exclude_testpoints', 'FILT_TP_TOP_ONLY': 'only_testpoints_top', 'FILT_TP_BOTTOM_ONLY': 'only_testpoints_bottom', 'SCH_VARIANT_OUTPUT': 'value_split', 'NETLIST_OUTPUT': 'netlist', 'GERBER_OUTPUT': 'gbr_gerbers', 'ODB_OUTPUT': 'zip_odb', 'EXCELLON_DRILL_OUTPUT': 'drl_excellon', 'PDF_DRILL_MAP_OUTPUT': 'pdf_drill_map', 'DXF_DRILL_MAP_OUTPUT': 'dxf_drill_map', 'CSV_DRILL_TABLE_OUTPUT': 'csv_drill_table', 'CSV_POS_OUTPUT': 'csv_position', 'CSV_TP_OUTPUT': 'csv_testpoints', 'CSV_TP_TOP_OUTPUT': 'csv_testpoints_top', 'CSV_TP_BOTTOM_OUTPUT': 'csv_testpoints_bottom', 'CSV_BOM_OUTPUT': 'csv_bom', 'XLSX_BOM_OUTPUT': 'xlsx_bom', 'HTML_IBOM_OUTPUT': 'html_bom_interactive', 'HTML_BOM_OUTPUT': 'html_bom', 'CSV_COMP_COUNT_OUPUT': 'csv_comp_count', 'CSV_IMPEDANCE_TABLE_OUTPUT': 'csv_impedance_table', 'TXT_FAB_NOTES_OUTPUT': 'txt_fabrication_notes', 'TXT_ASSEMBLY_NOTES_OUTPUT': 'txt_assembly_notes', 'PNG_3D_VIEWER_TOP': 'png_3d_viewer_top', 'PNG_3D_VIEWER_BOTTOM': 'png_3d_viewer_bottom', 'PNG_3D_VIEWER_ANGLED_TOP': 'png_3d_viewer_angled_top', 'PNG_3D_VIEWER_ANGLED_BOTTOM': 'png_3d_viewer_angled_bottom', 'STEP_OUTPUT': 'step', 'BLENDER_OUTPUT': 'blender', 'PDF_SCHEMATIC_OUTPUT': 'pdf_schematic', 'PDF_FABRICATION_OUTPUT': 'pdf_fabrication', 'PDF_ASSEMBLY_OUTPUT': 'pdf_assembly', 'ZIP_COMPRESS_FAB_OUTPUT': 'zip_compress_fab', 'HTML_KICANVAS_OUTPUT': 'html_kicanvas', 'HTML_KIRI_OUTPUT': 'html_kiri', 'MD_README_OUTPUT': 'md_readme', 'HTML_NAV_RES_OUTPUT': 'html_navigate_results', 'NAME': 'pdf_fabrication', 'COMMENT': 'Fabrication document in PDF format', 'DIR': 'Manufacturing/Fabrication', 'SCALING': 1, 'PTH_NPTH': 'no', 'FAB_EXCLUDE_FILTER': 'only_testpoints', 'NAME_TP_TOP': 'csv_testpoints_top', 'NAME_TP_BOTTOM': 'csv_testpoints_bottom', 'NAME_IMPEDANCE_TABLE': 'csv_impedance_table', 'NAME_DRILL_TABLE': 'csv_drill_table'} (kibot - config_reader.py:662)
DEBUG:- Updated definitions: {'NAME': 'pdf_fabrication', 'COMMENT': 'Fabrication document in PDF format', 'DIR': 'Manufacturing/Fabrication', 'DOC_TITLE': 'Fabrication', 'COLOR_THEME': 'Altium_Theme', 'SHEET_WKS': '${KIPRJMOD}/Templates/KDT_Template_PCB_GIT_A4.kicad_wks', 'SCALING': 1, 'FAB_EXCLUDE_FILTER': 'only_testpoints', 'LAYER_DRILL_MAP': 'DrillMap', 'LAYER_TP_LIST_TOP': 'F.TestPointList', 'LAYER_TP_LIST_BOTTOM': 'B.TestPointList', 'PTH_NPTH': 'no', 'GROUP_ROUND_SLOTS': True, 'NAME_TP_TOP': 'csv_testpoints_top', 'NAME_TP_BOTTOM': 'csv_testpoints_bottom', 'NAME_IMPEDANCE_TABLE': 'csv_impedance_table', 'NAME_DRILL_TABLE': 'csv_drill_table', 'PROJECT_NAME': 'LE_V2', 'BOARD_NAME': 'LE_BMS_A_V2', 'COMPANY': 'Company Name', 'DESIGNER': 'Author', 'LOGO': 'Logos/dummy_logo.png', 'GIT_URL': 'https://github.com/nguyen-v/KDT_Hierarchical_KiBot', 'CHECK_ZONE_FILLS': False, 'STACKUP_TABLE_NOTE': 'external layer thicknesses are specified after plating', 'MPN_FIELD': 'Manufacturer Part Number', 'MAN_FIELD': 'Manufacturer', 'GROUP_PTH_NPTH': 'no', 'GROUP_PTH_NPTH_DRL': False, 'PLOT_REFS': True, 'FAB_SCALING': 1, 'ASSEMBLY_SCALING': 1, 'EXCLUDE_REFS': '[MB*]', '3D_VIEWER_ROT_X': 2, '3D_VIEWER_ROT_Y': -1, '3D_VIEWER_ROT_Z': 1, '3D_VIEWER_ZOOM': -1, 'KEY_COLOR': '#00FF00', 'OUTPUT_DIR': './', 'REPORT_DIR': 'Reports', 'SCHEMATIC_DIR': 'Schematic', 'MANUFACTURING_DIR': 'Manufacturing', 'ASSEMBLY_DIR': '@MANUFACTURING_DIR@/Assembly', 'FABRICATION_DIR': '@MANUFACTURING_DIR@/Fabrication', 'GERBERS_DIR': '@FABRICATION_DIR@/Gerbers', 'FAB_DRILL_TABLES_DIR': '@FABRICATION_DIR@/Drill Tables', 'TESTING_DIR': 'Testing', 'TESTPOINTS_DIR': '@TESTING_DIR@/Testpoints', 'IMAGES_DIR': 'Images', '3D_DIR': '3D', 'RESOURCES_DIR': 'kibot_resources', 'REPORT_TEMPLATE_DIR': '@RESOURCES_DIR@/templates', 'SCRIPTS_DIR': '@RESOURCES_DIR@/scripts', 'LAYER_TITLE_PAGE': 'TitlePage', 'LAYER_DNP_TOP': 'F.DNP', 'LAYER_DNP_BOTTOM': 'B.DNP', 'LAYER_ASSEMBLY_TEXT_TOP': 'F.AssemblyText', 'LAYER_ASSEMBLY_TEXT_BOTTOM': 'B.AssemblyText', 'LAYER_DNP_CROSS_TOP': 'F.DNP', 'LAYER_DNP_CROSS_BOTTOM': 'B.DNP', 'FILT_FIELD_RENAME': 'field_rename', 'FILT_TP_ONLY': 'only_testpoints', 'FILT_TP_EXCLUDE': 'exclude_testpoints', 'FILT_TP_TOP_ONLY': 'only_testpoints_top', 'FILT_TP_BOTTOM_ONLY': 'only_testpoints_bottom', 'SCH_VARIANT_OUTPUT': 'value_split', 'NETLIST_OUTPUT': 'netlist', 'GERBER_OUTPUT': 'gbr_gerbers', 'ODB_OUTPUT': 'zip_odb', 'EXCELLON_DRILL_OUTPUT': 'drl_excellon', 'PDF_DRILL_MAP_OUTPUT': 'pdf_drill_map', 'DXF_DRILL_MAP_OUTPUT': 'dxf_drill_map', 'CSV_DRILL_TABLE_OUTPUT': 'csv_drill_table', 'CSV_POS_OUTPUT': 'csv_position', 'CSV_TP_OUTPUT': 'csv_testpoints', 'CSV_TP_TOP_OUTPUT': 'csv_testpoints_top', 'CSV_TP_BOTTOM_OUTPUT': 'csv_testpoints_bottom', 'CSV_BOM_OUTPUT': 'csv_bom', 'XLSX_BOM_OUTPUT': 'xlsx_bom', 'HTML_IBOM_OUTPUT': 'html_bom_interactive', 'HTML_BOM_OUTPUT': 'html_bom', 'CSV_COMP_COUNT_OUPUT': 'csv_comp_count', 'CSV_IMPEDANCE_TABLE_OUTPUT': 'csv_impedance_table', 'TXT_FAB_NOTES_OUTPUT': 'txt_fabrication_notes', 'TXT_ASSEMBLY_NOTES_OUTPUT': 'txt_assembly_notes', 'PNG_3D_VIEWER_TOP': 'png_3d_viewer_top', 'PNG_3D_VIEWER_BOTTOM': 'png_3d_viewer_bottom', 'PNG_3D_VIEWER_ANGLED_TOP': 'png_3d_viewer_angled_top', 'PNG_3D_VIEWER_ANGLED_BOTTOM': 'png_3d_viewer_angled_bottom', 'STEP_OUTPUT': 'step', 'BLENDER_OUTPUT': 'blender', 'PDF_SCHEMATIC_OUTPUT': 'pdf_schematic', 'PDF_FABRICATION_OUTPUT': 'pdf_fabrication', 'PDF_ASSEMBLY_OUTPUT': 'pdf_assembly', 'ZIP_COMPRESS_FAB_OUTPUT': 'zip_compress_fab', 'HTML_KICANVAS_OUTPUT': 'html_kicanvas', 'HTML_KIRI_OUTPUT': 'html_kiri', 'MD_README_OUTPUT': 'md_readme', 'HTML_NAV_RES_OUTPUT': 'html_navigate_results'} (kibot - config_reader.py:665)
DEBUG:Applying preprocessor definitions (kibot - config_reader.py:670)
DEBUG:- Applying CLI definitions: {} (kibot - config_reader.py:677)
DEBUG:- Applying collected definitions: {'NAME': 'pdf_fabrication', 'COMMENT': 'Fabrication document in PDF format', 'DIR': 'Manufacturing/Fabrication', 'DOC_TITLE': 'Fabrication', 'COLOR_THEME': 'Altium_Theme', 'SHEET_WKS': '${KIPRJMOD}/Templates/KDT_Template_PCB_GIT_A4.kicad_wks', 'SCALING': 1, 'FAB_EXCLUDE_FILTER': 'only_testpoints', 'LAYER_DRILL_MAP': 'DrillMap', 'LAYER_TP_LIST_TOP': 'F.TestPointList', 'LAYER_TP_LIST_BOTTOM': 'B.TestPointList', 'PTH_NPTH': 'no', 'GROUP_ROUND_SLOTS': True, 'NAME_TP_TOP': 'csv_testpoints_top', 'NAME_TP_BOTTOM': 'csv_testpoints_bottom', 'NAME_IMPEDANCE_TABLE': 'csv_impedance_table', 'NAME_DRILL_TABLE': 'csv_drill_table', 'PROJECT_NAME': 'LE_V2', 'BOARD_NAME': 'LE_BMS_A_V2', 'COMPANY': 'Company Name', 'DESIGNER': 'Author', 'LOGO': 'Logos/dummy_logo.png', 'GIT_URL': 'https://github.com/nguyen-v/KDT_Hierarchical_KiBot', 'CHECK_ZONE_FILLS': False, 'STACKUP_TABLE_NOTE': 'external layer thicknesses are specified after plating', 'MPN_FIELD': 'Manufacturer Part Number', 'MAN_FIELD': 'Manufacturer', 'GROUP_PTH_NPTH': 'no', 'GROUP_PTH_NPTH_DRL': False, 'PLOT_REFS': True, 'FAB_SCALING': 1, 'ASSEMBLY_SCALING': 1, 'EXCLUDE_REFS': '[MB*]', '3D_VIEWER_ROT_X': 2, '3D_VIEWER_ROT_Y': -1, '3D_VIEWER_ROT_Z': 1, '3D_VIEWER_ZOOM': -1, 'KEY_COLOR': '#00FF00', 'OUTPUT_DIR': './', 'REPORT_DIR': 'Reports', 'SCHEMATIC_DIR': 'Schematic', 'MANUFACTURING_DIR': 'Manufacturing', 'ASSEMBLY_DIR': '@MANUFACTURING_DIR@/Assembly', 'FABRICATION_DIR': '@MANUFACTURING_DIR@/Fabrication', 'GERBERS_DIR': '@FABRICATION_DIR@/Gerbers', 'FAB_DRILL_TABLES_DIR': '@FABRICATION_DIR@/Drill Tables', 'TESTING_DIR': 'Testing', 'TESTPOINTS_DIR': '@TESTING_DIR@/Testpoints', 'IMAGES_DIR': 'Images', '3D_DIR': '3D', 'RESOURCES_DIR': 'kibot_resources', 'REPORT_TEMPLATE_DIR': '@RESOURCES_DIR@/templates', 'SCRIPTS_DIR': '@RESOURCES_DIR@/scripts', 'LAYER_TITLE_PAGE': 'TitlePage', 'LAYER_DNP_TOP': 'F.DNP', 'LAYER_DNP_BOTTOM': 'B.DNP', 'LAYER_ASSEMBLY_TEXT_TOP': 'F.AssemblyText', 'LAYER_ASSEMBLY_TEXT_BOTTOM': 'B.AssemblyText', 'LAYER_DNP_CROSS_TOP': 'F.DNP', 'LAYER_DNP_CROSS_BOTTOM': 'B.DNP', 'FILT_FIELD_RENAME': 'field_rename', 'FILT_TP_ONLY': 'only_testpoints', 'FILT_TP_EXCLUDE': 'exclude_testpoints', 'FILT_TP_TOP_ONLY': 'only_testpoints_top', 'FILT_TP_BOTTOM_ONLY': 'only_testpoints_bottom', 'SCH_VARIANT_OUTPUT': 'value_split', 'NETLIST_OUTPUT': 'netlist', 'GERBER_OUTPUT': 'gbr_gerbers', 'ODB_OUTPUT': 'zip_odb', 'EXCELLON_DRILL_OUTPUT': 'drl_excellon', 'PDF_DRILL_MAP_OUTPUT': 'pdf_drill_map', 'DXF_DRILL_MAP_OUTPUT': 'dxf_drill_map', 'CSV_DRILL_TABLE_OUTPUT': 'csv_drill_table', 'CSV_POS_OUTPUT': 'csv_position', 'CSV_TP_OUTPUT': 'csv_testpoints', 'CSV_TP_TOP_OUTPUT': 'csv_testpoints_top', 'CSV_TP_BOTTOM_OUTPUT': 'csv_testpoints_bottom', 'CSV_BOM_OUTPUT': 'csv_bom', 'XLSX_BOM_OUTPUT': 'xlsx_bom', 'HTML_IBOM_OUTPUT': 'html_bom_interactive', 'HTML_BOM_OUTPUT': 'html_bom', 'CSV_COMP_COUNT_OUPUT': 'csv_comp_count', 'CSV_IMPEDANCE_TABLE_OUTPUT': 'csv_impedance_table', 'TXT_FAB_NOTES_OUTPUT': 'txt_fabrication_notes', 'TXT_ASSEMBLY_NOTES_OUTPUT': 'txt_assembly_notes', 'PNG_3D_VIEWER_TOP': 'png_3d_viewer_top', 'PNG_3D_VIEWER_BOTTOM': 'png_3d_viewer_bottom', 'PNG_3D_VIEWER_ANGLED_TOP': 'png_3d_viewer_angled_top', 'PNG_3D_VIEWER_ANGLED_BOTTOM': 'png_3d_viewer_angled_bottom', 'STEP_OUTPUT': 'step', 'BLENDER_OUTPUT': 'blender', 'PDF_SCHEMATIC_OUTPUT': 'pdf_schematic', 'PDF_FABRICATION_OUTPUT': 'pdf_fabrication', 'PDF_ASSEMBLY_OUTPUT': 'pdf_assembly', 'ZIP_COMPRESS_FAB_OUTPUT': 'zip_compress_fab', 'HTML_KICANVAS_OUTPUT': 'html_kicanvas', 'HTML_KIRI_OUTPUT': 'html_kiri', 'MD_README_OUTPUT': 'md_readme', 'HTML_NAV_RES_OUTPUT': 'html_navigate_results'} (kibot - config_reader.py:680)
DEBUG:- Replacing @NAME@ -> pdf_fabrication (<class 'str'>) (kibot - config_reader.py:78)
DEBUG:- Replacing @COMMENT@ -> Fabrication document in PDF format (<class 'str'>) (kibot - config_reader.py:78)
DEBUG:- Replacing @DIR@ -> Manufacturing/Fabrication (<class 'str'>) (kibot - config_reader.py:78)
DEBUG:- Replacing @DOC_TITLE@ -> Fabrication (<class 'str'>) (kibot - config_reader.py:78)
DEBUG:- Replacing @COLOR_THEME@ -> Altium_Theme (<class 'str'>) (kibot - config_reader.py:78)
DEBUG:- Replacing @SHEET_WKS@ -> ${KIPRJMOD}/Templates/KDT_Template_PCB_GIT_A4.kicad_wks (<class 'str'>) (kibot - config_reader.py:78)
DEBUG:- Replacing @SCALING@ -> 1 (<class 'str'>) (kibot - config_reader.py:78)
DEBUG:- Replacing @FAB_EXCLUDE_FILTER@ -> only_testpoints (<class 'str'>) (kibot - config_reader.py:78)
DEBUG:- Replacing @LAYER_DRILL_MAP@ -> DrillMap (<class 'str'>) (kibot - config_reader.py:78)
DEBUG:- Replacing @LAYER_TP_LIST_TOP@ -> F.TestPointList (<class 'str'>) (kibot - config_reader.py:78)
DEBUG:- Replacing @LAYER_TP_LIST_BOTTOM@ -> B.TestPointList (<class 'str'>) (kibot - config_reader.py:78)
DEBUG:- Replacing @PTH_NPTH@ -> no (<class 'str'>) (kibot - config_reader.py:78)
DEBUG:- Replacing @GROUP_ROUND_SLOTS@ -> true (<class 'str'>) (kibot - config_reader.py:78)
DEBUG:- Replacing @NAME_TP_TOP@ -> csv_testpoints_top (<class 'str'>) (kibot - config_reader.py:78)
DEBUG:- Replacing @NAME_TP_BOTTOM@ -> csv_testpoints_bottom (<class 'str'>) (kibot - config_reader.py:78)
DEBUG:- Replacing @NAME_IMPEDANCE_TABLE@ -> csv_impedance_table (<class 'str'>) (kibot - config_reader.py:78)
DEBUG:- Replacing @NAME_DRILL_TABLE@ -> csv_drill_table (<class 'str'>) (kibot - config_reader.py:78)
DEBUG:- Applying CLI definitions: {} (kibot - config_reader.py:677)
DEBUG:- Applying collected definitions: {'NAME': 'pdf_fabrication', 'COMMENT': 'Fabrication document in PDF format', 'DIR': 'Manufacturing/Fabrication', 'DOC_TITLE': 'Fabrication', 'COLOR_THEME': 'Altium_Theme', 'SHEET_WKS': '${KIPRJMOD}/Templates/KDT_Template_PCB_GIT_A4.kicad_wks', 'SCALING': 1, 'FAB_EXCLUDE_FILTER': 'only_testpoints', 'LAYER_DRILL_MAP': 'DrillMap', 'LAYER_TP_LIST_TOP': 'F.TestPointList', 'LAYER_TP_LIST_BOTTOM': 'B.TestPointList', 'PTH_NPTH': 'no', 'GROUP_ROUND_SLOTS': True, 'NAME_TP_TOP': 'csv_testpoints_top', 'NAME_TP_BOTTOM': 'csv_testpoints_bottom', 'NAME_IMPEDANCE_TABLE': 'csv_impedance_table', 'NAME_DRILL_TABLE': 'csv_drill_table', 'PROJECT_NAME': 'LE_V2', 'BOARD_NAME': 'LE_BMS_A_V2', 'COMPANY': 'Company Name', 'DESIGNER': 'Author', 'LOGO': 'Logos/dummy_logo.png', 'GIT_URL': 'https://github.com/nguyen-v/KDT_Hierarchical_KiBot', 'CHECK_ZONE_FILLS': False, 'STACKUP_TABLE_NOTE': 'external layer thicknesses are specified after plating', 'MPN_FIELD': 'Manufacturer Part Number', 'MAN_FIELD': 'Manufacturer', 'GROUP_PTH_NPTH': 'no', 'GROUP_PTH_NPTH_DRL': False, 'PLOT_REFS': True, 'FAB_SCALING': 1, 'ASSEMBLY_SCALING': 1, 'EXCLUDE_REFS': '[MB*]', '3D_VIEWER_ROT_X': 2, '3D_VIEWER_ROT_Y': -1, '3D_VIEWER_ROT_Z': 1, '3D_VIEWER_ZOOM': -1, 'KEY_COLOR': '#00FF00', 'OUTPUT_DIR': './', 'REPORT_DIR': 'Reports', 'SCHEMATIC_DIR': 'Schematic', 'MANUFACTURING_DIR': 'Manufacturing', 'ASSEMBLY_DIR': '@MANUFACTURING_DIR@/Assembly', 'FABRICATION_DIR': '@MANUFACTURING_DIR@/Fabrication', 'GERBERS_DIR': '@FABRICATION_DIR@/Gerbers', 'FAB_DRILL_TABLES_DIR': '@FABRICATION_DIR@/Drill Tables', 'TESTING_DIR': 'Testing', 'TESTPOINTS_DIR': '@TESTING_DIR@/Testpoints', 'IMAGES_DIR': 'Images', '3D_DIR': '3D', 'RESOURCES_DIR': 'kibot_resources', 'REPORT_TEMPLATE_DIR': '@RESOURCES_DIR@/templates', 'SCRIPTS_DIR': '@RESOURCES_DIR@/scripts', 'LAYER_TITLE_PAGE': 'TitlePage', 'LAYER_DNP_TOP': 'F.DNP', 'LAYER_DNP_BOTTOM': 'B.DNP', 'LAYER_ASSEMBLY_TEXT_TOP': 'F.AssemblyText', 'LAYER_ASSEMBLY_TEXT_BOTTOM': 'B.AssemblyText', 'LAYER_DNP_CROSS_TOP': 'F.DNP', 'LAYER_DNP_CROSS_BOTTOM': 'B.DNP', 'FILT_FIELD_RENAME': 'field_rename', 'FILT_TP_ONLY': 'only_testpoints', 'FILT_TP_EXCLUDE': 'exclude_testpoints', 'FILT_TP_TOP_ONLY': 'only_testpoints_top', 'FILT_TP_BOTTOM_ONLY': 'only_testpoints_bottom', 'SCH_VARIANT_OUTPUT': 'value_split', 'NETLIST_OUTPUT': 'netlist', 'GERBER_OUTPUT': 'gbr_gerbers', 'ODB_OUTPUT': 'zip_odb', 'EXCELLON_DRILL_OUTPUT': 'drl_excellon', 'PDF_DRILL_MAP_OUTPUT': 'pdf_drill_map', 'DXF_DRILL_MAP_OUTPUT': 'dxf_drill_map', 'CSV_DRILL_TABLE_OUTPUT': 'csv_drill_table', 'CSV_POS_OUTPUT': 'csv_position', 'CSV_TP_OUTPUT': 'csv_testpoints', 'CSV_TP_TOP_OUTPUT': 'csv_testpoints_top', 'CSV_TP_BOTTOM_OUTPUT': 'csv_testpoints_bottom', 'CSV_BOM_OUTPUT': 'csv_bom', 'XLSX_BOM_OUTPUT': 'xlsx_bom', 'HTML_IBOM_OUTPUT': 'html_bom_interactive', 'HTML_BOM_OUTPUT': 'html_bom', 'CSV_COMP_COUNT_OUPUT': 'csv_comp_count', 'CSV_IMPEDANCE_TABLE_OUTPUT': 'csv_impedance_table', 'TXT_FAB_NOTES_OUTPUT': 'txt_fabrication_notes', 'TXT_ASSEMBLY_NOTES_OUTPUT': 'txt_assembly_notes', 'PNG_3D_VIEWER_TOP': 'png_3d_viewer_top', 'PNG_3D_VIEWER_BOTTOM': 'png_3d_viewer_bottom', 'PNG_3D_VIEWER_ANGLED_TOP': 'png_3d_viewer_angled_top', 'PNG_3D_VIEWER_ANGLED_BOTTOM': 'png_3d_viewer_angled_bottom', 'STEP_OUTPUT': 'step', 'BLENDER_OUTPUT': 'blender', 'PDF_SCHEMATIC_OUTPUT': 'pdf_schematic', 'PDF_FABRICATION_OUTPUT': 'pdf_fabrication', 'PDF_ASSEMBLY_OUTPUT': 'pdf_assembly', 'ZIP_COMPRESS_FAB_OUTPUT': 'zip_compress_fab', 'HTML_KICANVAS_OUTPUT': 'html_kicanvas', 'HTML_KIRI_OUTPUT': 'html_kiri', 'MD_README_OUTPUT': 'md_readme', 'HTML_NAV_RES_OUTPUT': 'html_navigate_results'} (kibot - config_reader.py:680)
DEBUG:YAML after expanding definitions:
# KiBot output for generating Fabrication Document in PDF format
# https://kibot.readthedocs.io/en/latest/configuration/outputs/pcb_print.html

kibot:
  version: 1

outputs:
- name: pdf_fabrication
  comment: 'Fabrication document in PDF format'
  type: pcb_print
  category: 'Manufacturing/Fabrication'
  dir: 'Manufacturing/Fabrication'
  options:
    colored_pads: false
    colored_vias: false
    color_theme: 'Altium_Theme'
    output: '%f-fabrication%I%v.%x'
    format: 'PDF'
    title: 'Fabrication Document'
    realistic_solder_mask: false
    dpi: 1200
    dnf_filter: _kibom_dnf_Config
    frame_plot_mechanism: 'internal' 
    sheet_reference_layout: '${KIPRJMOD}/Templates/KDT_Template_PCB_GIT_A4.kicad_wks'
    drill:
      unify_pth_and_npth: 'no'
      group_slots_and_round_holes: true
    include_table:
      outputs:
        - name: 'csv_testpoints_top'
          text_alignment: 'left'
          invert_columns_order: false
          border_width: 0.4
          header_rule_width: 0.2
          horizontal_rule_width: 0
          vertical_rule_width: 0.2
          top_rule_width: 0.2
          bottom_rule_width: 0.2
          column_spacing: 2
          force_font_width: 1.27 # mm
        - name: 'csv_testpoints_bottom'
          text_alignment: 'right'
          invert_columns_order: true
          border_width: 0.4
          header_rule_width: 0.2
          horizontal_rule_width: 0
          vertical_rule_width: 0.2
          top_rule_width: 0.2
          bottom_rule_width: 0.2
          column_spacing: 2
          force_font_width: 1.27 # mm
        - name: 'csv_impedance_table'
          text_alignment: 'left'
          invert_columns_order: false
          border_width: 0.4
          header_rule_width: 0.2
          horizontal_rule_width: 0
          vertical_rule_width: 0.2
          top_rule_width: 0.2
          bottom_rule_width: 0.2
          row_spacing: 3
          column_spacing: 2
          row_spacing: 3
        - name: 'csv_drill_table'
          text_alignment: 'left'
          invert_columns_order: false
          border_width: 0.4
          header_rule_width: 0.2
          horizontal_rule_width: 0
          vertical_rule_width: 0.2
          top_rule_width: 0.2
          bottom_rule_width: 0.2
          row_spacing: 3
          column_spacing: 2
          force_font_width: 1 # mm

    pages:
      - scaling: 1
        title: 'Fabrication'
        sheet: 'Top Fabrication (Scale 1:1)'
        layer_var: 'Top Fabrication (Scale 1:1)'
        sheet_reference_color: '#000000'
        colored_holes: true
        holes_color: "#FFFFFF"
        layers:
          - layer: Edge.Cuts
            color: '#000000'
          - layer: F.Cu
            color: '#F2F2F2'
          - layer: F.Mask
            color: '#E2E2E2'
          - layer: F.Paste
            color: '#E2E2E2'
          - layer: F.Silkscreen
            color: '#DBDBDB'
          - layer: F.Fab
            plot_footprint_refs: false
            plot_footprint_values: false
            color: '#818181'
          - layer: F.Dimensions
            color: '#000000'

      - scaling: 1
        mirror: true
        mirror_pcb_text: false
        title: 'Fabrication'
        sheet: 'Bottom Fabrication (Scale 1:1)'
        layer_var: 'Bottom Fabrication (Scale 1:1)'
        sheet_reference_color: '#000000'
        colored_holes: true
        holes_color: "#FFFFFF"
        layers:
          - layer: Edge.Cuts
            color: '#000000'
          - layer: B.Cu
            color: '#F2F2F2'
          - layer: B.Mask
            color: '#E2E2E2'
          - layer: B.Paste
            color: '#E2E2E2'
          - layer: B.Silkscreen
            color: '#DBDBDB'
          - layer: B.Fab
            plot_footprint_refs: false
            plot_footprint_values: false
            color: '#818181'
          - layer: B.Dimensions
            color: '#000000'

      - scaling: 1
        title: 'Fabrication'
        sheet: 'Drill Drawing (%lp)'
        layer_var: 'Drill Drawing %lp (Scale 1:1)'
        sheet_reference_color: '#000000'
        colored_holes: true
        holes_color: "#FFFFFF"
        repeat_for_layer: 'DrillMap'
        repeat_layers: 'drill_pairs'
        layers:
          - layer: 'DrillMap'
            color: '#000000'
          - layer: 'Edge.Cuts'
            color: '#000000'

      - scaling: 1
        title: 'Fabrication'
        sheet: 'Top Test Points (Scale 1:1)'
        layer_var: 'Top Test Points (Scale 1:1)'
        sheet_reference_color: '#000000'
        colored_holes: true
        holes_color: "#FFFFFF"
        layers:
          - layer: Edge.Cuts
            color: '#000000'
          - layer: F.Cu
            color: '#E5E5E5'
          - layer: F.Mask
            color: '#CECECE'
          - layer: F.Paste
            color: '#CECECE'
          - layer: F.Silkscreen
            color: '#C7C7C7'
          - layer: F.Fab
            exclude_filter: 'only_testpoints'
            plot_footprint_values: false
            sketch_pads_on_fab_layers: false
            color: '#E10000'
          - layer: 'F.TestPointList'
            color: '#000000'

      - scaling: 1
        mirror : true
        mirror_pcb_text: true
        title: 'Fabrication'
        sheet: 'Bottom Test Points (Scale 1:1)'
        layer_var: 'Bottom Test Points (Scale 1:1)'
        sheet_reference_color: '#000000'
        colored_holes: true
        holes_color: "#FFFFFF"
        layers:
          - layer: Edge.Cuts
            color: '#000000'
          - layer: B.Cu
            color: '#E5E5E5'
          - layer: B.Mask
            color: '#CECECE'
          - layer: B.Paste
            color: '#CECECE'
          - layer: B.Silkscreen
            color: '#C7C7C7'
          - layer: B.Fab
            exclude_filter: 'only_testpoints'
            plot_footprint_values: false
            sketch_pads_on_fab_layers: false
            color: '#0B00CC'
          - layer: 'B.TestPointList'
            color: '#000000'

      - scaling: 1
        sheet: '%ln (Scale 1:1)'
        layer_var: '%ln (Scale 1:1)'
        title: 'Fabrication'
        sheet_reference_color: '#000000'
        colored_holes: true
        holes_color: "#FFFFFF"
        repeat_for_layer: 'F.Cu'
        repeat_layers: 'copper'
        layers:
          - layer: 'F.Cu'

 (kibot - config_reader.py:686)
DEBUG:Pre-parsing output options for `pdf_fabrication` (pcb_print) (kibot - config_reader.py:169)
DEBUG:Outputs loaded from `kibot_yaml/kibot_out_pdf_fabrication.yaml`: ['pdf_fabrication'] (kibot - config_reader.py:361)
DEBUG:Found local definitions (kibot - config_reader.py:651)
DEBUG:- Local definitions: {'NAME': 'pdf_assembly', 'COMMENT': 'Assembly document in PDF format', 'DIR': 'Manufacturing/Assembly', 'DOC_TITLE': 'Assembly', 'COLOR_THEME': 'Altium_Theme', 'SHEET_WKS': '${KIPRJMOD}/Templates/KDT_Template_PCB_GIT_A4.kicad_wks', 'SCALING': 1.0, 'FAB_EXCLUDE_FILTER': 'exclude_testpoints', 'LAYER_TITLE_PAGE': 'TitlePage', 'LAYER_ASSEMBLY_TEXT_TOP': 'F.AssemblyText', 'LAYER_ASSEMBLY_TEXT_BOTTOM': 'B.AssemblyText', 'LAYER_DNP_CROSS_TOP': 'F.DNP', 'LAYER_DNP_CROSS_BOTTOM': 'B.DNP', 'NAME_COMP_COUNT': 'csv_comp_count'} (kibot - config_reader.py:661)
DEBUG:- Current definitions: {'PROJECT_NAME': 'LE_V2', 'BOARD_NAME': 'LE_BMS_A_V2', 'COMPANY': 'Company Name', 'DESIGNER': 'Author', 'LOGO': 'Logos/dummy_logo.png', 'GIT_URL': 'https://github.com/nguyen-v/KDT_Hierarchical_KiBot', 'CHECK_ZONE_FILLS': False, 'STACKUP_TABLE_NOTE': 'external layer thicknesses are specified after plating', 'MPN_FIELD': 'Manufacturer Part Number', 'MAN_FIELD': 'Manufacturer', 'GROUP_ROUND_SLOTS': True, 'GROUP_PTH_NPTH': 'no', 'GROUP_PTH_NPTH_DRL': False, 'PLOT_REFS': True, 'COLOR_THEME': 'Altium_Theme', 'SHEET_WKS': '${KIPRJMOD}/Templates/KDT_Template_PCB_GIT_A4.kicad_wks', 'FAB_SCALING': 1, 'ASSEMBLY_SCALING': 1, 'EXCLUDE_REFS': '[MB*]', '3D_VIEWER_ROT_X': 2, '3D_VIEWER_ROT_Y': -1, '3D_VIEWER_ROT_Z': 1, '3D_VIEWER_ZOOM': -1, 'KEY_COLOR': '#00FF00', 'OUTPUT_DIR': './', 'REPORT_DIR': 'Reports', 'SCHEMATIC_DIR': 'Schematic', 'MANUFACTURING_DIR': 'Manufacturing', 'ASSEMBLY_DIR': '@MANUFACTURING_DIR@/Assembly', 'FABRICATION_DIR': '@MANUFACTURING_DIR@/Fabrication', 'GERBERS_DIR': '@FABRICATION_DIR@/Gerbers', 'FAB_DRILL_TABLES_DIR': '@FABRICATION_DIR@/Drill Tables', 'TESTING_DIR': 'Testing', 'TESTPOINTS_DIR': '@TESTING_DIR@/Testpoints', 'IMAGES_DIR': 'Images', '3D_DIR': '3D', 'RESOURCES_DIR': 'kibot_resources', 'REPORT_TEMPLATE_DIR': '@RESOURCES_DIR@/templates', 'SCRIPTS_DIR': '@RESOURCES_DIR@/scripts', 'LAYER_TITLE_PAGE': 'TitlePage', 'LAYER_DNP_TOP': 'F.DNP', 'LAYER_DNP_BOTTOM': 'B.DNP', 'LAYER_DRILL_MAP': 'DrillMap', 'LAYER_TP_LIST_TOP': 'F.TestPointList', 'LAYER_TP_LIST_BOTTOM': 'B.TestPointList', 'LAYER_ASSEMBLY_TEXT_TOP': 'F.AssemblyText', 'LAYER_ASSEMBLY_TEXT_BOTTOM': 'B.AssemblyText', 'LAYER_DNP_CROSS_TOP': 'F.DNP', 'LAYER_DNP_CROSS_BOTTOM': 'B.DNP', 'FILT_FIELD_RENAME': 'field_rename', 'FILT_TP_ONLY': 'only_testpoints', 'FILT_TP_EXCLUDE': 'exclude_testpoints', 'FILT_TP_TOP_ONLY': 'only_testpoints_top', 'FILT_TP_BOTTOM_ONLY': 'only_testpoints_bottom', 'SCH_VARIANT_OUTPUT': 'value_split', 'NETLIST_OUTPUT': 'netlist', 'GERBER_OUTPUT': 'gbr_gerbers', 'ODB_OUTPUT': 'zip_odb', 'EXCELLON_DRILL_OUTPUT': 'drl_excellon', 'PDF_DRILL_MAP_OUTPUT': 'pdf_drill_map', 'DXF_DRILL_MAP_OUTPUT': 'dxf_drill_map', 'CSV_DRILL_TABLE_OUTPUT': 'csv_drill_table', 'CSV_POS_OUTPUT': 'csv_position', 'CSV_TP_OUTPUT': 'csv_testpoints', 'CSV_TP_TOP_OUTPUT': 'csv_testpoints_top', 'CSV_TP_BOTTOM_OUTPUT': 'csv_testpoints_bottom', 'CSV_BOM_OUTPUT': 'csv_bom', 'XLSX_BOM_OUTPUT': 'xlsx_bom', 'HTML_IBOM_OUTPUT': 'html_bom_interactive', 'HTML_BOM_OUTPUT': 'html_bom', 'CSV_COMP_COUNT_OUPUT': 'csv_comp_count', 'CSV_IMPEDANCE_TABLE_OUTPUT': 'csv_impedance_table', 'TXT_FAB_NOTES_OUTPUT': 'txt_fabrication_notes', 'TXT_ASSEMBLY_NOTES_OUTPUT': 'txt_assembly_notes', 'PNG_3D_VIEWER_TOP': 'png_3d_viewer_top', 'PNG_3D_VIEWER_BOTTOM': 'png_3d_viewer_bottom', 'PNG_3D_VIEWER_ANGLED_TOP': 'png_3d_viewer_angled_top', 'PNG_3D_VIEWER_ANGLED_BOTTOM': 'png_3d_viewer_angled_bottom', 'STEP_OUTPUT': 'step', 'BLENDER_OUTPUT': 'blender', 'PDF_SCHEMATIC_OUTPUT': 'pdf_schematic', 'PDF_FABRICATION_OUTPUT': 'pdf_fabrication', 'PDF_ASSEMBLY_OUTPUT': 'pdf_assembly', 'ZIP_COMPRESS_FAB_OUTPUT': 'zip_compress_fab', 'HTML_KICANVAS_OUTPUT': 'html_kicanvas', 'HTML_KIRI_OUTPUT': 'html_kiri', 'MD_README_OUTPUT': 'md_readme', 'HTML_NAV_RES_OUTPUT': 'html_navigate_results', 'NAME': 'pdf_assembly', 'COMMENT': 'Assembly document in PDF format', 'DIR': 'Manufacturing/Assembly', 'SCALING': 1, 'FAB_EXCLUDE_FILTER': 'exclude_testpoints', 'NAME_COMP_COUNT': 'csv_comp_count'} (kibot - config_reader.py:662)
DEBUG:- Updated definitions: {'NAME': 'pdf_assembly', 'COMMENT': 'Assembly document in PDF format', 'DIR': 'Manufacturing/Assembly', 'DOC_TITLE': 'Assembly', 'COLOR_THEME': 'Altium_Theme', 'SHEET_WKS': '${KIPRJMOD}/Templates/KDT_Template_PCB_GIT_A4.kicad_wks', 'SCALING': 1, 'FAB_EXCLUDE_FILTER': 'exclude_testpoints', 'LAYER_TITLE_PAGE': 'TitlePage', 'LAYER_ASSEMBLY_TEXT_TOP': 'F.AssemblyText', 'LAYER_ASSEMBLY_TEXT_BOTTOM': 'B.AssemblyText', 'LAYER_DNP_CROSS_TOP': 'F.DNP', 'LAYER_DNP_CROSS_BOTTOM': 'B.DNP', 'NAME_COMP_COUNT': 'csv_comp_count', 'PROJECT_NAME': 'LE_V2', 'BOARD_NAME': 'LE_BMS_A_V2', 'COMPANY': 'Company Name', 'DESIGNER': 'Author', 'LOGO': 'Logos/dummy_logo.png', 'GIT_URL': 'https://github.com/nguyen-v/KDT_Hierarchical_KiBot', 'CHECK_ZONE_FILLS': False, 'STACKUP_TABLE_NOTE': 'external layer thicknesses are specified after plating', 'MPN_FIELD': 'Manufacturer Part Number', 'MAN_FIELD': 'Manufacturer', 'GROUP_ROUND_SLOTS': True, 'GROUP_PTH_NPTH': 'no', 'GROUP_PTH_NPTH_DRL': False, 'PLOT_REFS': True, 'FAB_SCALING': 1, 'ASSEMBLY_SCALING': 1, 'EXCLUDE_REFS': '[MB*]', '3D_VIEWER_ROT_X': 2, '3D_VIEWER_ROT_Y': -1, '3D_VIEWER_ROT_Z': 1, '3D_VIEWER_ZOOM': -1, 'KEY_COLOR': '#00FF00', 'OUTPUT_DIR': './', 'REPORT_DIR': 'Reports', 'SCHEMATIC_DIR': 'Schematic', 'MANUFACTURING_DIR': 'Manufacturing', 'ASSEMBLY_DIR': '@MANUFACTURING_DIR@/Assembly', 'FABRICATION_DIR': '@MANUFACTURING_DIR@/Fabrication', 'GERBERS_DIR': '@FABRICATION_DIR@/Gerbers', 'FAB_DRILL_TABLES_DIR': '@FABRICATION_DIR@/Drill Tables', 'TESTING_DIR': 'Testing', 'TESTPOINTS_DIR': '@TESTING_DIR@/Testpoints', 'IMAGES_DIR': 'Images', '3D_DIR': '3D', 'RESOURCES_DIR': 'kibot_resources', 'REPORT_TEMPLATE_DIR': '@RESOURCES_DIR@/templates', 'SCRIPTS_DIR': '@RESOURCES_DIR@/scripts', 'LAYER_DNP_TOP': 'F.DNP', 'LAYER_DNP_BOTTOM': 'B.DNP', 'LAYER_DRILL_MAP': 'DrillMap', 'LAYER_TP_LIST_TOP': 'F.TestPointList', 'LAYER_TP_LIST_BOTTOM': 'B.TestPointList', 'FILT_FIELD_RENAME': 'field_rename', 'FILT_TP_ONLY': 'only_testpoints', 'FILT_TP_EXCLUDE': 'exclude_testpoints', 'FILT_TP_TOP_ONLY': 'only_testpoints_top', 'FILT_TP_BOTTOM_ONLY': 'only_testpoints_bottom', 'SCH_VARIANT_OUTPUT': 'value_split', 'NETLIST_OUTPUT': 'netlist', 'GERBER_OUTPUT': 'gbr_gerbers', 'ODB_OUTPUT': 'zip_odb', 'EXCELLON_DRILL_OUTPUT': 'drl_excellon', 'PDF_DRILL_MAP_OUTPUT': 'pdf_drill_map', 'DXF_DRILL_MAP_OUTPUT': 'dxf_drill_map', 'CSV_DRILL_TABLE_OUTPUT': 'csv_drill_table', 'CSV_POS_OUTPUT': 'csv_position', 'CSV_TP_OUTPUT': 'csv_testpoints', 'CSV_TP_TOP_OUTPUT': 'csv_testpoints_top', 'CSV_TP_BOTTOM_OUTPUT': 'csv_testpoints_bottom', 'CSV_BOM_OUTPUT': 'csv_bom', 'XLSX_BOM_OUTPUT': 'xlsx_bom', 'HTML_IBOM_OUTPUT': 'html_bom_interactive', 'HTML_BOM_OUTPUT': 'html_bom', 'CSV_COMP_COUNT_OUPUT': 'csv_comp_count', 'CSV_IMPEDANCE_TABLE_OUTPUT': 'csv_impedance_table', 'TXT_FAB_NOTES_OUTPUT': 'txt_fabrication_notes', 'TXT_ASSEMBLY_NOTES_OUTPUT': 'txt_assembly_notes', 'PNG_3D_VIEWER_TOP': 'png_3d_viewer_top', 'PNG_3D_VIEWER_BOTTOM': 'png_3d_viewer_bottom', 'PNG_3D_VIEWER_ANGLED_TOP': 'png_3d_viewer_angled_top', 'PNG_3D_VIEWER_ANGLED_BOTTOM': 'png_3d_viewer_angled_bottom', 'STEP_OUTPUT': 'step', 'BLENDER_OUTPUT': 'blender', 'PDF_SCHEMATIC_OUTPUT': 'pdf_schematic', 'PDF_FABRICATION_OUTPUT': 'pdf_fabrication', 'PDF_ASSEMBLY_OUTPUT': 'pdf_assembly', 'ZIP_COMPRESS_FAB_OUTPUT': 'zip_compress_fab', 'HTML_KICANVAS_OUTPUT': 'html_kicanvas', 'HTML_KIRI_OUTPUT': 'html_kiri', 'MD_README_OUTPUT': 'md_readme', 'HTML_NAV_RES_OUTPUT': 'html_navigate_results'} (kibot - config_reader.py:665)
DEBUG:Applying preprocessor definitions (kibot - config_reader.py:670)
DEBUG:- Applying CLI definitions: {} (kibot - config_reader.py:677)
DEBUG:- Applying collected definitions: {'NAME': 'pdf_assembly', 'COMMENT': 'Assembly document in PDF format', 'DIR': 'Manufacturing/Assembly', 'DOC_TITLE': 'Assembly', 'COLOR_THEME': 'Altium_Theme', 'SHEET_WKS': '${KIPRJMOD}/Templates/KDT_Template_PCB_GIT_A4.kicad_wks', 'SCALING': 1, 'FAB_EXCLUDE_FILTER': 'exclude_testpoints', 'LAYER_TITLE_PAGE': 'TitlePage', 'LAYER_ASSEMBLY_TEXT_TOP': 'F.AssemblyText', 'LAYER_ASSEMBLY_TEXT_BOTTOM': 'B.AssemblyText', 'LAYER_DNP_CROSS_TOP': 'F.DNP', 'LAYER_DNP_CROSS_BOTTOM': 'B.DNP', 'NAME_COMP_COUNT': 'csv_comp_count', 'PROJECT_NAME': 'LE_V2', 'BOARD_NAME': 'LE_BMS_A_V2', 'COMPANY': 'Company Name', 'DESIGNER': 'Author', 'LOGO': 'Logos/dummy_logo.png', 'GIT_URL': 'https://github.com/nguyen-v/KDT_Hierarchical_KiBot', 'CHECK_ZONE_FILLS': False, 'STACKUP_TABLE_NOTE': 'external layer thicknesses are specified after plating', 'MPN_FIELD': 'Manufacturer Part Number', 'MAN_FIELD': 'Manufacturer', 'GROUP_ROUND_SLOTS': True, 'GROUP_PTH_NPTH': 'no', 'GROUP_PTH_NPTH_DRL': False, 'PLOT_REFS': True, 'FAB_SCALING': 1, 'ASSEMBLY_SCALING': 1, 'EXCLUDE_REFS': '[MB*]', '3D_VIEWER_ROT_X': 2, '3D_VIEWER_ROT_Y': -1, '3D_VIEWER_ROT_Z': 1, '3D_VIEWER_ZOOM': -1, 'KEY_COLOR': '#00FF00', 'OUTPUT_DIR': './', 'REPORT_DIR': 'Reports', 'SCHEMATIC_DIR': 'Schematic', 'MANUFACTURING_DIR': 'Manufacturing', 'ASSEMBLY_DIR': '@MANUFACTURING_DIR@/Assembly', 'FABRICATION_DIR': '@MANUFACTURING_DIR@/Fabrication', 'GERBERS_DIR': '@FABRICATION_DIR@/Gerbers', 'FAB_DRILL_TABLES_DIR': '@FABRICATION_DIR@/Drill Tables', 'TESTING_DIR': 'Testing', 'TESTPOINTS_DIR': '@TESTING_DIR@/Testpoints', 'IMAGES_DIR': 'Images', '3D_DIR': '3D', 'RESOURCES_DIR': 'kibot_resources', 'REPORT_TEMPLATE_DIR': '@RESOURCES_DIR@/templates', 'SCRIPTS_DIR': '@RESOURCES_DIR@/scripts', 'LAYER_DNP_TOP': 'F.DNP', 'LAYER_DNP_BOTTOM': 'B.DNP', 'LAYER_DRILL_MAP': 'DrillMap', 'LAYER_TP_LIST_TOP': 'F.TestPointList', 'LAYER_TP_LIST_BOTTOM': 'B.TestPointList', 'FILT_FIELD_RENAME': 'field_rename', 'FILT_TP_ONLY': 'only_testpoints', 'FILT_TP_EXCLUDE': 'exclude_testpoints', 'FILT_TP_TOP_ONLY': 'only_testpoints_top', 'FILT_TP_BOTTOM_ONLY': 'only_testpoints_bottom', 'SCH_VARIANT_OUTPUT': 'value_split', 'NETLIST_OUTPUT': 'netlist', 'GERBER_OUTPUT': 'gbr_gerbers', 'ODB_OUTPUT': 'zip_odb', 'EXCELLON_DRILL_OUTPUT': 'drl_excellon', 'PDF_DRILL_MAP_OUTPUT': 'pdf_drill_map', 'DXF_DRILL_MAP_OUTPUT': 'dxf_drill_map', 'CSV_DRILL_TABLE_OUTPUT': 'csv_drill_table', 'CSV_POS_OUTPUT': 'csv_position', 'CSV_TP_OUTPUT': 'csv_testpoints', 'CSV_TP_TOP_OUTPUT': 'csv_testpoints_top', 'CSV_TP_BOTTOM_OUTPUT': 'csv_testpoints_bottom', 'CSV_BOM_OUTPUT': 'csv_bom', 'XLSX_BOM_OUTPUT': 'xlsx_bom', 'HTML_IBOM_OUTPUT': 'html_bom_interactive', 'HTML_BOM_OUTPUT': 'html_bom', 'CSV_COMP_COUNT_OUPUT': 'csv_comp_count', 'CSV_IMPEDANCE_TABLE_OUTPUT': 'csv_impedance_table', 'TXT_FAB_NOTES_OUTPUT': 'txt_fabrication_notes', 'TXT_ASSEMBLY_NOTES_OUTPUT': 'txt_assembly_notes', 'PNG_3D_VIEWER_TOP': 'png_3d_viewer_top', 'PNG_3D_VIEWER_BOTTOM': 'png_3d_viewer_bottom', 'PNG_3D_VIEWER_ANGLED_TOP': 'png_3d_viewer_angled_top', 'PNG_3D_VIEWER_ANGLED_BOTTOM': 'png_3d_viewer_angled_bottom', 'STEP_OUTPUT': 'step', 'BLENDER_OUTPUT': 'blender', 'PDF_SCHEMATIC_OUTPUT': 'pdf_schematic', 'PDF_FABRICATION_OUTPUT': 'pdf_fabrication', 'PDF_ASSEMBLY_OUTPUT': 'pdf_assembly', 'ZIP_COMPRESS_FAB_OUTPUT': 'zip_compress_fab', 'HTML_KICANVAS_OUTPUT': 'html_kicanvas', 'HTML_KIRI_OUTPUT': 'html_kiri', 'MD_README_OUTPUT': 'md_readme', 'HTML_NAV_RES_OUTPUT': 'html_navigate_results'} (kibot - config_reader.py:680)
DEBUG:- Replacing @NAME@ -> pdf_assembly (<class 'str'>) (kibot - config_reader.py:78)
DEBUG:- Replacing @COMMENT@ -> Assembly document in PDF format (<class 'str'>) (kibot - config_reader.py:78)
DEBUG:- Replacing @DIR@ -> Manufacturing/Assembly (<class 'str'>) (kibot - config_reader.py:78)
DEBUG:- Replacing @DOC_TITLE@ -> Assembly (<class 'str'>) (kibot - config_reader.py:78)
DEBUG:- Replacing @COLOR_THEME@ -> Altium_Theme (<class 'str'>) (kibot - config_reader.py:78)
DEBUG:- Replacing @SHEET_WKS@ -> ${KIPRJMOD}/Templates/KDT_Template_PCB_GIT_A4.kicad_wks (<class 'str'>) (kibot - config_reader.py:78)
DEBUG:- Replacing @SCALING@ -> 1 (<class 'str'>) (kibot - config_reader.py:78)
DEBUG:- Replacing @FAB_EXCLUDE_FILTER@ -> exclude_testpoints (<class 'str'>) (kibot - config_reader.py:78)
DEBUG:- Replacing @LAYER_TITLE_PAGE@ -> TitlePage (<class 'str'>) (kibot - config_reader.py:78)
DEBUG:- Replacing @LAYER_ASSEMBLY_TEXT_TOP@ -> F.AssemblyText (<class 'str'>) (kibot - config_reader.py:78)
DEBUG:- Replacing @LAYER_ASSEMBLY_TEXT_BOTTOM@ -> B.AssemblyText (<class 'str'>) (kibot - config_reader.py:78)
DEBUG:- Replacing @LAYER_DNP_CROSS_TOP@ -> F.DNP (<class 'str'>) (kibot - config_reader.py:78)
DEBUG:- Replacing @LAYER_DNP_CROSS_BOTTOM@ -> B.DNP (<class 'str'>) (kibot - config_reader.py:78)
DEBUG:- Replacing @NAME_COMP_COUNT@ -> csv_comp_count (<class 'str'>) (kibot - config_reader.py:78)
DEBUG:- Applying CLI definitions: {} (kibot - config_reader.py:677)
DEBUG:- Applying collected definitions: {'NAME': 'pdf_assembly', 'COMMENT': 'Assembly document in PDF format', 'DIR': 'Manufacturing/Assembly', 'DOC_TITLE': 'Assembly', 'COLOR_THEME': 'Altium_Theme', 'SHEET_WKS': '${KIPRJMOD}/Templates/KDT_Template_PCB_GIT_A4.kicad_wks', 'SCALING': 1, 'FAB_EXCLUDE_FILTER': 'exclude_testpoints', 'LAYER_TITLE_PAGE': 'TitlePage', 'LAYER_ASSEMBLY_TEXT_TOP': 'F.AssemblyText', 'LAYER_ASSEMBLY_TEXT_BOTTOM': 'B.AssemblyText', 'LAYER_DNP_CROSS_TOP': 'F.DNP', 'LAYER_DNP_CROSS_BOTTOM': 'B.DNP', 'NAME_COMP_COUNT': 'csv_comp_count', 'PROJECT_NAME': 'LE_V2', 'BOARD_NAME': 'LE_BMS_A_V2', 'COMPANY': 'Company Name', 'DESIGNER': 'Author', 'LOGO': 'Logos/dummy_logo.png', 'GIT_URL': 'https://github.com/nguyen-v/KDT_Hierarchical_KiBot', 'CHECK_ZONE_FILLS': False, 'STACKUP_TABLE_NOTE': 'external layer thicknesses are specified after plating', 'MPN_FIELD': 'Manufacturer Part Number', 'MAN_FIELD': 'Manufacturer', 'GROUP_ROUND_SLOTS': True, 'GROUP_PTH_NPTH': 'no', 'GROUP_PTH_NPTH_DRL': False, 'PLOT_REFS': True, 'FAB_SCALING': 1, 'ASSEMBLY_SCALING': 1, 'EXCLUDE_REFS': '[MB*]', '3D_VIEWER_ROT_X': 2, '3D_VIEWER_ROT_Y': -1, '3D_VIEWER_ROT_Z': 1, '3D_VIEWER_ZOOM': -1, 'KEY_COLOR': '#00FF00', 'OUTPUT_DIR': './', 'REPORT_DIR': 'Reports', 'SCHEMATIC_DIR': 'Schematic', 'MANUFACTURING_DIR': 'Manufacturing', 'ASSEMBLY_DIR': '@MANUFACTURING_DIR@/Assembly', 'FABRICATION_DIR': '@MANUFACTURING_DIR@/Fabrication', 'GERBERS_DIR': '@FABRICATION_DIR@/Gerbers', 'FAB_DRILL_TABLES_DIR': '@FABRICATION_DIR@/Drill Tables', 'TESTING_DIR': 'Testing', 'TESTPOINTS_DIR': '@TESTING_DIR@/Testpoints', 'IMAGES_DIR': 'Images', '3D_DIR': '3D', 'RESOURCES_DIR': 'kibot_resources', 'REPORT_TEMPLATE_DIR': '@RESOURCES_DIR@/templates', 'SCRIPTS_DIR': '@RESOURCES_DIR@/scripts', 'LAYER_DNP_TOP': 'F.DNP', 'LAYER_DNP_BOTTOM': 'B.DNP', 'LAYER_DRILL_MAP': 'DrillMap', 'LAYER_TP_LIST_TOP': 'F.TestPointList', 'LAYER_TP_LIST_BOTTOM': 'B.TestPointList', 'FILT_FIELD_RENAME': 'field_rename', 'FILT_TP_ONLY': 'only_testpoints', 'FILT_TP_EXCLUDE': 'exclude_testpoints', 'FILT_TP_TOP_ONLY': 'only_testpoints_top', 'FILT_TP_BOTTOM_ONLY': 'only_testpoints_bottom', 'SCH_VARIANT_OUTPUT': 'value_split', 'NETLIST_OUTPUT': 'netlist', 'GERBER_OUTPUT': 'gbr_gerbers', 'ODB_OUTPUT': 'zip_odb', 'EXCELLON_DRILL_OUTPUT': 'drl_excellon', 'PDF_DRILL_MAP_OUTPUT': 'pdf_drill_map', 'DXF_DRILL_MAP_OUTPUT': 'dxf_drill_map', 'CSV_DRILL_TABLE_OUTPUT': 'csv_drill_table', 'CSV_POS_OUTPUT': 'csv_position', 'CSV_TP_OUTPUT': 'csv_testpoints', 'CSV_TP_TOP_OUTPUT': 'csv_testpoints_top', 'CSV_TP_BOTTOM_OUTPUT': 'csv_testpoints_bottom', 'CSV_BOM_OUTPUT': 'csv_bom', 'XLSX_BOM_OUTPUT': 'xlsx_bom', 'HTML_IBOM_OUTPUT': 'html_bom_interactive', 'HTML_BOM_OUTPUT': 'html_bom', 'CSV_COMP_COUNT_OUPUT': 'csv_comp_count', 'CSV_IMPEDANCE_TABLE_OUTPUT': 'csv_impedance_table', 'TXT_FAB_NOTES_OUTPUT': 'txt_fabrication_notes', 'TXT_ASSEMBLY_NOTES_OUTPUT': 'txt_assembly_notes', 'PNG_3D_VIEWER_TOP': 'png_3d_viewer_top', 'PNG_3D_VIEWER_BOTTOM': 'png_3d_viewer_bottom', 'PNG_3D_VIEWER_ANGLED_TOP': 'png_3d_viewer_angled_top', 'PNG_3D_VIEWER_ANGLED_BOTTOM': 'png_3d_viewer_angled_bottom', 'STEP_OUTPUT': 'step', 'BLENDER_OUTPUT': 'blender', 'PDF_SCHEMATIC_OUTPUT': 'pdf_schematic', 'PDF_FABRICATION_OUTPUT': 'pdf_fabrication', 'PDF_ASSEMBLY_OUTPUT': 'pdf_assembly', 'ZIP_COMPRESS_FAB_OUTPUT': 'zip_compress_fab', 'HTML_KICANVAS_OUTPUT': 'html_kicanvas', 'HTML_KIRI_OUTPUT': 'html_kiri', 'MD_README_OUTPUT': 'md_readme', 'HTML_NAV_RES_OUTPUT': 'html_navigate_results'} (kibot - config_reader.py:680)
DEBUG:YAML after expanding definitions:
# KiBot output for generating Assembly Document in PDF format
# https://kibot.readthedocs.io/en/latest/configuration/outputs/pcb_print.html

kibot:
  version: 1

outputs:
- name: pdf_assembly
  comment: 'Assembly document in PDF format'
  type: pcb_print
  category: 'Manufacturing/Assembly'
  dir: 'Manufacturing/Assembly'
  options:
    colored_vias: false
    colored_pads: false
    color_theme: 'Altium_Theme'
    output: '%f-assembly%I%v.%x'
    format: 'PDF'
    title: 'Assembly Document'
    realistic_solder_mask: false
    dpi: 1200
    dnf_filter: _kibom_dnf_Config
    # dnf_filter: '_null'
    sheet_reference_layout: '${KIPRJMOD}/Templates/KDT_Template_PCB_GIT_A4.kicad_wks'
    include_table:
      outputs:
        - name: 'csv_comp_count'
          text_alignment: 'left'
          invert_columns_order: false
          border_width: 0.4
          header_rule_width: 0.2
          horizontal_rule_width: 0
          vertical_rule_width: 0
          top_rule_width: 0
          bottom_rule_width: 0
          row_spacing: 3
          column_spacing: 2
    pages:
      - scaling: 1
        layer_var: ''
        title: 'Assembly'
        sheet: Top/Bottom View
        sheet_reference_color: '#000000'
        layers:
          - layer: 'TitlePage'
            color: '#000000'

      - scaling: 1
        layer_var: "Top Assembly (Scale 1:1)"
        title: 'Assembly'
        sheet: Top Assembly (Scale 1:1)
        sheet_reference_color: '#000000'
        colored_holes: true
        holes_color: "#FFFFFF"
        layers:
          - layer: Edge.Cuts
            color: '#000000'
          - layer: F.Cu
            color: '#EEDAB5'
          - layer: F.Mask
            color: '#B9B9B9'
          - layer: F.Paste
            color: '#E1A98E'
          - layer: F.Silkscreen
            color: '#DB9DE1'
          - layer: F.Fab
            exclude_filter: 'exclude_testpoints'
            color: '#744679'
          - layer: 'F.AssemblyText'
            color: '#000000'
          - layer: 'F.DNP'
            color: '#D63034'

      - scaling: 1
        layer_var: "Bottom Assembly (Scale 1:1)"
        mirror: true
        mirror_pcb_text: false
        title: 'Assembly'
        sheet: Bottom Assembly (Scale 1:1)
        sheet_reference_color: '#000000'
        colored_holes: true
        holes_color: "#FFFFFF"
        layers:
          - layer: Edge.Cuts
            color: '#000000'
          - layer: B.Cu
            color: '#D5DBF4'
          - layer: B.Mask
            color: '#B9B9B9'
          - layer: B.Paste
            color: '#BCB9DD'
          - layer: B.Silkscreen
            color: '#DB9DE1'
          - layer: B.Fab
            exclude_filter: 'exclude_testpoints'
            color: '#400080'
          - layer: 'B.AssemblyText'
            color: '#000000'
          - layer: 'B.DNP'
            color: '#D63034'

 (kibot - config_reader.py:686)
DEBUG:Pre-parsing output options for `pdf_assembly` (pcb_print) (kibot - config_reader.py:169)
DEBUG:Outputs loaded from `kibot_yaml/kibot_out_pdf_assembly.yaml`: ['pdf_assembly'] (kibot - config_reader.py:361)
DEBUG:Found local definitions (kibot - config_reader.py:651)
DEBUG:- Local definitions: {'NAME': 'zip_compress_fab', 'COMMENT': 'Generates a ZIP file with gerbers, drill and fabrication document', 'DIR': 'Manufacturing/Fabrication', 'GERBER_OUTPUT': 'gbr_gerbers', 'DRILL_MAP_OUTPUT': 'pdf_drill_map', 'DRILL_OUTPUT': 'drl_excellon', 'FABRICATION_OUTPUT': 'pdf_fabrication'} (kibot - config_reader.py:661)
DEBUG:- Current definitions: {'PROJECT_NAME': 'LE_V2', 'BOARD_NAME': 'LE_BMS_A_V2', 'COMPANY': 'Company Name', 'DESIGNER': 'Author', 'LOGO': 'Logos/dummy_logo.png', 'GIT_URL': 'https://github.com/nguyen-v/KDT_Hierarchical_KiBot', 'CHECK_ZONE_FILLS': False, 'STACKUP_TABLE_NOTE': 'external layer thicknesses are specified after plating', 'MPN_FIELD': 'Manufacturer Part Number', 'MAN_FIELD': 'Manufacturer', 'GROUP_ROUND_SLOTS': True, 'GROUP_PTH_NPTH': 'no', 'GROUP_PTH_NPTH_DRL': False, 'PLOT_REFS': True, 'COLOR_THEME': 'Altium_Theme', 'SHEET_WKS': '${KIPRJMOD}/Templates/KDT_Template_PCB_GIT_A4.kicad_wks', 'FAB_SCALING': 1, 'ASSEMBLY_SCALING': 1, 'EXCLUDE_REFS': '[MB*]', '3D_VIEWER_ROT_X': 2, '3D_VIEWER_ROT_Y': -1, '3D_VIEWER_ROT_Z': 1, '3D_VIEWER_ZOOM': -1, 'KEY_COLOR': '#00FF00', 'OUTPUT_DIR': './', 'REPORT_DIR': 'Reports', 'SCHEMATIC_DIR': 'Schematic', 'MANUFACTURING_DIR': 'Manufacturing', 'ASSEMBLY_DIR': '@MANUFACTURING_DIR@/Assembly', 'FABRICATION_DIR': '@MANUFACTURING_DIR@/Fabrication', 'GERBERS_DIR': '@FABRICATION_DIR@/Gerbers', 'FAB_DRILL_TABLES_DIR': '@FABRICATION_DIR@/Drill Tables', 'TESTING_DIR': 'Testing', 'TESTPOINTS_DIR': '@TESTING_DIR@/Testpoints', 'IMAGES_DIR': 'Images', '3D_DIR': '3D', 'RESOURCES_DIR': 'kibot_resources', 'REPORT_TEMPLATE_DIR': '@RESOURCES_DIR@/templates', 'SCRIPTS_DIR': '@RESOURCES_DIR@/scripts', 'LAYER_TITLE_PAGE': 'TitlePage', 'LAYER_DNP_TOP': 'F.DNP', 'LAYER_DNP_BOTTOM': 'B.DNP', 'LAYER_DRILL_MAP': 'DrillMap', 'LAYER_TP_LIST_TOP': 'F.TestPointList', 'LAYER_TP_LIST_BOTTOM': 'B.TestPointList', 'LAYER_ASSEMBLY_TEXT_TOP': 'F.AssemblyText', 'LAYER_ASSEMBLY_TEXT_BOTTOM': 'B.AssemblyText', 'LAYER_DNP_CROSS_TOP': 'F.DNP', 'LAYER_DNP_CROSS_BOTTOM': 'B.DNP', 'FILT_FIELD_RENAME': 'field_rename', 'FILT_TP_ONLY': 'only_testpoints', 'FILT_TP_EXCLUDE': 'exclude_testpoints', 'FILT_TP_TOP_ONLY': 'only_testpoints_top', 'FILT_TP_BOTTOM_ONLY': 'only_testpoints_bottom', 'SCH_VARIANT_OUTPUT': 'value_split', 'NETLIST_OUTPUT': 'netlist', 'GERBER_OUTPUT': 'gbr_gerbers', 'ODB_OUTPUT': 'zip_odb', 'EXCELLON_DRILL_OUTPUT': 'drl_excellon', 'PDF_DRILL_MAP_OUTPUT': 'pdf_drill_map', 'DXF_DRILL_MAP_OUTPUT': 'dxf_drill_map', 'CSV_DRILL_TABLE_OUTPUT': 'csv_drill_table', 'CSV_POS_OUTPUT': 'csv_position', 'CSV_TP_OUTPUT': 'csv_testpoints', 'CSV_TP_TOP_OUTPUT': 'csv_testpoints_top', 'CSV_TP_BOTTOM_OUTPUT': 'csv_testpoints_bottom', 'CSV_BOM_OUTPUT': 'csv_bom', 'XLSX_BOM_OUTPUT': 'xlsx_bom', 'HTML_IBOM_OUTPUT': 'html_bom_interactive', 'HTML_BOM_OUTPUT': 'html_bom', 'CSV_COMP_COUNT_OUPUT': 'csv_comp_count', 'CSV_IMPEDANCE_TABLE_OUTPUT': 'csv_impedance_table', 'TXT_FAB_NOTES_OUTPUT': 'txt_fabrication_notes', 'TXT_ASSEMBLY_NOTES_OUTPUT': 'txt_assembly_notes', 'PNG_3D_VIEWER_TOP': 'png_3d_viewer_top', 'PNG_3D_VIEWER_BOTTOM': 'png_3d_viewer_bottom', 'PNG_3D_VIEWER_ANGLED_TOP': 'png_3d_viewer_angled_top', 'PNG_3D_VIEWER_ANGLED_BOTTOM': 'png_3d_viewer_angled_bottom', 'STEP_OUTPUT': 'step', 'BLENDER_OUTPUT': 'blender', 'PDF_SCHEMATIC_OUTPUT': 'pdf_schematic', 'PDF_FABRICATION_OUTPUT': 'pdf_fabrication', 'PDF_ASSEMBLY_OUTPUT': 'pdf_assembly', 'ZIP_COMPRESS_FAB_OUTPUT': 'zip_compress_fab', 'HTML_KICANVAS_OUTPUT': 'html_kicanvas', 'HTML_KIRI_OUTPUT': 'html_kiri', 'MD_README_OUTPUT': 'md_readme', 'HTML_NAV_RES_OUTPUT': 'html_navigate_results', 'NAME': 'zip_compress_fab', 'COMMENT': 'Generates a ZIP file with gerbers, drill and fabrication document', 'DIR': 'Manufacturing/Fabrication', 'DRILL_MAP_OUTPUT': 'pdf_drill_map', 'DRILL_OUTPUT': 'drl_excellon', 'FABRICATION_OUTPUT': 'pdf_fabrication'} (kibot - config_reader.py:662)
DEBUG:- Updated definitions: {'NAME': 'zip_compress_fab', 'COMMENT': 'Generates a ZIP file with gerbers, drill and fabrication document', 'DIR': 'Manufacturing/Fabrication', 'GERBER_OUTPUT': 'gbr_gerbers', 'DRILL_MAP_OUTPUT': 'pdf_drill_map', 'DRILL_OUTPUT': 'drl_excellon', 'FABRICATION_OUTPUT': 'pdf_fabrication', 'PROJECT_NAME': 'LE_V2', 'BOARD_NAME': 'LE_BMS_A_V2', 'COMPANY': 'Company Name', 'DESIGNER': 'Author', 'LOGO': 'Logos/dummy_logo.png', 'GIT_URL': 'https://github.com/nguyen-v/KDT_Hierarchical_KiBot', 'CHECK_ZONE_FILLS': False, 'STACKUP_TABLE_NOTE': 'external layer thicknesses are specified after plating', 'MPN_FIELD': 'Manufacturer Part Number', 'MAN_FIELD': 'Manufacturer', 'GROUP_ROUND_SLOTS': True, 'GROUP_PTH_NPTH': 'no', 'GROUP_PTH_NPTH_DRL': False, 'PLOT_REFS': True, 'COLOR_THEME': 'Altium_Theme', 'SHEET_WKS': '${KIPRJMOD}/Templates/KDT_Template_PCB_GIT_A4.kicad_wks', 'FAB_SCALING': 1, 'ASSEMBLY_SCALING': 1, 'EXCLUDE_REFS': '[MB*]', '3D_VIEWER_ROT_X': 2, '3D_VIEWER_ROT_Y': -1, '3D_VIEWER_ROT_Z': 1, '3D_VIEWER_ZOOM': -1, 'KEY_COLOR': '#00FF00', 'OUTPUT_DIR': './', 'REPORT_DIR': 'Reports', 'SCHEMATIC_DIR': 'Schematic', 'MANUFACTURING_DIR': 'Manufacturing', 'ASSEMBLY_DIR': '@MANUFACTURING_DIR@/Assembly', 'FABRICATION_DIR': '@MANUFACTURING_DIR@/Fabrication', 'GERBERS_DIR': '@FABRICATION_DIR@/Gerbers', 'FAB_DRILL_TABLES_DIR': '@FABRICATION_DIR@/Drill Tables', 'TESTING_DIR': 'Testing', 'TESTPOINTS_DIR': '@TESTING_DIR@/Testpoints', 'IMAGES_DIR': 'Images', '3D_DIR': '3D', 'RESOURCES_DIR': 'kibot_resources', 'REPORT_TEMPLATE_DIR': '@RESOURCES_DIR@/templates', 'SCRIPTS_DIR': '@RESOURCES_DIR@/scripts', 'LAYER_TITLE_PAGE': 'TitlePage', 'LAYER_DNP_TOP': 'F.DNP', 'LAYER_DNP_BOTTOM': 'B.DNP', 'LAYER_DRILL_MAP': 'DrillMap', 'LAYER_TP_LIST_TOP': 'F.TestPointList', 'LAYER_TP_LIST_BOTTOM': 'B.TestPointList', 'LAYER_ASSEMBLY_TEXT_TOP': 'F.AssemblyText', 'LAYER_ASSEMBLY_TEXT_BOTTOM': 'B.AssemblyText', 'LAYER_DNP_CROSS_TOP': 'F.DNP', 'LAYER_DNP_CROSS_BOTTOM': 'B.DNP', 'FILT_FIELD_RENAME': 'field_rename', 'FILT_TP_ONLY': 'only_testpoints', 'FILT_TP_EXCLUDE': 'exclude_testpoints', 'FILT_TP_TOP_ONLY': 'only_testpoints_top', 'FILT_TP_BOTTOM_ONLY': 'only_testpoints_bottom', 'SCH_VARIANT_OUTPUT': 'value_split', 'NETLIST_OUTPUT': 'netlist', 'ODB_OUTPUT': 'zip_odb', 'EXCELLON_DRILL_OUTPUT': 'drl_excellon', 'PDF_DRILL_MAP_OUTPUT': 'pdf_drill_map', 'DXF_DRILL_MAP_OUTPUT': 'dxf_drill_map', 'CSV_DRILL_TABLE_OUTPUT': 'csv_drill_table', 'CSV_POS_OUTPUT': 'csv_position', 'CSV_TP_OUTPUT': 'csv_testpoints', 'CSV_TP_TOP_OUTPUT': 'csv_testpoints_top', 'CSV_TP_BOTTOM_OUTPUT': 'csv_testpoints_bottom', 'CSV_BOM_OUTPUT': 'csv_bom', 'XLSX_BOM_OUTPUT': 'xlsx_bom', 'HTML_IBOM_OUTPUT': 'html_bom_interactive', 'HTML_BOM_OUTPUT': 'html_bom', 'CSV_COMP_COUNT_OUPUT': 'csv_comp_count', 'CSV_IMPEDANCE_TABLE_OUTPUT': 'csv_impedance_table', 'TXT_FAB_NOTES_OUTPUT': 'txt_fabrication_notes', 'TXT_ASSEMBLY_NOTES_OUTPUT': 'txt_assembly_notes', 'PNG_3D_VIEWER_TOP': 'png_3d_viewer_top', 'PNG_3D_VIEWER_BOTTOM': 'png_3d_viewer_bottom', 'PNG_3D_VIEWER_ANGLED_TOP': 'png_3d_viewer_angled_top', 'PNG_3D_VIEWER_ANGLED_BOTTOM': 'png_3d_viewer_angled_bottom', 'STEP_OUTPUT': 'step', 'BLENDER_OUTPUT': 'blender', 'PDF_SCHEMATIC_OUTPUT': 'pdf_schematic', 'PDF_FABRICATION_OUTPUT': 'pdf_fabrication', 'PDF_ASSEMBLY_OUTPUT': 'pdf_assembly', 'ZIP_COMPRESS_FAB_OUTPUT': 'zip_compress_fab', 'HTML_KICANVAS_OUTPUT': 'html_kicanvas', 'HTML_KIRI_OUTPUT': 'html_kiri', 'MD_README_OUTPUT': 'md_readme', 'HTML_NAV_RES_OUTPUT': 'html_navigate_results'} (kibot - config_reader.py:665)
DEBUG:Applying preprocessor definitions (kibot - config_reader.py:670)
DEBUG:- Applying CLI definitions: {} (kibot - config_reader.py:677)
DEBUG:- Applying collected definitions: {'NAME': 'zip_compress_fab', 'COMMENT': 'Generates a ZIP file with gerbers, drill and fabrication document', 'DIR': 'Manufacturing/Fabrication', 'GERBER_OUTPUT': 'gbr_gerbers', 'DRILL_MAP_OUTPUT': 'pdf_drill_map', 'DRILL_OUTPUT': 'drl_excellon', 'FABRICATION_OUTPUT': 'pdf_fabrication', 'PROJECT_NAME': 'LE_V2', 'BOARD_NAME': 'LE_BMS_A_V2', 'COMPANY': 'Company Name', 'DESIGNER': 'Author', 'LOGO': 'Logos/dummy_logo.png', 'GIT_URL': 'https://github.com/nguyen-v/KDT_Hierarchical_KiBot', 'CHECK_ZONE_FILLS': False, 'STACKUP_TABLE_NOTE': 'external layer thicknesses are specified after plating', 'MPN_FIELD': 'Manufacturer Part Number', 'MAN_FIELD': 'Manufacturer', 'GROUP_ROUND_SLOTS': True, 'GROUP_PTH_NPTH': 'no', 'GROUP_PTH_NPTH_DRL': False, 'PLOT_REFS': True, 'COLOR_THEME': 'Altium_Theme', 'SHEET_WKS': '${KIPRJMOD}/Templates/KDT_Template_PCB_GIT_A4.kicad_wks', 'FAB_SCALING': 1, 'ASSEMBLY_SCALING': 1, 'EXCLUDE_REFS': '[MB*]', '3D_VIEWER_ROT_X': 2, '3D_VIEWER_ROT_Y': -1, '3D_VIEWER_ROT_Z': 1, '3D_VIEWER_ZOOM': -1, 'KEY_COLOR': '#00FF00', 'OUTPUT_DIR': './', 'REPORT_DIR': 'Reports', 'SCHEMATIC_DIR': 'Schematic', 'MANUFACTURING_DIR': 'Manufacturing', 'ASSEMBLY_DIR': '@MANUFACTURING_DIR@/Assembly', 'FABRICATION_DIR': '@MANUFACTURING_DIR@/Fabrication', 'GERBERS_DIR': '@FABRICATION_DIR@/Gerbers', 'FAB_DRILL_TABLES_DIR': '@FABRICATION_DIR@/Drill Tables', 'TESTING_DIR': 'Testing', 'TESTPOINTS_DIR': '@TESTING_DIR@/Testpoints', 'IMAGES_DIR': 'Images', '3D_DIR': '3D', 'RESOURCES_DIR': 'kibot_resources', 'REPORT_TEMPLATE_DIR': '@RESOURCES_DIR@/templates', 'SCRIPTS_DIR': '@RESOURCES_DIR@/scripts', 'LAYER_TITLE_PAGE': 'TitlePage', 'LAYER_DNP_TOP': 'F.DNP', 'LAYER_DNP_BOTTOM': 'B.DNP', 'LAYER_DRILL_MAP': 'DrillMap', 'LAYER_TP_LIST_TOP': 'F.TestPointList', 'LAYER_TP_LIST_BOTTOM': 'B.TestPointList', 'LAYER_ASSEMBLY_TEXT_TOP': 'F.AssemblyText', 'LAYER_ASSEMBLY_TEXT_BOTTOM': 'B.AssemblyText', 'LAYER_DNP_CROSS_TOP': 'F.DNP', 'LAYER_DNP_CROSS_BOTTOM': 'B.DNP', 'FILT_FIELD_RENAME': 'field_rename', 'FILT_TP_ONLY': 'only_testpoints', 'FILT_TP_EXCLUDE': 'exclude_testpoints', 'FILT_TP_TOP_ONLY': 'only_testpoints_top', 'FILT_TP_BOTTOM_ONLY': 'only_testpoints_bottom', 'SCH_VARIANT_OUTPUT': 'value_split', 'NETLIST_OUTPUT': 'netlist', 'ODB_OUTPUT': 'zip_odb', 'EXCELLON_DRILL_OUTPUT': 'drl_excellon', 'PDF_DRILL_MAP_OUTPUT': 'pdf_drill_map', 'DXF_DRILL_MAP_OUTPUT': 'dxf_drill_map', 'CSV_DRILL_TABLE_OUTPUT': 'csv_drill_table', 'CSV_POS_OUTPUT': 'csv_position', 'CSV_TP_OUTPUT': 'csv_testpoints', 'CSV_TP_TOP_OUTPUT': 'csv_testpoints_top', 'CSV_TP_BOTTOM_OUTPUT': 'csv_testpoints_bottom', 'CSV_BOM_OUTPUT': 'csv_bom', 'XLSX_BOM_OUTPUT': 'xlsx_bom', 'HTML_IBOM_OUTPUT': 'html_bom_interactive', 'HTML_BOM_OUTPUT': 'html_bom', 'CSV_COMP_COUNT_OUPUT': 'csv_comp_count', 'CSV_IMPEDANCE_TABLE_OUTPUT': 'csv_impedance_table', 'TXT_FAB_NOTES_OUTPUT': 'txt_fabrication_notes', 'TXT_ASSEMBLY_NOTES_OUTPUT': 'txt_assembly_notes', 'PNG_3D_VIEWER_TOP': 'png_3d_viewer_top', 'PNG_3D_VIEWER_BOTTOM': 'png_3d_viewer_bottom', 'PNG_3D_VIEWER_ANGLED_TOP': 'png_3d_viewer_angled_top', 'PNG_3D_VIEWER_ANGLED_BOTTOM': 'png_3d_viewer_angled_bottom', 'STEP_OUTPUT': 'step', 'BLENDER_OUTPUT': 'blender', 'PDF_SCHEMATIC_OUTPUT': 'pdf_schematic', 'PDF_FABRICATION_OUTPUT': 'pdf_fabrication', 'PDF_ASSEMBLY_OUTPUT': 'pdf_assembly', 'ZIP_COMPRESS_FAB_OUTPUT': 'zip_compress_fab', 'HTML_KICANVAS_OUTPUT': 'html_kicanvas', 'HTML_KIRI_OUTPUT': 'html_kiri', 'MD_README_OUTPUT': 'md_readme', 'HTML_NAV_RES_OUTPUT': 'html_navigate_results'} (kibot - config_reader.py:680)
DEBUG:- Replacing @NAME@ -> zip_compress_fab (<class 'str'>) (kibot - config_reader.py:78)
DEBUG:- Replacing @COMMENT@ -> Generates a ZIP file with gerbers, drill and fabrication document (<class 'str'>) (kibot - config_reader.py:78)
DEBUG:- Replacing @DIR@ -> Manufacturing/Fabrication (<class 'str'>) (kibot - config_reader.py:78)
DEBUG:- Replacing @GERBER_OUTPUT@ -> gbr_gerbers (<class 'str'>) (kibot - config_reader.py:78)
DEBUG:- Replacing @DRILL_MAP_OUTPUT@ -> pdf_drill_map (<class 'str'>) (kibot - config_reader.py:78)
DEBUG:- Replacing @DRILL_OUTPUT@ -> drl_excellon (<class 'str'>) (kibot - config_reader.py:78)
DEBUG:- Replacing @FABRICATION_OUTPUT@ -> pdf_fabrication (<class 'str'>) (kibot - config_reader.py:78)
DEBUG:- Applying CLI definitions: {} (kibot - config_reader.py:677)
DEBUG:- Applying collected definitions: {'NAME': 'zip_compress_fab', 'COMMENT': 'Generates a ZIP file with gerbers, drill and fabrication document', 'DIR': 'Manufacturing/Fabrication', 'GERBER_OUTPUT': 'gbr_gerbers', 'DRILL_MAP_OUTPUT': 'pdf_drill_map', 'DRILL_OUTPUT': 'drl_excellon', 'FABRICATION_OUTPUT': 'pdf_fabrication', 'PROJECT_NAME': 'LE_V2', 'BOARD_NAME': 'LE_BMS_A_V2', 'COMPANY': 'Company Name', 'DESIGNER': 'Author', 'LOGO': 'Logos/dummy_logo.png', 'GIT_URL': 'https://github.com/nguyen-v/KDT_Hierarchical_KiBot', 'CHECK_ZONE_FILLS': False, 'STACKUP_TABLE_NOTE': 'external layer thicknesses are specified after plating', 'MPN_FIELD': 'Manufacturer Part Number', 'MAN_FIELD': 'Manufacturer', 'GROUP_ROUND_SLOTS': True, 'GROUP_PTH_NPTH': 'no', 'GROUP_PTH_NPTH_DRL': False, 'PLOT_REFS': True, 'COLOR_THEME': 'Altium_Theme', 'SHEET_WKS': '${KIPRJMOD}/Templates/KDT_Template_PCB_GIT_A4.kicad_wks', 'FAB_SCALING': 1, 'ASSEMBLY_SCALING': 1, 'EXCLUDE_REFS': '[MB*]', '3D_VIEWER_ROT_X': 2, '3D_VIEWER_ROT_Y': -1, '3D_VIEWER_ROT_Z': 1, '3D_VIEWER_ZOOM': -1, 'KEY_COLOR': '#00FF00', 'OUTPUT_DIR': './', 'REPORT_DIR': 'Reports', 'SCHEMATIC_DIR': 'Schematic', 'MANUFACTURING_DIR': 'Manufacturing', 'ASSEMBLY_DIR': '@MANUFACTURING_DIR@/Assembly', 'FABRICATION_DIR': '@MANUFACTURING_DIR@/Fabrication', 'GERBERS_DIR': '@FABRICATION_DIR@/Gerbers', 'FAB_DRILL_TABLES_DIR': '@FABRICATION_DIR@/Drill Tables', 'TESTING_DIR': 'Testing', 'TESTPOINTS_DIR': '@TESTING_DIR@/Testpoints', 'IMAGES_DIR': 'Images', '3D_DIR': '3D', 'RESOURCES_DIR': 'kibot_resources', 'REPORT_TEMPLATE_DIR': '@RESOURCES_DIR@/templates', 'SCRIPTS_DIR': '@RESOURCES_DIR@/scripts', 'LAYER_TITLE_PAGE': 'TitlePage', 'LAYER_DNP_TOP': 'F.DNP', 'LAYER_DNP_BOTTOM': 'B.DNP', 'LAYER_DRILL_MAP': 'DrillMap', 'LAYER_TP_LIST_TOP': 'F.TestPointList', 'LAYER_TP_LIST_BOTTOM': 'B.TestPointList', 'LAYER_ASSEMBLY_TEXT_TOP': 'F.AssemblyText', 'LAYER_ASSEMBLY_TEXT_BOTTOM': 'B.AssemblyText', 'LAYER_DNP_CROSS_TOP': 'F.DNP', 'LAYER_DNP_CROSS_BOTTOM': 'B.DNP', 'FILT_FIELD_RENAME': 'field_rename', 'FILT_TP_ONLY': 'only_testpoints', 'FILT_TP_EXCLUDE': 'exclude_testpoints', 'FILT_TP_TOP_ONLY': 'only_testpoints_top', 'FILT_TP_BOTTOM_ONLY': 'only_testpoints_bottom', 'SCH_VARIANT_OUTPUT': 'value_split', 'NETLIST_OUTPUT': 'netlist', 'ODB_OUTPUT': 'zip_odb', 'EXCELLON_DRILL_OUTPUT': 'drl_excellon', 'PDF_DRILL_MAP_OUTPUT': 'pdf_drill_map', 'DXF_DRILL_MAP_OUTPUT': 'dxf_drill_map', 'CSV_DRILL_TABLE_OUTPUT': 'csv_drill_table', 'CSV_POS_OUTPUT': 'csv_position', 'CSV_TP_OUTPUT': 'csv_testpoints', 'CSV_TP_TOP_OUTPUT': 'csv_testpoints_top', 'CSV_TP_BOTTOM_OUTPUT': 'csv_testpoints_bottom', 'CSV_BOM_OUTPUT': 'csv_bom', 'XLSX_BOM_OUTPUT': 'xlsx_bom', 'HTML_IBOM_OUTPUT': 'html_bom_interactive', 'HTML_BOM_OUTPUT': 'html_bom', 'CSV_COMP_COUNT_OUPUT': 'csv_comp_count', 'CSV_IMPEDANCE_TABLE_OUTPUT': 'csv_impedance_table', 'TXT_FAB_NOTES_OUTPUT': 'txt_fabrication_notes', 'TXT_ASSEMBLY_NOTES_OUTPUT': 'txt_assembly_notes', 'PNG_3D_VIEWER_TOP': 'png_3d_viewer_top', 'PNG_3D_VIEWER_BOTTOM': 'png_3d_viewer_bottom', 'PNG_3D_VIEWER_ANGLED_TOP': 'png_3d_viewer_angled_top', 'PNG_3D_VIEWER_ANGLED_BOTTOM': 'png_3d_viewer_angled_bottom', 'STEP_OUTPUT': 'step', 'BLENDER_OUTPUT': 'blender', 'PDF_SCHEMATIC_OUTPUT': 'pdf_schematic', 'PDF_FABRICATION_OUTPUT': 'pdf_fabrication', 'PDF_ASSEMBLY_OUTPUT': 'pdf_assembly', 'ZIP_COMPRESS_FAB_OUTPUT': 'zip_compress_fab', 'HTML_KICANVAS_OUTPUT': 'html_kicanvas', 'HTML_KIRI_OUTPUT': 'html_kiri', 'MD_README_OUTPUT': 'md_readme', 'HTML_NAV_RES_OUTPUT': 'html_navigate_results'} (kibot - config_reader.py:680)
DEBUG:YAML after expanding definitions:
# KiBot output for compressing Fabrication files to a ZIP archive
# https://kibot.readthedocs.io/en/latest/configuration/outputs/compress.html

kibot:
  version: 1

outputs:
- name: zip_compress_fab
  comment: 'Generates a ZIP file with gerbers, drill and fabrication document'
  type: compress
  category: 'Manufacturing/Fabrication'
  dir: 'Manufacturing/Fabrication'
  options:
    output: '%f-GERBERS%I%v.%x'
    move_files: false
    files:
      - from_output: gbr_gerbers
        dest: '/'
      - from_output: pdf_drill_map
        dest: '/'
      - from_output: drl_excellon
        dest: '/'
      - from_output: pdf_fabrication
        dest: '/'

 (kibot - config_reader.py:686)
DEBUG:Pre-parsing output options for `zip_compress_fab` (compress) (kibot - config_reader.py:169)
DEBUG:Outputs loaded from `kibot_yaml/kibot_out_compress_fab.yaml`: ['zip_compress_fab'] (kibot - config_reader.py:361)
DEBUG:Applying preprocessor definitions (kibot - config_reader.py:670)
DEBUG:- Applying CLI definitions: {} (kibot - config_reader.py:677)
DEBUG:- Applying collected definitions: {'PROJECT_NAME': 'LE_V2', 'BOARD_NAME': 'LE_BMS_A_V2', 'COMPANY': 'Company Name', 'DESIGNER': 'Author', 'LOGO': 'Logos/dummy_logo.png', 'GIT_URL': 'https://github.com/nguyen-v/KDT_Hierarchical_KiBot', 'CHECK_ZONE_FILLS': False, 'STACKUP_TABLE_NOTE': 'external layer thicknesses are specified after plating', 'MPN_FIELD': 'Manufacturer Part Number', 'MAN_FIELD': 'Manufacturer', 'GROUP_ROUND_SLOTS': True, 'GROUP_PTH_NPTH': 'no', 'GROUP_PTH_NPTH_DRL': False, 'PLOT_REFS': True, 'COLOR_THEME': 'Altium_Theme', 'SHEET_WKS': '${KIPRJMOD}/Templates/KDT_Template_PCB_GIT_A4.kicad_wks', 'FAB_SCALING': 1, 'ASSEMBLY_SCALING': 1, 'EXCLUDE_REFS': '[MB*]', '3D_VIEWER_ROT_X': 2, '3D_VIEWER_ROT_Y': -1, '3D_VIEWER_ROT_Z': 1, '3D_VIEWER_ZOOM': -1, 'KEY_COLOR': '#00FF00', 'OUTPUT_DIR': './', 'REPORT_DIR': 'Reports', 'SCHEMATIC_DIR': 'Schematic', 'MANUFACTURING_DIR': 'Manufacturing', 'ASSEMBLY_DIR': '@MANUFACTURING_DIR@/Assembly', 'FABRICATION_DIR': '@MANUFACTURING_DIR@/Fabrication', 'GERBERS_DIR': '@FABRICATION_DIR@/Gerbers', 'FAB_DRILL_TABLES_DIR': '@FABRICATION_DIR@/Drill Tables', 'TESTING_DIR': 'Testing', 'TESTPOINTS_DIR': '@TESTING_DIR@/Testpoints', 'IMAGES_DIR': 'Images', '3D_DIR': '3D', 'RESOURCES_DIR': 'kibot_resources', 'REPORT_TEMPLATE_DIR': '@RESOURCES_DIR@/templates', 'SCRIPTS_DIR': '@RESOURCES_DIR@/scripts', 'LAYER_TITLE_PAGE': 'TitlePage', 'LAYER_DNP_TOP': 'F.DNP', 'LAYER_DNP_BOTTOM': 'B.DNP', 'LAYER_DRILL_MAP': 'DrillMap', 'LAYER_TP_LIST_TOP': 'F.TestPointList', 'LAYER_TP_LIST_BOTTOM': 'B.TestPointList', 'LAYER_ASSEMBLY_TEXT_TOP': 'F.AssemblyText', 'LAYER_ASSEMBLY_TEXT_BOTTOM': 'B.AssemblyText', 'LAYER_DNP_CROSS_TOP': 'F.DNP', 'LAYER_DNP_CROSS_BOTTOM': 'B.DNP', 'FILT_FIELD_RENAME': 'field_rename', 'FILT_TP_ONLY': 'only_testpoints', 'FILT_TP_EXCLUDE': 'exclude_testpoints', 'FILT_TP_TOP_ONLY': 'only_testpoints_top', 'FILT_TP_BOTTOM_ONLY': 'only_testpoints_bottom', 'SCH_VARIANT_OUTPUT': 'value_split', 'NETLIST_OUTPUT': 'netlist', 'GERBER_OUTPUT': 'gbr_gerbers', 'ODB_OUTPUT': 'zip_odb', 'EXCELLON_DRILL_OUTPUT': 'drl_excellon', 'PDF_DRILL_MAP_OUTPUT': 'pdf_drill_map', 'DXF_DRILL_MAP_OUTPUT': 'dxf_drill_map', 'CSV_DRILL_TABLE_OUTPUT': 'csv_drill_table', 'CSV_POS_OUTPUT': 'csv_position', 'CSV_TP_OUTPUT': 'csv_testpoints', 'CSV_TP_TOP_OUTPUT': 'csv_testpoints_top', 'CSV_TP_BOTTOM_OUTPUT': 'csv_testpoints_bottom', 'CSV_BOM_OUTPUT': 'csv_bom', 'XLSX_BOM_OUTPUT': 'xlsx_bom', 'HTML_IBOM_OUTPUT': 'html_bom_interactive', 'HTML_BOM_OUTPUT': 'html_bom', 'CSV_COMP_COUNT_OUPUT': 'csv_comp_count', 'CSV_IMPEDANCE_TABLE_OUTPUT': 'csv_impedance_table', 'TXT_FAB_NOTES_OUTPUT': 'txt_fabrication_notes', 'TXT_ASSEMBLY_NOTES_OUTPUT': 'txt_assembly_notes', 'PNG_3D_VIEWER_TOP': 'png_3d_viewer_top', 'PNG_3D_VIEWER_BOTTOM': 'png_3d_viewer_bottom', 'PNG_3D_VIEWER_ANGLED_TOP': 'png_3d_viewer_angled_top', 'PNG_3D_VIEWER_ANGLED_BOTTOM': 'png_3d_viewer_angled_bottom', 'STEP_OUTPUT': 'step', 'BLENDER_OUTPUT': 'blender', 'PDF_SCHEMATIC_OUTPUT': 'pdf_schematic', 'PDF_FABRICATION_OUTPUT': 'pdf_fabrication', 'PDF_ASSEMBLY_OUTPUT': 'pdf_assembly', 'ZIP_COMPRESS_FAB_OUTPUT': 'zip_compress_fab', 'HTML_KICANVAS_OUTPUT': 'html_kicanvas', 'HTML_KIRI_OUTPUT': 'html_kiri', 'MD_README_OUTPUT': 'md_readme', 'HTML_NAV_RES_OUTPUT': 'html_navigate_results', 'NAME': 'html_kicanvas', 'COMMENT': 'KiCanvas webpage', 'DIR': 'KiCanvas'} (kibot - config_reader.py:680)
DEBUG:- Replacing @NAME@ -> html_kicanvas (<class 'str'>) (kibot - config_reader.py:78)
DEBUG:- Replacing @COMMENT@ -> KiCanvas webpage (<class 'str'>) (kibot - config_reader.py:78)
DEBUG:- Replacing @DIR@ -> KiCanvas (<class 'str'>) (kibot - config_reader.py:78)
DEBUG:- Applying CLI definitions: {} (kibot - config_reader.py:677)
DEBUG:- Applying collected definitions: {'PROJECT_NAME': 'LE_V2', 'BOARD_NAME': 'LE_BMS_A_V2', 'COMPANY': 'Company Name', 'DESIGNER': 'Author', 'LOGO': 'Logos/dummy_logo.png', 'GIT_URL': 'https://github.com/nguyen-v/KDT_Hierarchical_KiBot', 'CHECK_ZONE_FILLS': False, 'STACKUP_TABLE_NOTE': 'external layer thicknesses are specified after plating', 'MPN_FIELD': 'Manufacturer Part Number', 'MAN_FIELD': 'Manufacturer', 'GROUP_ROUND_SLOTS': True, 'GROUP_PTH_NPTH': 'no', 'GROUP_PTH_NPTH_DRL': False, 'PLOT_REFS': True, 'COLOR_THEME': 'Altium_Theme', 'SHEET_WKS': '${KIPRJMOD}/Templates/KDT_Template_PCB_GIT_A4.kicad_wks', 'FAB_SCALING': 1, 'ASSEMBLY_SCALING': 1, 'EXCLUDE_REFS': '[MB*]', '3D_VIEWER_ROT_X': 2, '3D_VIEWER_ROT_Y': -1, '3D_VIEWER_ROT_Z': 1, '3D_VIEWER_ZOOM': -1, 'KEY_COLOR': '#00FF00', 'OUTPUT_DIR': './', 'REPORT_DIR': 'Reports', 'SCHEMATIC_DIR': 'Schematic', 'MANUFACTURING_DIR': 'Manufacturing', 'ASSEMBLY_DIR': '@MANUFACTURING_DIR@/Assembly', 'FABRICATION_DIR': '@MANUFACTURING_DIR@/Fabrication', 'GERBERS_DIR': '@FABRICATION_DIR@/Gerbers', 'FAB_DRILL_TABLES_DIR': '@FABRICATION_DIR@/Drill Tables', 'TESTING_DIR': 'Testing', 'TESTPOINTS_DIR': '@TESTING_DIR@/Testpoints', 'IMAGES_DIR': 'Images', '3D_DIR': '3D', 'RESOURCES_DIR': 'kibot_resources', 'REPORT_TEMPLATE_DIR': '@RESOURCES_DIR@/templates', 'SCRIPTS_DIR': '@RESOURCES_DIR@/scripts', 'LAYER_TITLE_PAGE': 'TitlePage', 'LAYER_DNP_TOP': 'F.DNP', 'LAYER_DNP_BOTTOM': 'B.DNP', 'LAYER_DRILL_MAP': 'DrillMap', 'LAYER_TP_LIST_TOP': 'F.TestPointList', 'LAYER_TP_LIST_BOTTOM': 'B.TestPointList', 'LAYER_ASSEMBLY_TEXT_TOP': 'F.AssemblyText', 'LAYER_ASSEMBLY_TEXT_BOTTOM': 'B.AssemblyText', 'LAYER_DNP_CROSS_TOP': 'F.DNP', 'LAYER_DNP_CROSS_BOTTOM': 'B.DNP', 'FILT_FIELD_RENAME': 'field_rename', 'FILT_TP_ONLY': 'only_testpoints', 'FILT_TP_EXCLUDE': 'exclude_testpoints', 'FILT_TP_TOP_ONLY': 'only_testpoints_top', 'FILT_TP_BOTTOM_ONLY': 'only_testpoints_bottom', 'SCH_VARIANT_OUTPUT': 'value_split', 'NETLIST_OUTPUT': 'netlist', 'GERBER_OUTPUT': 'gbr_gerbers', 'ODB_OUTPUT': 'zip_odb', 'EXCELLON_DRILL_OUTPUT': 'drl_excellon', 'PDF_DRILL_MAP_OUTPUT': 'pdf_drill_map', 'DXF_DRILL_MAP_OUTPUT': 'dxf_drill_map', 'CSV_DRILL_TABLE_OUTPUT': 'csv_drill_table', 'CSV_POS_OUTPUT': 'csv_position', 'CSV_TP_OUTPUT': 'csv_testpoints', 'CSV_TP_TOP_OUTPUT': 'csv_testpoints_top', 'CSV_TP_BOTTOM_OUTPUT': 'csv_testpoints_bottom', 'CSV_BOM_OUTPUT': 'csv_bom', 'XLSX_BOM_OUTPUT': 'xlsx_bom', 'HTML_IBOM_OUTPUT': 'html_bom_interactive', 'HTML_BOM_OUTPUT': 'html_bom', 'CSV_COMP_COUNT_OUPUT': 'csv_comp_count', 'CSV_IMPEDANCE_TABLE_OUTPUT': 'csv_impedance_table', 'TXT_FAB_NOTES_OUTPUT': 'txt_fabrication_notes', 'TXT_ASSEMBLY_NOTES_OUTPUT': 'txt_assembly_notes', 'PNG_3D_VIEWER_TOP': 'png_3d_viewer_top', 'PNG_3D_VIEWER_BOTTOM': 'png_3d_viewer_bottom', 'PNG_3D_VIEWER_ANGLED_TOP': 'png_3d_viewer_angled_top', 'PNG_3D_VIEWER_ANGLED_BOTTOM': 'png_3d_viewer_angled_bottom', 'STEP_OUTPUT': 'step', 'BLENDER_OUTPUT': 'blender', 'PDF_SCHEMATIC_OUTPUT': 'pdf_schematic', 'PDF_FABRICATION_OUTPUT': 'pdf_fabrication', 'PDF_ASSEMBLY_OUTPUT': 'pdf_assembly', 'ZIP_COMPRESS_FAB_OUTPUT': 'zip_compress_fab', 'HTML_KICANVAS_OUTPUT': 'html_kicanvas', 'HTML_KIRI_OUTPUT': 'html_kiri', 'MD_README_OUTPUT': 'md_readme', 'HTML_NAV_RES_OUTPUT': 'html_navigate_results', 'NAME': 'html_kicanvas', 'COMMENT': 'KiCanvas webpage', 'DIR': 'KiCanvas'} (kibot - config_reader.py:680)
DEBUG:YAML after expanding definitions:
# KiBot output for exploring PCB/SCH files
# https://kibot.readthedocs.io/en/latest/configuration/outputs/kicanvas.html

kibot:
  version: 1

outputs:
- name: html_kicanvas
  comment: 'KiCanvas webpage'
  type: kicanvas
  category: 'KiCanvas'
  dir: 'KiCanvas'
  options:
    dnf_filter: _kibom_dnf_Config
    overlay: true
    source: ["schematic", "pcb", "project"]

definitions:
  NAME: html_kicanvas
  COMMENT: KiCanvas webpage
  DIR: KiCanvas (kibot - config_reader.py:686)
DEBUG:Pre-parsing output options for `html_kicanvas` (kicanvas) (kibot - config_reader.py:169)
DEBUG:Outputs loaded from `kibot_yaml/kibot_out_html_kicanvas.yaml`: ['html_kicanvas'] (kibot - config_reader.py:361)
DEBUG:Applying preprocessor definitions (kibot - config_reader.py:670)
DEBUG:- Applying CLI definitions: {} (kibot - config_reader.py:677)
DEBUG:- Applying collected definitions: {'PROJECT_NAME': 'LE_V2', 'BOARD_NAME': 'LE_BMS_A_V2', 'COMPANY': 'Company Name', 'DESIGNER': 'Author', 'LOGO': 'Logos/dummy_logo.png', 'GIT_URL': 'https://github.com/nguyen-v/KDT_Hierarchical_KiBot', 'CHECK_ZONE_FILLS': False, 'STACKUP_TABLE_NOTE': 'external layer thicknesses are specified after plating', 'MPN_FIELD': 'Manufacturer Part Number', 'MAN_FIELD': 'Manufacturer', 'GROUP_ROUND_SLOTS': True, 'GROUP_PTH_NPTH': 'no', 'GROUP_PTH_NPTH_DRL': False, 'PLOT_REFS': True, 'COLOR_THEME': 'Altium_Theme', 'SHEET_WKS': '${KIPRJMOD}/Templates/KDT_Template_PCB_GIT_A4.kicad_wks', 'FAB_SCALING': 1, 'ASSEMBLY_SCALING': 1, 'EXCLUDE_REFS': '[MB*]', '3D_VIEWER_ROT_X': 2, '3D_VIEWER_ROT_Y': -1, '3D_VIEWER_ROT_Z': 1, '3D_VIEWER_ZOOM': -1, 'KEY_COLOR': '#00FF00', 'OUTPUT_DIR': './', 'REPORT_DIR': 'Reports', 'SCHEMATIC_DIR': 'Schematic', 'MANUFACTURING_DIR': 'Manufacturing', 'ASSEMBLY_DIR': '@MANUFACTURING_DIR@/Assembly', 'FABRICATION_DIR': '@MANUFACTURING_DIR@/Fabrication', 'GERBERS_DIR': '@FABRICATION_DIR@/Gerbers', 'FAB_DRILL_TABLES_DIR': '@FABRICATION_DIR@/Drill Tables', 'TESTING_DIR': 'Testing', 'TESTPOINTS_DIR': '@TESTING_DIR@/Testpoints', 'IMAGES_DIR': 'Images', '3D_DIR': '3D', 'RESOURCES_DIR': 'kibot_resources', 'REPORT_TEMPLATE_DIR': '@RESOURCES_DIR@/templates', 'SCRIPTS_DIR': '@RESOURCES_DIR@/scripts', 'LAYER_TITLE_PAGE': 'TitlePage', 'LAYER_DNP_TOP': 'F.DNP', 'LAYER_DNP_BOTTOM': 'B.DNP', 'LAYER_DRILL_MAP': 'DrillMap', 'LAYER_TP_LIST_TOP': 'F.TestPointList', 'LAYER_TP_LIST_BOTTOM': 'B.TestPointList', 'LAYER_ASSEMBLY_TEXT_TOP': 'F.AssemblyText', 'LAYER_ASSEMBLY_TEXT_BOTTOM': 'B.AssemblyText', 'LAYER_DNP_CROSS_TOP': 'F.DNP', 'LAYER_DNP_CROSS_BOTTOM': 'B.DNP', 'FILT_FIELD_RENAME': 'field_rename', 'FILT_TP_ONLY': 'only_testpoints', 'FILT_TP_EXCLUDE': 'exclude_testpoints', 'FILT_TP_TOP_ONLY': 'only_testpoints_top', 'FILT_TP_BOTTOM_ONLY': 'only_testpoints_bottom', 'SCH_VARIANT_OUTPUT': 'value_split', 'NETLIST_OUTPUT': 'netlist', 'GERBER_OUTPUT': 'gbr_gerbers', 'ODB_OUTPUT': 'zip_odb', 'EXCELLON_DRILL_OUTPUT': 'drl_excellon', 'PDF_DRILL_MAP_OUTPUT': 'pdf_drill_map', 'DXF_DRILL_MAP_OUTPUT': 'dxf_drill_map', 'CSV_DRILL_TABLE_OUTPUT': 'csv_drill_table', 'CSV_POS_OUTPUT': 'csv_position', 'CSV_TP_OUTPUT': 'csv_testpoints', 'CSV_TP_TOP_OUTPUT': 'csv_testpoints_top', 'CSV_TP_BOTTOM_OUTPUT': 'csv_testpoints_bottom', 'CSV_BOM_OUTPUT': 'csv_bom', 'XLSX_BOM_OUTPUT': 'xlsx_bom', 'HTML_IBOM_OUTPUT': 'html_bom_interactive', 'HTML_BOM_OUTPUT': 'html_bom', 'CSV_COMP_COUNT_OUPUT': 'csv_comp_count', 'CSV_IMPEDANCE_TABLE_OUTPUT': 'csv_impedance_table', 'TXT_FAB_NOTES_OUTPUT': 'txt_fabrication_notes', 'TXT_ASSEMBLY_NOTES_OUTPUT': 'txt_assembly_notes', 'PNG_3D_VIEWER_TOP': 'png_3d_viewer_top', 'PNG_3D_VIEWER_BOTTOM': 'png_3d_viewer_bottom', 'PNG_3D_VIEWER_ANGLED_TOP': 'png_3d_viewer_angled_top', 'PNG_3D_VIEWER_ANGLED_BOTTOM': 'png_3d_viewer_angled_bottom', 'STEP_OUTPUT': 'step', 'BLENDER_OUTPUT': 'blender', 'PDF_SCHEMATIC_OUTPUT': 'pdf_schematic', 'PDF_FABRICATION_OUTPUT': 'pdf_fabrication', 'PDF_ASSEMBLY_OUTPUT': 'pdf_assembly', 'ZIP_COMPRESS_FAB_OUTPUT': 'zip_compress_fab', 'HTML_KICANVAS_OUTPUT': 'html_kicanvas', 'HTML_KIRI_OUTPUT': 'html_kiri', 'MD_README_OUTPUT': 'md_readme', 'HTML_NAV_RES_OUTPUT': 'html_navigate_results', 'NAME': 'html_kiri', 'COMMENT': 'KiRI webpage', 'DIR': 'KiRI'} (kibot - config_reader.py:680)
DEBUG:- Replacing @NAME@ -> html_kiri (<class 'str'>) (kibot - config_reader.py:78)
DEBUG:- Replacing @COMMENT@ -> KiRI webpage (<class 'str'>) (kibot - config_reader.py:78)
DEBUG:- Replacing @DIR@ -> KiRI (<class 'str'>) (kibot - config_reader.py:78)
DEBUG:- Applying CLI definitions: {} (kibot - config_reader.py:677)
DEBUG:- Applying collected definitions: {'PROJECT_NAME': 'LE_V2', 'BOARD_NAME': 'LE_BMS_A_V2', 'COMPANY': 'Company Name', 'DESIGNER': 'Author', 'LOGO': 'Logos/dummy_logo.png', 'GIT_URL': 'https://github.com/nguyen-v/KDT_Hierarchical_KiBot', 'CHECK_ZONE_FILLS': False, 'STACKUP_TABLE_NOTE': 'external layer thicknesses are specified after plating', 'MPN_FIELD': 'Manufacturer Part Number', 'MAN_FIELD': 'Manufacturer', 'GROUP_ROUND_SLOTS': True, 'GROUP_PTH_NPTH': 'no', 'GROUP_PTH_NPTH_DRL': False, 'PLOT_REFS': True, 'COLOR_THEME': 'Altium_Theme', 'SHEET_WKS': '${KIPRJMOD}/Templates/KDT_Template_PCB_GIT_A4.kicad_wks', 'FAB_SCALING': 1, 'ASSEMBLY_SCALING': 1, 'EXCLUDE_REFS': '[MB*]', '3D_VIEWER_ROT_X': 2, '3D_VIEWER_ROT_Y': -1, '3D_VIEWER_ROT_Z': 1, '3D_VIEWER_ZOOM': -1, 'KEY_COLOR': '#00FF00', 'OUTPUT_DIR': './', 'REPORT_DIR': 'Reports', 'SCHEMATIC_DIR': 'Schematic', 'MANUFACTURING_DIR': 'Manufacturing', 'ASSEMBLY_DIR': '@MANUFACTURING_DIR@/Assembly', 'FABRICATION_DIR': '@MANUFACTURING_DIR@/Fabrication', 'GERBERS_DIR': '@FABRICATION_DIR@/Gerbers', 'FAB_DRILL_TABLES_DIR': '@FABRICATION_DIR@/Drill Tables', 'TESTING_DIR': 'Testing', 'TESTPOINTS_DIR': '@TESTING_DIR@/Testpoints', 'IMAGES_DIR': 'Images', '3D_DIR': '3D', 'RESOURCES_DIR': 'kibot_resources', 'REPORT_TEMPLATE_DIR': '@RESOURCES_DIR@/templates', 'SCRIPTS_DIR': '@RESOURCES_DIR@/scripts', 'LAYER_TITLE_PAGE': 'TitlePage', 'LAYER_DNP_TOP': 'F.DNP', 'LAYER_DNP_BOTTOM': 'B.DNP', 'LAYER_DRILL_MAP': 'DrillMap', 'LAYER_TP_LIST_TOP': 'F.TestPointList', 'LAYER_TP_LIST_BOTTOM': 'B.TestPointList', 'LAYER_ASSEMBLY_TEXT_TOP': 'F.AssemblyText', 'LAYER_ASSEMBLY_TEXT_BOTTOM': 'B.AssemblyText', 'LAYER_DNP_CROSS_TOP': 'F.DNP', 'LAYER_DNP_CROSS_BOTTOM': 'B.DNP', 'FILT_FIELD_RENAME': 'field_rename', 'FILT_TP_ONLY': 'only_testpoints', 'FILT_TP_EXCLUDE': 'exclude_testpoints', 'FILT_TP_TOP_ONLY': 'only_testpoints_top', 'FILT_TP_BOTTOM_ONLY': 'only_testpoints_bottom', 'SCH_VARIANT_OUTPUT': 'value_split', 'NETLIST_OUTPUT': 'netlist', 'GERBER_OUTPUT': 'gbr_gerbers', 'ODB_OUTPUT': 'zip_odb', 'EXCELLON_DRILL_OUTPUT': 'drl_excellon', 'PDF_DRILL_MAP_OUTPUT': 'pdf_drill_map', 'DXF_DRILL_MAP_OUTPUT': 'dxf_drill_map', 'CSV_DRILL_TABLE_OUTPUT': 'csv_drill_table', 'CSV_POS_OUTPUT': 'csv_position', 'CSV_TP_OUTPUT': 'csv_testpoints', 'CSV_TP_TOP_OUTPUT': 'csv_testpoints_top', 'CSV_TP_BOTTOM_OUTPUT': 'csv_testpoints_bottom', 'CSV_BOM_OUTPUT': 'csv_bom', 'XLSX_BOM_OUTPUT': 'xlsx_bom', 'HTML_IBOM_OUTPUT': 'html_bom_interactive', 'HTML_BOM_OUTPUT': 'html_bom', 'CSV_COMP_COUNT_OUPUT': 'csv_comp_count', 'CSV_IMPEDANCE_TABLE_OUTPUT': 'csv_impedance_table', 'TXT_FAB_NOTES_OUTPUT': 'txt_fabrication_notes', 'TXT_ASSEMBLY_NOTES_OUTPUT': 'txt_assembly_notes', 'PNG_3D_VIEWER_TOP': 'png_3d_viewer_top', 'PNG_3D_VIEWER_BOTTOM': 'png_3d_viewer_bottom', 'PNG_3D_VIEWER_ANGLED_TOP': 'png_3d_viewer_angled_top', 'PNG_3D_VIEWER_ANGLED_BOTTOM': 'png_3d_viewer_angled_bottom', 'STEP_OUTPUT': 'step', 'BLENDER_OUTPUT': 'blender', 'PDF_SCHEMATIC_OUTPUT': 'pdf_schematic', 'PDF_FABRICATION_OUTPUT': 'pdf_fabrication', 'PDF_ASSEMBLY_OUTPUT': 'pdf_assembly', 'ZIP_COMPRESS_FAB_OUTPUT': 'zip_compress_fab', 'HTML_KICANVAS_OUTPUT': 'html_kicanvas', 'HTML_KIRI_OUTPUT': 'html_kiri', 'MD_README_OUTPUT': 'md_readme', 'HTML_NAV_RES_OUTPUT': 'html_navigate_results', 'NAME': 'html_kiri', 'COMMENT': 'KiRI webpage', 'DIR': 'KiRI'} (kibot - config_reader.py:680)
DEBUG:YAML after expanding definitions:
# KiBot output for diff web page between commits
# https://kibot.readthedocs.io/en/latest/configuration/outputs/kiri.html

kibot:
  version: 1

outputs:
- name: html_kiri
  comment: 'KiRI webpage'
  type: kiri
  category: 'KiRI'
  dir: 'KiRI'
  layers: all
  options:
    keep_generated: true
    max_commits: 3
    revision: 'HEAD'
    zones: 'global'

definitions:
  NAME: html_kiri
  COMMENT: KiRi webpage
  DIR: KiRI (kibot - config_reader.py:686)
DEBUG:Pre-parsing output options for `html_kiri` (kiri) (kibot - config_reader.py:169)
DEBUG:Outputs loaded from `kibot_yaml/kibot_out_html_kiri.yaml`: ['html_kiri'] (kibot - config_reader.py:361)
DEBUG:Found local definitions (kibot - config_reader.py:651)
DEBUG:- Local definitions: {'NAME': 'md_readme', 'COMMENT': 'Report', 'DIR': '.', 'CATEGORY': '/', 'OUTPUT_NAME': 'README', 'TEMPLATE': 'kibot_ressources/template/readme.txt'} (kibot - config_reader.py:661)
DEBUG:- Current definitions: {'PROJECT_NAME': 'LE_V2', 'BOARD_NAME': 'LE_BMS_A_V2', 'COMPANY': 'Company Name', 'DESIGNER': 'Author', 'LOGO': 'Logos/dummy_logo.png', 'GIT_URL': 'https://github.com/nguyen-v/KDT_Hierarchical_KiBot', 'CHECK_ZONE_FILLS': False, 'STACKUP_TABLE_NOTE': 'external layer thicknesses are specified after plating', 'MPN_FIELD': 'Manufacturer Part Number', 'MAN_FIELD': 'Manufacturer', 'GROUP_ROUND_SLOTS': True, 'GROUP_PTH_NPTH': 'no', 'GROUP_PTH_NPTH_DRL': False, 'PLOT_REFS': True, 'COLOR_THEME': 'Altium_Theme', 'SHEET_WKS': '${KIPRJMOD}/Templates/KDT_Template_PCB_GIT_A4.kicad_wks', 'FAB_SCALING': 1, 'ASSEMBLY_SCALING': 1, 'EXCLUDE_REFS': '[MB*]', '3D_VIEWER_ROT_X': 2, '3D_VIEWER_ROT_Y': -1, '3D_VIEWER_ROT_Z': 1, '3D_VIEWER_ZOOM': -1, 'KEY_COLOR': '#00FF00', 'OUTPUT_DIR': './', 'REPORT_DIR': 'Reports', 'SCHEMATIC_DIR': 'Schematic', 'MANUFACTURING_DIR': 'Manufacturing', 'ASSEMBLY_DIR': '@MANUFACTURING_DIR@/Assembly', 'FABRICATION_DIR': '@MANUFACTURING_DIR@/Fabrication', 'GERBERS_DIR': '@FABRICATION_DIR@/Gerbers', 'FAB_DRILL_TABLES_DIR': '@FABRICATION_DIR@/Drill Tables', 'TESTING_DIR': 'Testing', 'TESTPOINTS_DIR': '@TESTING_DIR@/Testpoints', 'IMAGES_DIR': 'Images', '3D_DIR': '3D', 'RESOURCES_DIR': 'kibot_resources', 'REPORT_TEMPLATE_DIR': '@RESOURCES_DIR@/templates', 'SCRIPTS_DIR': '@RESOURCES_DIR@/scripts', 'LAYER_TITLE_PAGE': 'TitlePage', 'LAYER_DNP_TOP': 'F.DNP', 'LAYER_DNP_BOTTOM': 'B.DNP', 'LAYER_DRILL_MAP': 'DrillMap', 'LAYER_TP_LIST_TOP': 'F.TestPointList', 'LAYER_TP_LIST_BOTTOM': 'B.TestPointList', 'LAYER_ASSEMBLY_TEXT_TOP': 'F.AssemblyText', 'LAYER_ASSEMBLY_TEXT_BOTTOM': 'B.AssemblyText', 'LAYER_DNP_CROSS_TOP': 'F.DNP', 'LAYER_DNP_CROSS_BOTTOM': 'B.DNP', 'FILT_FIELD_RENAME': 'field_rename', 'FILT_TP_ONLY': 'only_testpoints', 'FILT_TP_EXCLUDE': 'exclude_testpoints', 'FILT_TP_TOP_ONLY': 'only_testpoints_top', 'FILT_TP_BOTTOM_ONLY': 'only_testpoints_bottom', 'SCH_VARIANT_OUTPUT': 'value_split', 'NETLIST_OUTPUT': 'netlist', 'GERBER_OUTPUT': 'gbr_gerbers', 'ODB_OUTPUT': 'zip_odb', 'EXCELLON_DRILL_OUTPUT': 'drl_excellon', 'PDF_DRILL_MAP_OUTPUT': 'pdf_drill_map', 'DXF_DRILL_MAP_OUTPUT': 'dxf_drill_map', 'CSV_DRILL_TABLE_OUTPUT': 'csv_drill_table', 'CSV_POS_OUTPUT': 'csv_position', 'CSV_TP_OUTPUT': 'csv_testpoints', 'CSV_TP_TOP_OUTPUT': 'csv_testpoints_top', 'CSV_TP_BOTTOM_OUTPUT': 'csv_testpoints_bottom', 'CSV_BOM_OUTPUT': 'csv_bom', 'XLSX_BOM_OUTPUT': 'xlsx_bom', 'HTML_IBOM_OUTPUT': 'html_bom_interactive', 'HTML_BOM_OUTPUT': 'html_bom', 'CSV_COMP_COUNT_OUPUT': 'csv_comp_count', 'CSV_IMPEDANCE_TABLE_OUTPUT': 'csv_impedance_table', 'TXT_FAB_NOTES_OUTPUT': 'txt_fabrication_notes', 'TXT_ASSEMBLY_NOTES_OUTPUT': 'txt_assembly_notes', 'PNG_3D_VIEWER_TOP': 'png_3d_viewer_top', 'PNG_3D_VIEWER_BOTTOM': 'png_3d_viewer_bottom', 'PNG_3D_VIEWER_ANGLED_TOP': 'png_3d_viewer_angled_top', 'PNG_3D_VIEWER_ANGLED_BOTTOM': 'png_3d_viewer_angled_bottom', 'STEP_OUTPUT': 'step', 'BLENDER_OUTPUT': 'blender', 'PDF_SCHEMATIC_OUTPUT': 'pdf_schematic', 'PDF_FABRICATION_OUTPUT': 'pdf_fabrication', 'PDF_ASSEMBLY_OUTPUT': 'pdf_assembly', 'ZIP_COMPRESS_FAB_OUTPUT': 'zip_compress_fab', 'HTML_KICANVAS_OUTPUT': 'html_kicanvas', 'HTML_KIRI_OUTPUT': 'html_kiri', 'MD_README_OUTPUT': 'md_readme', 'HTML_NAV_RES_OUTPUT': 'html_navigate_results', 'NAME': 'md_readme', 'COMMENT': 'README file in Markdown format', 'DIR': './', 'CATEGORY': '.', 'OUTPUT_NAME': 'README', 'TEMPLATE': 'kibot_resources/templates/readme.txt'} (kibot - config_reader.py:662)
DEBUG:- Updated definitions: {'NAME': 'md_readme', 'COMMENT': 'README file in Markdown format', 'DIR': './', 'CATEGORY': '.', 'OUTPUT_NAME': 'README', 'TEMPLATE': 'kibot_resources/templates/readme.txt', 'PROJECT_NAME': 'LE_V2', 'BOARD_NAME': 'LE_BMS_A_V2', 'COMPANY': 'Company Name', 'DESIGNER': 'Author', 'LOGO': 'Logos/dummy_logo.png', 'GIT_URL': 'https://github.com/nguyen-v/KDT_Hierarchical_KiBot', 'CHECK_ZONE_FILLS': False, 'STACKUP_TABLE_NOTE': 'external layer thicknesses are specified after plating', 'MPN_FIELD': 'Manufacturer Part Number', 'MAN_FIELD': 'Manufacturer', 'GROUP_ROUND_SLOTS': True, 'GROUP_PTH_NPTH': 'no', 'GROUP_PTH_NPTH_DRL': False, 'PLOT_REFS': True, 'COLOR_THEME': 'Altium_Theme', 'SHEET_WKS': '${KIPRJMOD}/Templates/KDT_Template_PCB_GIT_A4.kicad_wks', 'FAB_SCALING': 1, 'ASSEMBLY_SCALING': 1, 'EXCLUDE_REFS': '[MB*]', '3D_VIEWER_ROT_X': 2, '3D_VIEWER_ROT_Y': -1, '3D_VIEWER_ROT_Z': 1, '3D_VIEWER_ZOOM': -1, 'KEY_COLOR': '#00FF00', 'OUTPUT_DIR': './', 'REPORT_DIR': 'Reports', 'SCHEMATIC_DIR': 'Schematic', 'MANUFACTURING_DIR': 'Manufacturing', 'ASSEMBLY_DIR': '@MANUFACTURING_DIR@/Assembly', 'FABRICATION_DIR': '@MANUFACTURING_DIR@/Fabrication', 'GERBERS_DIR': '@FABRICATION_DIR@/Gerbers', 'FAB_DRILL_TABLES_DIR': '@FABRICATION_DIR@/Drill Tables', 'TESTING_DIR': 'Testing', 'TESTPOINTS_DIR': '@TESTING_DIR@/Testpoints', 'IMAGES_DIR': 'Images', '3D_DIR': '3D', 'RESOURCES_DIR': 'kibot_resources', 'REPORT_TEMPLATE_DIR': '@RESOURCES_DIR@/templates', 'SCRIPTS_DIR': '@RESOURCES_DIR@/scripts', 'LAYER_TITLE_PAGE': 'TitlePage', 'LAYER_DNP_TOP': 'F.DNP', 'LAYER_DNP_BOTTOM': 'B.DNP', 'LAYER_DRILL_MAP': 'DrillMap', 'LAYER_TP_LIST_TOP': 'F.TestPointList', 'LAYER_TP_LIST_BOTTOM': 'B.TestPointList', 'LAYER_ASSEMBLY_TEXT_TOP': 'F.AssemblyText', 'LAYER_ASSEMBLY_TEXT_BOTTOM': 'B.AssemblyText', 'LAYER_DNP_CROSS_TOP': 'F.DNP', 'LAYER_DNP_CROSS_BOTTOM': 'B.DNP', 'FILT_FIELD_RENAME': 'field_rename', 'FILT_TP_ONLY': 'only_testpoints', 'FILT_TP_EXCLUDE': 'exclude_testpoints', 'FILT_TP_TOP_ONLY': 'only_testpoints_top', 'FILT_TP_BOTTOM_ONLY': 'only_testpoints_bottom', 'SCH_VARIANT_OUTPUT': 'value_split', 'NETLIST_OUTPUT': 'netlist', 'GERBER_OUTPUT': 'gbr_gerbers', 'ODB_OUTPUT': 'zip_odb', 'EXCELLON_DRILL_OUTPUT': 'drl_excellon', 'PDF_DRILL_MAP_OUTPUT': 'pdf_drill_map', 'DXF_DRILL_MAP_OUTPUT': 'dxf_drill_map', 'CSV_DRILL_TABLE_OUTPUT': 'csv_drill_table', 'CSV_POS_OUTPUT': 'csv_position', 'CSV_TP_OUTPUT': 'csv_testpoints', 'CSV_TP_TOP_OUTPUT': 'csv_testpoints_top', 'CSV_TP_BOTTOM_OUTPUT': 'csv_testpoints_bottom', 'CSV_BOM_OUTPUT': 'csv_bom', 'XLSX_BOM_OUTPUT': 'xlsx_bom', 'HTML_IBOM_OUTPUT': 'html_bom_interactive', 'HTML_BOM_OUTPUT': 'html_bom', 'CSV_COMP_COUNT_OUPUT': 'csv_comp_count', 'CSV_IMPEDANCE_TABLE_OUTPUT': 'csv_impedance_table', 'TXT_FAB_NOTES_OUTPUT': 'txt_fabrication_notes', 'TXT_ASSEMBLY_NOTES_OUTPUT': 'txt_assembly_notes', 'PNG_3D_VIEWER_TOP': 'png_3d_viewer_top', 'PNG_3D_VIEWER_BOTTOM': 'png_3d_viewer_bottom', 'PNG_3D_VIEWER_ANGLED_TOP': 'png_3d_viewer_angled_top', 'PNG_3D_VIEWER_ANGLED_BOTTOM': 'png_3d_viewer_angled_bottom', 'STEP_OUTPUT': 'step', 'BLENDER_OUTPUT': 'blender', 'PDF_SCHEMATIC_OUTPUT': 'pdf_schematic', 'PDF_FABRICATION_OUTPUT': 'pdf_fabrication', 'PDF_ASSEMBLY_OUTPUT': 'pdf_assembly', 'ZIP_COMPRESS_FAB_OUTPUT': 'zip_compress_fab', 'HTML_KICANVAS_OUTPUT': 'html_kicanvas', 'HTML_KIRI_OUTPUT': 'html_kiri', 'MD_README_OUTPUT': 'md_readme', 'HTML_NAV_RES_OUTPUT': 'html_navigate_results'} (kibot - config_reader.py:665)
DEBUG:Applying preprocessor definitions (kibot - config_reader.py:670)
DEBUG:- Applying CLI definitions: {} (kibot - config_reader.py:677)
DEBUG:- Applying collected definitions: {'NAME': 'md_readme', 'COMMENT': 'README file in Markdown format', 'DIR': './', 'CATEGORY': '.', 'OUTPUT_NAME': 'README', 'TEMPLATE': 'kibot_resources/templates/readme.txt', 'PROJECT_NAME': 'LE_V2', 'BOARD_NAME': 'LE_BMS_A_V2', 'COMPANY': 'Company Name', 'DESIGNER': 'Author', 'LOGO': 'Logos/dummy_logo.png', 'GIT_URL': 'https://github.com/nguyen-v/KDT_Hierarchical_KiBot', 'CHECK_ZONE_FILLS': False, 'STACKUP_TABLE_NOTE': 'external layer thicknesses are specified after plating', 'MPN_FIELD': 'Manufacturer Part Number', 'MAN_FIELD': 'Manufacturer', 'GROUP_ROUND_SLOTS': True, 'GROUP_PTH_NPTH': 'no', 'GROUP_PTH_NPTH_DRL': False, 'PLOT_REFS': True, 'COLOR_THEME': 'Altium_Theme', 'SHEET_WKS': '${KIPRJMOD}/Templates/KDT_Template_PCB_GIT_A4.kicad_wks', 'FAB_SCALING': 1, 'ASSEMBLY_SCALING': 1, 'EXCLUDE_REFS': '[MB*]', '3D_VIEWER_ROT_X': 2, '3D_VIEWER_ROT_Y': -1, '3D_VIEWER_ROT_Z': 1, '3D_VIEWER_ZOOM': -1, 'KEY_COLOR': '#00FF00', 'OUTPUT_DIR': './', 'REPORT_DIR': 'Reports', 'SCHEMATIC_DIR': 'Schematic', 'MANUFACTURING_DIR': 'Manufacturing', 'ASSEMBLY_DIR': '@MANUFACTURING_DIR@/Assembly', 'FABRICATION_DIR': '@MANUFACTURING_DIR@/Fabrication', 'GERBERS_DIR': '@FABRICATION_DIR@/Gerbers', 'FAB_DRILL_TABLES_DIR': '@FABRICATION_DIR@/Drill Tables', 'TESTING_DIR': 'Testing', 'TESTPOINTS_DIR': '@TESTING_DIR@/Testpoints', 'IMAGES_DIR': 'Images', '3D_DIR': '3D', 'RESOURCES_DIR': 'kibot_resources', 'REPORT_TEMPLATE_DIR': '@RESOURCES_DIR@/templates', 'SCRIPTS_DIR': '@RESOURCES_DIR@/scripts', 'LAYER_TITLE_PAGE': 'TitlePage', 'LAYER_DNP_TOP': 'F.DNP', 'LAYER_DNP_BOTTOM': 'B.DNP', 'LAYER_DRILL_MAP': 'DrillMap', 'LAYER_TP_LIST_TOP': 'F.TestPointList', 'LAYER_TP_LIST_BOTTOM': 'B.TestPointList', 'LAYER_ASSEMBLY_TEXT_TOP': 'F.AssemblyText', 'LAYER_ASSEMBLY_TEXT_BOTTOM': 'B.AssemblyText', 'LAYER_DNP_CROSS_TOP': 'F.DNP', 'LAYER_DNP_CROSS_BOTTOM': 'B.DNP', 'FILT_FIELD_RENAME': 'field_rename', 'FILT_TP_ONLY': 'only_testpoints', 'FILT_TP_EXCLUDE': 'exclude_testpoints', 'FILT_TP_TOP_ONLY': 'only_testpoints_top', 'FILT_TP_BOTTOM_ONLY': 'only_testpoints_bottom', 'SCH_VARIANT_OUTPUT': 'value_split', 'NETLIST_OUTPUT': 'netlist', 'GERBER_OUTPUT': 'gbr_gerbers', 'ODB_OUTPUT': 'zip_odb', 'EXCELLON_DRILL_OUTPUT': 'drl_excellon', 'PDF_DRILL_MAP_OUTPUT': 'pdf_drill_map', 'DXF_DRILL_MAP_OUTPUT': 'dxf_drill_map', 'CSV_DRILL_TABLE_OUTPUT': 'csv_drill_table', 'CSV_POS_OUTPUT': 'csv_position', 'CSV_TP_OUTPUT': 'csv_testpoints', 'CSV_TP_TOP_OUTPUT': 'csv_testpoints_top', 'CSV_TP_BOTTOM_OUTPUT': 'csv_testpoints_bottom', 'CSV_BOM_OUTPUT': 'csv_bom', 'XLSX_BOM_OUTPUT': 'xlsx_bom', 'HTML_IBOM_OUTPUT': 'html_bom_interactive', 'HTML_BOM_OUTPUT': 'html_bom', 'CSV_COMP_COUNT_OUPUT': 'csv_comp_count', 'CSV_IMPEDANCE_TABLE_OUTPUT': 'csv_impedance_table', 'TXT_FAB_NOTES_OUTPUT': 'txt_fabrication_notes', 'TXT_ASSEMBLY_NOTES_OUTPUT': 'txt_assembly_notes', 'PNG_3D_VIEWER_TOP': 'png_3d_viewer_top', 'PNG_3D_VIEWER_BOTTOM': 'png_3d_viewer_bottom', 'PNG_3D_VIEWER_ANGLED_TOP': 'png_3d_viewer_angled_top', 'PNG_3D_VIEWER_ANGLED_BOTTOM': 'png_3d_viewer_angled_bottom', 'STEP_OUTPUT': 'step', 'BLENDER_OUTPUT': 'blender', 'PDF_SCHEMATIC_OUTPUT': 'pdf_schematic', 'PDF_FABRICATION_OUTPUT': 'pdf_fabrication', 'PDF_ASSEMBLY_OUTPUT': 'pdf_assembly', 'ZIP_COMPRESS_FAB_OUTPUT': 'zip_compress_fab', 'HTML_KICANVAS_OUTPUT': 'html_kicanvas', 'HTML_KIRI_OUTPUT': 'html_kiri', 'MD_README_OUTPUT': 'md_readme', 'HTML_NAV_RES_OUTPUT': 'html_navigate_results'} (kibot - config_reader.py:680)
DEBUG:- Replacing @NAME@ -> md_readme (<class 'str'>) (kibot - config_reader.py:78)
DEBUG:- Replacing @COMMENT@ -> README file in Markdown format (<class 'str'>) (kibot - config_reader.py:78)
DEBUG:- Replacing @DIR@ -> ./ (<class 'str'>) (kibot - config_reader.py:78)
DEBUG:- Replacing @CATEGORY@ -> . (<class 'str'>) (kibot - config_reader.py:78)
DEBUG:- Replacing @OUTPUT_NAME@ -> README (<class 'str'>) (kibot - config_reader.py:78)
DEBUG:- Replacing @TEMPLATE@ -> kibot_resources/templates/readme.txt (<class 'str'>) (kibot - config_reader.py:78)
DEBUG:- Applying CLI definitions: {} (kibot - config_reader.py:677)
DEBUG:- Applying collected definitions: {'NAME': 'md_readme', 'COMMENT': 'README file in Markdown format', 'DIR': './', 'CATEGORY': '.', 'OUTPUT_NAME': 'README', 'TEMPLATE': 'kibot_resources/templates/readme.txt', 'PROJECT_NAME': 'LE_V2', 'BOARD_NAME': 'LE_BMS_A_V2', 'COMPANY': 'Company Name', 'DESIGNER': 'Author', 'LOGO': 'Logos/dummy_logo.png', 'GIT_URL': 'https://github.com/nguyen-v/KDT_Hierarchical_KiBot', 'CHECK_ZONE_FILLS': False, 'STACKUP_TABLE_NOTE': 'external layer thicknesses are specified after plating', 'MPN_FIELD': 'Manufacturer Part Number', 'MAN_FIELD': 'Manufacturer', 'GROUP_ROUND_SLOTS': True, 'GROUP_PTH_NPTH': 'no', 'GROUP_PTH_NPTH_DRL': False, 'PLOT_REFS': True, 'COLOR_THEME': 'Altium_Theme', 'SHEET_WKS': '${KIPRJMOD}/Templates/KDT_Template_PCB_GIT_A4.kicad_wks', 'FAB_SCALING': 1, 'ASSEMBLY_SCALING': 1, 'EXCLUDE_REFS': '[MB*]', '3D_VIEWER_ROT_X': 2, '3D_VIEWER_ROT_Y': -1, '3D_VIEWER_ROT_Z': 1, '3D_VIEWER_ZOOM': -1, 'KEY_COLOR': '#00FF00', 'OUTPUT_DIR': './', 'REPORT_DIR': 'Reports', 'SCHEMATIC_DIR': 'Schematic', 'MANUFACTURING_DIR': 'Manufacturing', 'ASSEMBLY_DIR': '@MANUFACTURING_DIR@/Assembly', 'FABRICATION_DIR': '@MANUFACTURING_DIR@/Fabrication', 'GERBERS_DIR': '@FABRICATION_DIR@/Gerbers', 'FAB_DRILL_TABLES_DIR': '@FABRICATION_DIR@/Drill Tables', 'TESTING_DIR': 'Testing', 'TESTPOINTS_DIR': '@TESTING_DIR@/Testpoints', 'IMAGES_DIR': 'Images', '3D_DIR': '3D', 'RESOURCES_DIR': 'kibot_resources', 'REPORT_TEMPLATE_DIR': '@RESOURCES_DIR@/templates', 'SCRIPTS_DIR': '@RESOURCES_DIR@/scripts', 'LAYER_TITLE_PAGE': 'TitlePage', 'LAYER_DNP_TOP': 'F.DNP', 'LAYER_DNP_BOTTOM': 'B.DNP', 'LAYER_DRILL_MAP': 'DrillMap', 'LAYER_TP_LIST_TOP': 'F.TestPointList', 'LAYER_TP_LIST_BOTTOM': 'B.TestPointList', 'LAYER_ASSEMBLY_TEXT_TOP': 'F.AssemblyText', 'LAYER_ASSEMBLY_TEXT_BOTTOM': 'B.AssemblyText', 'LAYER_DNP_CROSS_TOP': 'F.DNP', 'LAYER_DNP_CROSS_BOTTOM': 'B.DNP', 'FILT_FIELD_RENAME': 'field_rename', 'FILT_TP_ONLY': 'only_testpoints', 'FILT_TP_EXCLUDE': 'exclude_testpoints', 'FILT_TP_TOP_ONLY': 'only_testpoints_top', 'FILT_TP_BOTTOM_ONLY': 'only_testpoints_bottom', 'SCH_VARIANT_OUTPUT': 'value_split', 'NETLIST_OUTPUT': 'netlist', 'GERBER_OUTPUT': 'gbr_gerbers', 'ODB_OUTPUT': 'zip_odb', 'EXCELLON_DRILL_OUTPUT': 'drl_excellon', 'PDF_DRILL_MAP_OUTPUT': 'pdf_drill_map', 'DXF_DRILL_MAP_OUTPUT': 'dxf_drill_map', 'CSV_DRILL_TABLE_OUTPUT': 'csv_drill_table', 'CSV_POS_OUTPUT': 'csv_position', 'CSV_TP_OUTPUT': 'csv_testpoints', 'CSV_TP_TOP_OUTPUT': 'csv_testpoints_top', 'CSV_TP_BOTTOM_OUTPUT': 'csv_testpoints_bottom', 'CSV_BOM_OUTPUT': 'csv_bom', 'XLSX_BOM_OUTPUT': 'xlsx_bom', 'HTML_IBOM_OUTPUT': 'html_bom_interactive', 'HTML_BOM_OUTPUT': 'html_bom', 'CSV_COMP_COUNT_OUPUT': 'csv_comp_count', 'CSV_IMPEDANCE_TABLE_OUTPUT': 'csv_impedance_table', 'TXT_FAB_NOTES_OUTPUT': 'txt_fabrication_notes', 'TXT_ASSEMBLY_NOTES_OUTPUT': 'txt_assembly_notes', 'PNG_3D_VIEWER_TOP': 'png_3d_viewer_top', 'PNG_3D_VIEWER_BOTTOM': 'png_3d_viewer_bottom', 'PNG_3D_VIEWER_ANGLED_TOP': 'png_3d_viewer_angled_top', 'PNG_3D_VIEWER_ANGLED_BOTTOM': 'png_3d_viewer_angled_bottom', 'STEP_OUTPUT': 'step', 'BLENDER_OUTPUT': 'blender', 'PDF_SCHEMATIC_OUTPUT': 'pdf_schematic', 'PDF_FABRICATION_OUTPUT': 'pdf_fabrication', 'PDF_ASSEMBLY_OUTPUT': 'pdf_assembly', 'ZIP_COMPRESS_FAB_OUTPUT': 'zip_compress_fab', 'HTML_KICANVAS_OUTPUT': 'html_kicanvas', 'HTML_KIRI_OUTPUT': 'html_kiri', 'MD_README_OUTPUT': 'md_readme', 'HTML_NAV_RES_OUTPUT': 'html_navigate_results'} (kibot - config_reader.py:680)
DEBUG:YAML after expanding definitions:
# KiBot output for MD Report (e.g. README.md)
# https://kibot.readthedocs.io/en/latest/configuration/outputs/report.html

kibot:
  version: 1

outputs:
  - name: md_readme
    comment: 'README file in Markdown format'
    type: report
    category: '.'
    dir: './'
    options:
      output: 'README.md'
      template: kibot_resources/templates/readme.txt

 (kibot - config_reader.py:686)
DEBUG:Pre-parsing output options for `md_readme` (report) (kibot - config_reader.py:169)
DEBUG:Outputs loaded from `kibot_yaml/kibot_out_md_report.yaml`: ['md_readme'] (kibot - config_reader.py:361)
DEBUG:Found local definitions (kibot - config_reader.py:651)
DEBUG:- Local definitions: {'NAME': 'html_navigate_results', 'COMMENT': 'Results webpage in HTML format', 'DIR': 'HTML', 'TITLE': '', 'LOGO': '', 'LOGO_URL': ''} (kibot - config_reader.py:661)
DEBUG:- Current definitions: {'PROJECT_NAME': 'LE_V2', 'BOARD_NAME': 'LE_BMS_A_V2', 'COMPANY': 'Company Name', 'DESIGNER': 'Author', 'LOGO': 'Logos/dummy_logo.png', 'GIT_URL': 'https://github.com/nguyen-v/KDT_Hierarchical_KiBot', 'CHECK_ZONE_FILLS': False, 'STACKUP_TABLE_NOTE': 'external layer thicknesses are specified after plating', 'MPN_FIELD': 'Manufacturer Part Number', 'MAN_FIELD': 'Manufacturer', 'GROUP_ROUND_SLOTS': True, 'GROUP_PTH_NPTH': 'no', 'GROUP_PTH_NPTH_DRL': False, 'PLOT_REFS': True, 'COLOR_THEME': 'Altium_Theme', 'SHEET_WKS': '${KIPRJMOD}/Templates/KDT_Template_PCB_GIT_A4.kicad_wks', 'FAB_SCALING': 1, 'ASSEMBLY_SCALING': 1, 'EXCLUDE_REFS': '[MB*]', '3D_VIEWER_ROT_X': 2, '3D_VIEWER_ROT_Y': -1, '3D_VIEWER_ROT_Z': 1, '3D_VIEWER_ZOOM': -1, 'KEY_COLOR': '#00FF00', 'OUTPUT_DIR': './', 'REPORT_DIR': 'Reports', 'SCHEMATIC_DIR': 'Schematic', 'MANUFACTURING_DIR': 'Manufacturing', 'ASSEMBLY_DIR': '@MANUFACTURING_DIR@/Assembly', 'FABRICATION_DIR': '@MANUFACTURING_DIR@/Fabrication', 'GERBERS_DIR': '@FABRICATION_DIR@/Gerbers', 'FAB_DRILL_TABLES_DIR': '@FABRICATION_DIR@/Drill Tables', 'TESTING_DIR': 'Testing', 'TESTPOINTS_DIR': '@TESTING_DIR@/Testpoints', 'IMAGES_DIR': 'Images', '3D_DIR': '3D', 'RESOURCES_DIR': 'kibot_resources', 'REPORT_TEMPLATE_DIR': '@RESOURCES_DIR@/templates', 'SCRIPTS_DIR': '@RESOURCES_DIR@/scripts', 'LAYER_TITLE_PAGE': 'TitlePage', 'LAYER_DNP_TOP': 'F.DNP', 'LAYER_DNP_BOTTOM': 'B.DNP', 'LAYER_DRILL_MAP': 'DrillMap', 'LAYER_TP_LIST_TOP': 'F.TestPointList', 'LAYER_TP_LIST_BOTTOM': 'B.TestPointList', 'LAYER_ASSEMBLY_TEXT_TOP': 'F.AssemblyText', 'LAYER_ASSEMBLY_TEXT_BOTTOM': 'B.AssemblyText', 'LAYER_DNP_CROSS_TOP': 'F.DNP', 'LAYER_DNP_CROSS_BOTTOM': 'B.DNP', 'FILT_FIELD_RENAME': 'field_rename', 'FILT_TP_ONLY': 'only_testpoints', 'FILT_TP_EXCLUDE': 'exclude_testpoints', 'FILT_TP_TOP_ONLY': 'only_testpoints_top', 'FILT_TP_BOTTOM_ONLY': 'only_testpoints_bottom', 'SCH_VARIANT_OUTPUT': 'value_split', 'NETLIST_OUTPUT': 'netlist', 'GERBER_OUTPUT': 'gbr_gerbers', 'ODB_OUTPUT': 'zip_odb', 'EXCELLON_DRILL_OUTPUT': 'drl_excellon', 'PDF_DRILL_MAP_OUTPUT': 'pdf_drill_map', 'DXF_DRILL_MAP_OUTPUT': 'dxf_drill_map', 'CSV_DRILL_TABLE_OUTPUT': 'csv_drill_table', 'CSV_POS_OUTPUT': 'csv_position', 'CSV_TP_OUTPUT': 'csv_testpoints', 'CSV_TP_TOP_OUTPUT': 'csv_testpoints_top', 'CSV_TP_BOTTOM_OUTPUT': 'csv_testpoints_bottom', 'CSV_BOM_OUTPUT': 'csv_bom', 'XLSX_BOM_OUTPUT': 'xlsx_bom', 'HTML_IBOM_OUTPUT': 'html_bom_interactive', 'HTML_BOM_OUTPUT': 'html_bom', 'CSV_COMP_COUNT_OUPUT': 'csv_comp_count', 'CSV_IMPEDANCE_TABLE_OUTPUT': 'csv_impedance_table', 'TXT_FAB_NOTES_OUTPUT': 'txt_fabrication_notes', 'TXT_ASSEMBLY_NOTES_OUTPUT': 'txt_assembly_notes', 'PNG_3D_VIEWER_TOP': 'png_3d_viewer_top', 'PNG_3D_VIEWER_BOTTOM': 'png_3d_viewer_bottom', 'PNG_3D_VIEWER_ANGLED_TOP': 'png_3d_viewer_angled_top', 'PNG_3D_VIEWER_ANGLED_BOTTOM': 'png_3d_viewer_angled_bottom', 'STEP_OUTPUT': 'step', 'BLENDER_OUTPUT': 'blender', 'PDF_SCHEMATIC_OUTPUT': 'pdf_schematic', 'PDF_FABRICATION_OUTPUT': 'pdf_fabrication', 'PDF_ASSEMBLY_OUTPUT': 'pdf_assembly', 'ZIP_COMPRESS_FAB_OUTPUT': 'zip_compress_fab', 'HTML_KICANVAS_OUTPUT': 'html_kicanvas', 'HTML_KIRI_OUTPUT': 'html_kiri', 'MD_README_OUTPUT': 'md_readme', 'HTML_NAV_RES_OUTPUT': 'html_navigate_results', 'NAME': 'html_navigate_results', 'COMMENT': 'Results webpage in HTML format', 'DIR': 'HTML', 'TITLE': 'LE_BMS_A_V2', 'LOGO_URL': 'https://github.com/nguyen-v/KDT_Hierarchical_KiBot'} (kibot - config_reader.py:662)
DEBUG:- Updated definitions: {'NAME': 'html_navigate_results', 'COMMENT': 'Results webpage in HTML format', 'DIR': 'HTML', 'TITLE': 'LE_BMS_A_V2', 'LOGO': 'Logos/dummy_logo.png', 'LOGO_URL': 'https://github.com/nguyen-v/KDT_Hierarchical_KiBot', 'PROJECT_NAME': 'LE_V2', 'BOARD_NAME': 'LE_BMS_A_V2', 'COMPANY': 'Company Name', 'DESIGNER': 'Author', 'GIT_URL': 'https://github.com/nguyen-v/KDT_Hierarchical_KiBot', 'CHECK_ZONE_FILLS': False, 'STACKUP_TABLE_NOTE': 'external layer thicknesses are specified after plating', 'MPN_FIELD': 'Manufacturer Part Number', 'MAN_FIELD': 'Manufacturer', 'GROUP_ROUND_SLOTS': True, 'GROUP_PTH_NPTH': 'no', 'GROUP_PTH_NPTH_DRL': False, 'PLOT_REFS': True, 'COLOR_THEME': 'Altium_Theme', 'SHEET_WKS': '${KIPRJMOD}/Templates/KDT_Template_PCB_GIT_A4.kicad_wks', 'FAB_SCALING': 1, 'ASSEMBLY_SCALING': 1, 'EXCLUDE_REFS': '[MB*]', '3D_VIEWER_ROT_X': 2, '3D_VIEWER_ROT_Y': -1, '3D_VIEWER_ROT_Z': 1, '3D_VIEWER_ZOOM': -1, 'KEY_COLOR': '#00FF00', 'OUTPUT_DIR': './', 'REPORT_DIR': 'Reports', 'SCHEMATIC_DIR': 'Schematic', 'MANUFACTURING_DIR': 'Manufacturing', 'ASSEMBLY_DIR': '@MANUFACTURING_DIR@/Assembly', 'FABRICATION_DIR': '@MANUFACTURING_DIR@/Fabrication', 'GERBERS_DIR': '@FABRICATION_DIR@/Gerbers', 'FAB_DRILL_TABLES_DIR': '@FABRICATION_DIR@/Drill Tables', 'TESTING_DIR': 'Testing', 'TESTPOINTS_DIR': '@TESTING_DIR@/Testpoints', 'IMAGES_DIR': 'Images', '3D_DIR': '3D', 'RESOURCES_DIR': 'kibot_resources', 'REPORT_TEMPLATE_DIR': '@RESOURCES_DIR@/templates', 'SCRIPTS_DIR': '@RESOURCES_DIR@/scripts', 'LAYER_TITLE_PAGE': 'TitlePage', 'LAYER_DNP_TOP': 'F.DNP', 'LAYER_DNP_BOTTOM': 'B.DNP', 'LAYER_DRILL_MAP': 'DrillMap', 'LAYER_TP_LIST_TOP': 'F.TestPointList', 'LAYER_TP_LIST_BOTTOM': 'B.TestPointList', 'LAYER_ASSEMBLY_TEXT_TOP': 'F.AssemblyText', 'LAYER_ASSEMBLY_TEXT_BOTTOM': 'B.AssemblyText', 'LAYER_DNP_CROSS_TOP': 'F.DNP', 'LAYER_DNP_CROSS_BOTTOM': 'B.DNP', 'FILT_FIELD_RENAME': 'field_rename', 'FILT_TP_ONLY': 'only_testpoints', 'FILT_TP_EXCLUDE': 'exclude_testpoints', 'FILT_TP_TOP_ONLY': 'only_testpoints_top', 'FILT_TP_BOTTOM_ONLY': 'only_testpoints_bottom', 'SCH_VARIANT_OUTPUT': 'value_split', 'NETLIST_OUTPUT': 'netlist', 'GERBER_OUTPUT': 'gbr_gerbers', 'ODB_OUTPUT': 'zip_odb', 'EXCELLON_DRILL_OUTPUT': 'drl_excellon', 'PDF_DRILL_MAP_OUTPUT': 'pdf_drill_map', 'DXF_DRILL_MAP_OUTPUT': 'dxf_drill_map', 'CSV_DRILL_TABLE_OUTPUT': 'csv_drill_table', 'CSV_POS_OUTPUT': 'csv_position', 'CSV_TP_OUTPUT': 'csv_testpoints', 'CSV_TP_TOP_OUTPUT': 'csv_testpoints_top', 'CSV_TP_BOTTOM_OUTPUT': 'csv_testpoints_bottom', 'CSV_BOM_OUTPUT': 'csv_bom', 'XLSX_BOM_OUTPUT': 'xlsx_bom', 'HTML_IBOM_OUTPUT': 'html_bom_interactive', 'HTML_BOM_OUTPUT': 'html_bom', 'CSV_COMP_COUNT_OUPUT': 'csv_comp_count', 'CSV_IMPEDANCE_TABLE_OUTPUT': 'csv_impedance_table', 'TXT_FAB_NOTES_OUTPUT': 'txt_fabrication_notes', 'TXT_ASSEMBLY_NOTES_OUTPUT': 'txt_assembly_notes', 'PNG_3D_VIEWER_TOP': 'png_3d_viewer_top', 'PNG_3D_VIEWER_BOTTOM': 'png_3d_viewer_bottom', 'PNG_3D_VIEWER_ANGLED_TOP': 'png_3d_viewer_angled_top', 'PNG_3D_VIEWER_ANGLED_BOTTOM': 'png_3d_viewer_angled_bottom', 'STEP_OUTPUT': 'step', 'BLENDER_OUTPUT': 'blender', 'PDF_SCHEMATIC_OUTPUT': 'pdf_schematic', 'PDF_FABRICATION_OUTPUT': 'pdf_fabrication', 'PDF_ASSEMBLY_OUTPUT': 'pdf_assembly', 'ZIP_COMPRESS_FAB_OUTPUT': 'zip_compress_fab', 'HTML_KICANVAS_OUTPUT': 'html_kicanvas', 'HTML_KIRI_OUTPUT': 'html_kiri', 'MD_README_OUTPUT': 'md_readme', 'HTML_NAV_RES_OUTPUT': 'html_navigate_results'} (kibot - config_reader.py:665)
DEBUG:Applying preprocessor definitions (kibot - config_reader.py:670)
DEBUG:- Applying CLI definitions: {} (kibot - config_reader.py:677)
DEBUG:- Applying collected definitions: {'NAME': 'html_navigate_results', 'COMMENT': 'Results webpage in HTML format', 'DIR': 'HTML', 'TITLE': 'LE_BMS_A_V2', 'LOGO': 'Logos/dummy_logo.png', 'LOGO_URL': 'https://github.com/nguyen-v/KDT_Hierarchical_KiBot', 'PROJECT_NAME': 'LE_V2', 'BOARD_NAME': 'LE_BMS_A_V2', 'COMPANY': 'Company Name', 'DESIGNER': 'Author', 'GIT_URL': 'https://github.com/nguyen-v/KDT_Hierarchical_KiBot', 'CHECK_ZONE_FILLS': False, 'STACKUP_TABLE_NOTE': 'external layer thicknesses are specified after plating', 'MPN_FIELD': 'Manufacturer Part Number', 'MAN_FIELD': 'Manufacturer', 'GROUP_ROUND_SLOTS': True, 'GROUP_PTH_NPTH': 'no', 'GROUP_PTH_NPTH_DRL': False, 'PLOT_REFS': True, 'COLOR_THEME': 'Altium_Theme', 'SHEET_WKS': '${KIPRJMOD}/Templates/KDT_Template_PCB_GIT_A4.kicad_wks', 'FAB_SCALING': 1, 'ASSEMBLY_SCALING': 1, 'EXCLUDE_REFS': '[MB*]', '3D_VIEWER_ROT_X': 2, '3D_VIEWER_ROT_Y': -1, '3D_VIEWER_ROT_Z': 1, '3D_VIEWER_ZOOM': -1, 'KEY_COLOR': '#00FF00', 'OUTPUT_DIR': './', 'REPORT_DIR': 'Reports', 'SCHEMATIC_DIR': 'Schematic', 'MANUFACTURING_DIR': 'Manufacturing', 'ASSEMBLY_DIR': '@MANUFACTURING_DIR@/Assembly', 'FABRICATION_DIR': '@MANUFACTURING_DIR@/Fabrication', 'GERBERS_DIR': '@FABRICATION_DIR@/Gerbers', 'FAB_DRILL_TABLES_DIR': '@FABRICATION_DIR@/Drill Tables', 'TESTING_DIR': 'Testing', 'TESTPOINTS_DIR': '@TESTING_DIR@/Testpoints', 'IMAGES_DIR': 'Images', '3D_DIR': '3D', 'RESOURCES_DIR': 'kibot_resources', 'REPORT_TEMPLATE_DIR': '@RESOURCES_DIR@/templates', 'SCRIPTS_DIR': '@RESOURCES_DIR@/scripts', 'LAYER_TITLE_PAGE': 'TitlePage', 'LAYER_DNP_TOP': 'F.DNP', 'LAYER_DNP_BOTTOM': 'B.DNP', 'LAYER_DRILL_MAP': 'DrillMap', 'LAYER_TP_LIST_TOP': 'F.TestPointList', 'LAYER_TP_LIST_BOTTOM': 'B.TestPointList', 'LAYER_ASSEMBLY_TEXT_TOP': 'F.AssemblyText', 'LAYER_ASSEMBLY_TEXT_BOTTOM': 'B.AssemblyText', 'LAYER_DNP_CROSS_TOP': 'F.DNP', 'LAYER_DNP_CROSS_BOTTOM': 'B.DNP', 'FILT_FIELD_RENAME': 'field_rename', 'FILT_TP_ONLY': 'only_testpoints', 'FILT_TP_EXCLUDE': 'exclude_testpoints', 'FILT_TP_TOP_ONLY': 'only_testpoints_top', 'FILT_TP_BOTTOM_ONLY': 'only_testpoints_bottom', 'SCH_VARIANT_OUTPUT': 'value_split', 'NETLIST_OUTPUT': 'netlist', 'GERBER_OUTPUT': 'gbr_gerbers', 'ODB_OUTPUT': 'zip_odb', 'EXCELLON_DRILL_OUTPUT': 'drl_excellon', 'PDF_DRILL_MAP_OUTPUT': 'pdf_drill_map', 'DXF_DRILL_MAP_OUTPUT': 'dxf_drill_map', 'CSV_DRILL_TABLE_OUTPUT': 'csv_drill_table', 'CSV_POS_OUTPUT': 'csv_position', 'CSV_TP_OUTPUT': 'csv_testpoints', 'CSV_TP_TOP_OUTPUT': 'csv_testpoints_top', 'CSV_TP_BOTTOM_OUTPUT': 'csv_testpoints_bottom', 'CSV_BOM_OUTPUT': 'csv_bom', 'XLSX_BOM_OUTPUT': 'xlsx_bom', 'HTML_IBOM_OUTPUT': 'html_bom_interactive', 'HTML_BOM_OUTPUT': 'html_bom', 'CSV_COMP_COUNT_OUPUT': 'csv_comp_count', 'CSV_IMPEDANCE_TABLE_OUTPUT': 'csv_impedance_table', 'TXT_FAB_NOTES_OUTPUT': 'txt_fabrication_notes', 'TXT_ASSEMBLY_NOTES_OUTPUT': 'txt_assembly_notes', 'PNG_3D_VIEWER_TOP': 'png_3d_viewer_top', 'PNG_3D_VIEWER_BOTTOM': 'png_3d_viewer_bottom', 'PNG_3D_VIEWER_ANGLED_TOP': 'png_3d_viewer_angled_top', 'PNG_3D_VIEWER_ANGLED_BOTTOM': 'png_3d_viewer_angled_bottom', 'STEP_OUTPUT': 'step', 'BLENDER_OUTPUT': 'blender', 'PDF_SCHEMATIC_OUTPUT': 'pdf_schematic', 'PDF_FABRICATION_OUTPUT': 'pdf_fabrication', 'PDF_ASSEMBLY_OUTPUT': 'pdf_assembly', 'ZIP_COMPRESS_FAB_OUTPUT': 'zip_compress_fab', 'HTML_KICANVAS_OUTPUT': 'html_kicanvas', 'HTML_KIRI_OUTPUT': 'html_kiri', 'MD_README_OUTPUT': 'md_readme', 'HTML_NAV_RES_OUTPUT': 'html_navigate_results'} (kibot - config_reader.py:680)
DEBUG:- Replacing @NAME@ -> html_navigate_results (<class 'str'>) (kibot - config_reader.py:78)
DEBUG:- Replacing @COMMENT@ -> Results webpage in HTML format (<class 'str'>) (kibot - config_reader.py:78)
DEBUG:- Replacing @DIR@ -> HTML (<class 'str'>) (kibot - config_reader.py:78)
DEBUG:- Replacing @TITLE@ -> LE_BMS_A_V2 (<class 'str'>) (kibot - config_reader.py:78)
DEBUG:- Replacing @LOGO@ -> Logos/dummy_logo.png (<class 'str'>) (kibot - config_reader.py:78)
DEBUG:- Replacing @LOGO_URL@ -> https://github.com/nguyen-v/KDT_Hierarchical_KiBot (<class 'str'>) (kibot - config_reader.py:78)
DEBUG:- Applying CLI definitions: {} (kibot - config_reader.py:677)
DEBUG:- Applying collected definitions: {'NAME': 'html_navigate_results', 'COMMENT': 'Results webpage in HTML format', 'DIR': 'HTML', 'TITLE': 'LE_BMS_A_V2', 'LOGO': 'Logos/dummy_logo.png', 'LOGO_URL': 'https://github.com/nguyen-v/KDT_Hierarchical_KiBot', 'PROJECT_NAME': 'LE_V2', 'BOARD_NAME': 'LE_BMS_A_V2', 'COMPANY': 'Company Name', 'DESIGNER': 'Author', 'GIT_URL': 'https://github.com/nguyen-v/KDT_Hierarchical_KiBot', 'CHECK_ZONE_FILLS': False, 'STACKUP_TABLE_NOTE': 'external layer thicknesses are specified after plating', 'MPN_FIELD': 'Manufacturer Part Number', 'MAN_FIELD': 'Manufacturer', 'GROUP_ROUND_SLOTS': True, 'GROUP_PTH_NPTH': 'no', 'GROUP_PTH_NPTH_DRL': False, 'PLOT_REFS': True, 'COLOR_THEME': 'Altium_Theme', 'SHEET_WKS': '${KIPRJMOD}/Templates/KDT_Template_PCB_GIT_A4.kicad_wks', 'FAB_SCALING': 1, 'ASSEMBLY_SCALING': 1, 'EXCLUDE_REFS': '[MB*]', '3D_VIEWER_ROT_X': 2, '3D_VIEWER_ROT_Y': -1, '3D_VIEWER_ROT_Z': 1, '3D_VIEWER_ZOOM': -1, 'KEY_COLOR': '#00FF00', 'OUTPUT_DIR': './', 'REPORT_DIR': 'Reports', 'SCHEMATIC_DIR': 'Schematic', 'MANUFACTURING_DIR': 'Manufacturing', 'ASSEMBLY_DIR': '@MANUFACTURING_DIR@/Assembly', 'FABRICATION_DIR': '@MANUFACTURING_DIR@/Fabrication', 'GERBERS_DIR': '@FABRICATION_DIR@/Gerbers', 'FAB_DRILL_TABLES_DIR': '@FABRICATION_DIR@/Drill Tables', 'TESTING_DIR': 'Testing', 'TESTPOINTS_DIR': '@TESTING_DIR@/Testpoints', 'IMAGES_DIR': 'Images', '3D_DIR': '3D', 'RESOURCES_DIR': 'kibot_resources', 'REPORT_TEMPLATE_DIR': '@RESOURCES_DIR@/templates', 'SCRIPTS_DIR': '@RESOURCES_DIR@/scripts', 'LAYER_TITLE_PAGE': 'TitlePage', 'LAYER_DNP_TOP': 'F.DNP', 'LAYER_DNP_BOTTOM': 'B.DNP', 'LAYER_DRILL_MAP': 'DrillMap', 'LAYER_TP_LIST_TOP': 'F.TestPointList', 'LAYER_TP_LIST_BOTTOM': 'B.TestPointList', 'LAYER_ASSEMBLY_TEXT_TOP': 'F.AssemblyText', 'LAYER_ASSEMBLY_TEXT_BOTTOM': 'B.AssemblyText', 'LAYER_DNP_CROSS_TOP': 'F.DNP', 'LAYER_DNP_CROSS_BOTTOM': 'B.DNP', 'FILT_FIELD_RENAME': 'field_rename', 'FILT_TP_ONLY': 'only_testpoints', 'FILT_TP_EXCLUDE': 'exclude_testpoints', 'FILT_TP_TOP_ONLY': 'only_testpoints_top', 'FILT_TP_BOTTOM_ONLY': 'only_testpoints_bottom', 'SCH_VARIANT_OUTPUT': 'value_split', 'NETLIST_OUTPUT': 'netlist', 'GERBER_OUTPUT': 'gbr_gerbers', 'ODB_OUTPUT': 'zip_odb', 'EXCELLON_DRILL_OUTPUT': 'drl_excellon', 'PDF_DRILL_MAP_OUTPUT': 'pdf_drill_map', 'DXF_DRILL_MAP_OUTPUT': 'dxf_drill_map', 'CSV_DRILL_TABLE_OUTPUT': 'csv_drill_table', 'CSV_POS_OUTPUT': 'csv_position', 'CSV_TP_OUTPUT': 'csv_testpoints', 'CSV_TP_TOP_OUTPUT': 'csv_testpoints_top', 'CSV_TP_BOTTOM_OUTPUT': 'csv_testpoints_bottom', 'CSV_BOM_OUTPUT': 'csv_bom', 'XLSX_BOM_OUTPUT': 'xlsx_bom', 'HTML_IBOM_OUTPUT': 'html_bom_interactive', 'HTML_BOM_OUTPUT': 'html_bom', 'CSV_COMP_COUNT_OUPUT': 'csv_comp_count', 'CSV_IMPEDANCE_TABLE_OUTPUT': 'csv_impedance_table', 'TXT_FAB_NOTES_OUTPUT': 'txt_fabrication_notes', 'TXT_ASSEMBLY_NOTES_OUTPUT': 'txt_assembly_notes', 'PNG_3D_VIEWER_TOP': 'png_3d_viewer_top', 'PNG_3D_VIEWER_BOTTOM': 'png_3d_viewer_bottom', 'PNG_3D_VIEWER_ANGLED_TOP': 'png_3d_viewer_angled_top', 'PNG_3D_VIEWER_ANGLED_BOTTOM': 'png_3d_viewer_angled_bottom', 'STEP_OUTPUT': 'step', 'BLENDER_OUTPUT': 'blender', 'PDF_SCHEMATIC_OUTPUT': 'pdf_schematic', 'PDF_FABRICATION_OUTPUT': 'pdf_fabrication', 'PDF_ASSEMBLY_OUTPUT': 'pdf_assembly', 'ZIP_COMPRESS_FAB_OUTPUT': 'zip_compress_fab', 'HTML_KICANVAS_OUTPUT': 'html_kicanvas', 'HTML_KIRI_OUTPUT': 'html_kiri', 'MD_README_OUTPUT': 'md_readme', 'HTML_NAV_RES_OUTPUT': 'html_navigate_results'} (kibot - config_reader.py:680)
DEBUG:YAML after expanding definitions:
# KiBot output for generating an HTML page for navigating the results
# https://kibot.readthedocs.io/en/latest/configuration/outputs/navigate_results_rb.html

kibot:
  version: 1

outputs:
- name: html_navigate_results
  comment: 'Results webpage in HTML format'
  type: navigate_results_rb
  # category: 'HTML'
  dir: 'HTML'
  options:
    link_from_root: 'index.html'
    logo: 'Logos/dummy_logo.png'
    logo_force_height: 40
    logo_url: 'https://github.com/nguyen-v/KDT_Hierarchical_KiBot'
    nav_bar: true
    render_markdown: true
    display_category_images: false
    display_kibot_version: false
    title: 'LE_BMS_A_V2'
    title_url: 'https://github.com/nguyen-v/KDT_Hierarchical_KiBot'

 (kibot - config_reader.py:686)
DEBUG:Pre-parsing output options for `html_navigate_results` (navigate_results_rb) (kibot - config_reader.py:169)
DEBUG:Outputs loaded from `kibot_yaml/kibot_out_navigate_results.yaml`: ['html_navigate_results'] (kibot - config_reader.py:361)
DEBUG:Configuring variants (kibot - config_reader.py:493)
WARNING:(W178) `update_xml` preflight redefined. Want to use `merge_pre`? (kibot.pre_base - pre_base.py:97)
DEBUG:Adding groups: {} (kibot - registrable.py:268)
DEBUG:Parsing global options: {} (kibot - config_reader.py:301)
DEBUG:Global options + imported: {'out_dir': './', 'dnp_cross_top_layer': 'F.DNP', 'dnp_cross_bottom_layer': 'B.DNP', 'disable_kicad_cross_on_fab': True, 'extra_pth_drill': 0, 'filters': [{'number': 9}, {'number': 10}, {'number': 20}, {'number': 44}, {'number': 62}, {'number': 98}, {'number': 133}, {'number': 143}, {'number': 147}, {'number': 168}, {'number': 172}, {'number': 1008}]} (kibot - config_reader.py:310)
DEBUG:Looking for stack-up information in the PCB (kibot.globals - globals.py:515)
DEBUG:- Found stack-up information (kibot.globals - globals.py:531)
DEBUG:- F.SilkS color: Yellow (kibot.globals - globals.py:486)
DEBUG:- F.Mask color: Black (kibot.globals - globals.py:494)
DEBUG:- B.Mask color: Black (kibot.globals - globals.py:498)
DEBUG:- B.SilkS color: Yellow (kibot.globals - globals.py:490)
DEBUG:- Copper finish: Immersion gold (kibot.globals - globals.py:546)
DEBUG:- Impedance controlled: yes (kibot.globals - globals.py:558)
DEBUG:- PCB Material/s: FR4_7628 / FR4 (kibot.globals - globals.py:567)
DEBUG:- Copper thickness: 70 / 35 (kibot.globals - globals.py:569)
DEBUG:Configuring from default: aliases_for_3d_models -> [] (kibot - optionable.py:377)
DEBUG:Configuring from default: extra_os -> [] (kibot - optionable.py:377)
DEBUG:Configuring from default: environment -> <kibot.globals.Environment object at 0x7f56b8a74440> (kibot - optionable.py:377)
DEBUG:Configuring from default: field_tolerance -> ['tolerance', 'tol'] (kibot - optionable.py:613)
DEBUG:Configuring from default: field_voltage -> ['voltage', 'v'] (kibot - optionable.py:613)
DEBUG:Configuring from default: field_package -> ['package', 'pkg'] (kibot - optionable.py:613)
DEBUG:Configuring from default: field_temp_coef -> ['temp_coef', 'tmp_coef'] (kibot - optionable.py:613)
DEBUG:Configuring from default: field_power -> ['power', 'pow'] (kibot - optionable.py:613)
DEBUG:Configuring from default: field_current -> ['current', 'i'] (kibot - optionable.py:613)
DEBUG:Configuring from default: layer_defaults -> [] (kibot - optionable.py:377)
DEBUG:Adding KiBot warnings filter '','9','' (kibot.pre_filters - pre_filters.py:84)
DEBUG:Adding KiBot warnings filter '','10','' (kibot.pre_filters - pre_filters.py:84)
DEBUG:Adding KiBot warnings filter '','20','' (kibot.pre_filters - pre_filters.py:84)
DEBUG:Adding KiBot warnings filter '','44','' (kibot.pre_filters - pre_filters.py:84)
DEBUG:Adding KiBot warnings filter '','62','' (kibot.pre_filters - pre_filters.py:84)
DEBUG:Adding KiBot warnings filter '','98','' (kibot.pre_filters - pre_filters.py:84)
DEBUG:Adding KiBot warnings filter '','133','' (kibot.pre_filters - pre_filters.py:84)
DEBUG:Adding KiBot warnings filter '','143','' (kibot.pre_filters - pre_filters.py:84)
DEBUG:Adding KiBot warnings filter '','147','' (kibot.pre_filters - pre_filters.py:84)
DEBUG:Adding KiBot warnings filter '','168','' (kibot.pre_filters - pre_filters.py:84)
DEBUG:Adding KiBot warnings filter '','172','' (kibot.pre_filters - pre_filters.py:84)
DEBUG:Adding KiBot warnings filter '','1008','' (kibot.pre_filters - pre_filters.py:84)
Using command line value `CHECKED` for global option `variant`
DEBUG:Parsing variant `DRAFT` (kibom) (kibot - config_reader.py:252)
DEBUG:Parsing variant `PRELIMINARY` (kibom) (kibot - config_reader.py:252)
DEBUG:Parsing variant `CHECKED` (kibom) (kibot - config_reader.py:252)
DEBUG:Parsing variant `RELEASED` (kibom) (kibot - config_reader.py:252)
DEBUG:Configuring variants (kibot - config_reader.py:493)
DEBUG:Configuring from default: pre_transform -> _null (kibot - optionable.py:377)
DEBUG:Configuring from default: dnf_filter -> ['_kibom_dnf_CONFIG_FIELD'] (kibot - optionable.py:377)
DEBUG:Configuring from default: dnc_filter -> ['_kibom_dnc_CONFIG_FIELD'] (kibot - optionable.py:377)
DEBUG:Configuring from default: sub_pcbs -> [] (kibot - optionable.py:377)
DEBUG:Creating internal filter: {'name': '_kibom_dnf_Config', 'type': 'generic', 'comment': 'Internal KiBoM DNF filter (Config)', 'config_field': 'Config', 'exclude_value': True, 'exclude_config': True, 'keys': 'dnf_list'} (kibot - fil_base.py:283)
DEBUG:Configuring from default: include_only -> [] (kibot - optionable.py:377)
DEBUG:Configuring from default: exclude_any -> [] (kibot - optionable.py:377)
DEBUG:Configuring from default: exclude_refs -> [] (kibot - optionable.py:377)
DEBUG:Creating internal filter: {'name': '_kibom_dnc_Config', 'type': 'generic', 'comment': 'Internal KiBoM DNC filter (Config)', 'config_field': 'Config', 'exclude_value': True, 'exclude_config': True, 'keys': 'dnc_list', 'invert': True} (kibot - fil_base.py:283)
DEBUG:Configuring from default: include_only -> [] (kibot - optionable.py:377)
DEBUG:Configuring from default: exclude_any -> [] (kibot - optionable.py:377)
DEBUG:Configuring from default: exclude_refs -> [] (kibot - optionable.py:377)
DEBUG:Configuring from default: pre_transform -> _null (kibot - optionable.py:377)
DEBUG:Configuring from default: dnf_filter -> ['_kibom_dnf_CONFIG_FIELD'] (kibot - optionable.py:377)
DEBUG:Configuring from default: dnc_filter -> ['_kibom_dnc_CONFIG_FIELD'] (kibot - optionable.py:377)
DEBUG:Configuring from default: sub_pcbs -> [] (kibot - optionable.py:377)
DEBUG:Configuring from default: pre_transform -> _null (kibot - optionable.py:377)
DEBUG:Configuring from default: dnf_filter -> ['_kibom_dnf_CONFIG_FIELD'] (kibot - optionable.py:377)
DEBUG:Configuring from default: dnc_filter -> ['_kibom_dnc_CONFIG_FIELD'] (kibot - optionable.py:377)
DEBUG:Configuring from default: sub_pcbs -> [] (kibot - optionable.py:377)
DEBUG:Configuring from default: pre_transform -> _null (kibot - optionable.py:377)
DEBUG:Configuring from default: dnf_filter -> ['_kibom_dnf_CONFIG_FIELD'] (kibot - optionable.py:377)
DEBUG:Configuring from default: dnc_filter -> ['_kibom_dnc_CONFIG_FIELD'] (kibot - optionable.py:377)
DEBUG:Configuring from default: sub_pcbs -> [] (kibot - optionable.py:377)
DEBUG:Adding groups: {'all_group': ['netlist', 'bom', '3d', 'fab', 'assembly', 'pdf_schematic', 'md_readme', 'html_kiri', 'html_navigate_results'], 'all_group_k9': ['netlist', 'bom', '3d', 'fab_k9', 'assembly', 'pdf_schematic', 'md_readme', 'html_kiri', 'html_navigate_results'], 'draft_group': ['netlist', 'pdf_schematic', 'csv_bom', 'html_bom'], 'fab': ['tables', 'gbr_gerbers', 'drl_excellon', 'pdf_drill_map', 'pdf_fabrication', 'zip_compress_fab'], 'fab_k9': ['tables', 'gbr_gerbers', 'zip_odb', 'drl_excellon', 'pdf_drill_map', 'pdf_fabrication', 'zip_compress_fab'], 'assembly': ['3d_render', 'csv_position', 'pdf_assembly'], '3d_render': ['png_3d_viewer_top', 'png_3d_viewer_bottom', 'png_3d_viewer_angled_top', 'png_3d_viewer_angled_bottom'], 'bom': ['csv_bom', 'html_bom_interactive', 'html_bom'], 'tables': ['csv_comp_count', 'csv_impedance_table', 'csv_drill_table', 'testpoints', 'notes'], 'testpoints': ['csv_testpoints', 'csv_testpoints_top', 'csv_testpoints_bottom'], 'notes': ['txt_fabrication_notes', 'txt_assembly_notes'], '3d': ['step']} (kibot - registrable.py:268)
Installing font Arial_Bold_Italic.ttf
Installing font Times New Roman Bold.ttf
Installing font Arial.ttf
Installing font Times New Roman Italic.ttf
Installing font Times New Roman.ttf
Installing font Arial_Italic.ttf
Installing font Arial_Bold.ttf
Installing font Times New Roman Bold Italic.ttf
DEBUG:- Executing: fc-cache (kibot - kiplot.py:161)
Installing color Altium_Theme.json
DEBUG:Starting outputs for board /github/workspace/LE_BMS_A_V2.kicad_pcb (kibot - kiplot.py:744)
DEBUG:Outputs before groups expansion: ['notes'] (kibot - kiplot.py:763)
DEBUG:Outputs after groups expansion: ['txt_fabrication_notes', 'txt_assembly_notes'] (kibot - kiplot.py:768)
DEBUG:Skipping `netlist` output (kibot - kiplot.py:789)
DEBUG:Skipping `gbr_gerbers` output (kibot - kiplot.py:789)
DEBUG:Skipping `zip_odb` output (kibot - kiplot.py:789)
DEBUG:Skipping `drl_excellon` output (kibot - kiplot.py:789)
DEBUG:Skipping `pdf_drill_map` output (kibot - kiplot.py:789)
DEBUG:Skipping `csv_drill_table` output (kibot - kiplot.py:789)
DEBUG:Skipping `csv_position` output (kibot - kiplot.py:789)
DEBUG:Skipping `csv_testpoints` output (kibot - kiplot.py:789)
DEBUG:Skipping `csv_testpoints_top` output (kibot - kiplot.py:789)
DEBUG:Skipping `csv_testpoints_bottom` output (kibot - kiplot.py:789)
DEBUG:Skipping `csv_bom` output (kibot - kiplot.py:789)
DEBUG:Skipping `html_bom` output (kibot - kiplot.py:789)
DEBUG:Skipping `xlsx_bom` output (kibot - kiplot.py:789)
DEBUG:Skipping `html_bom_interactive` output (kibot - kiplot.py:789)
DEBUG:Skipping `csv_comp_count` output (kibot - kiplot.py:789)
DEBUG:Skipping `csv_impedance_table` output (kibot - kiplot.py:789)
DEBUG:Skipping `png_3d_viewer_top` output (kibot - kiplot.py:789)
DEBUG:Skipping `png_3d_viewer_bottom` output (kibot - kiplot.py:789)
DEBUG:Skipping `png_3d_viewer_angled_top` output (kibot - kiplot.py:789)
DEBUG:Skipping `png_3d_viewer_angled_bottom` output (kibot - kiplot.py:789)
DEBUG:Skipping `step` output (kibot - kiplot.py:789)
DEBUG:Skipping `pdf_schematic` output (kibot - kiplot.py:789)
DEBUG:Skipping `pdf_fabrication` output (kibot - kiplot.py:789)
DEBUG:Skipping `pdf_assembly` output (kibot - kiplot.py:789)
DEBUG:Skipping `zip_compress_fab` output (kibot - kiplot.py:789)
DEBUG:Skipping `html_kicanvas` output (kibot - kiplot.py:789)
DEBUG:Skipping `html_kiri` output (kibot - kiplot.py:789)
DEBUG:Skipping `md_readme` output (kibot - kiplot.py:789)
DEBUG:Skipping `html_navigate_results` output (kibot - kiplot.py:789)
DEBUG:Outputs before preflights: ['txt_fabrication_notes', 'txt_assembly_notes'] (kibot - kiplot.py:791)
DEBUG:Preflight checks (kibot - kiplot.py:618)
DEBUG:Configuring preflight update_xml (kibot.pre_base - pre_base.py:145)
DEBUG:Configuring preflight set_text_variables (kibot.pre_base - pre_base.py:145)
DEBUG:Configuring preflight erc (kibot.pre_base - pre_base.py:145)
DEBUG:Using global `output`=`%f-%i%I%v.%x` (kibot - optionable.py:58)
DEBUG:Configuring from default: logo ->  (kibot - optionable.py:377)
DEBUG:Configuring from default: filters -> [] (kibot - optionable.py:377)
DEBUG:Configuring preflight check_zone_fills (kibot.pre_base - pre_base.py:145)
DEBUG:Configuring preflight drc (kibot.pre_base - pre_base.py:145)
DEBUG:Using global `output`=`%f-%i%I%v.%x` (kibot - optionable.py:58)
DEBUG:Configuring from default: logo ->  (kibot - optionable.py:377)
DEBUG:Configuring from default: filters -> [] (kibot - optionable.py:377)
DEBUG:Configuring preflight draw_fancy_stackup (kibot.pre_base - pre_base.py:145)
DEBUG:Board loaded (kibot - kiplot.py:282)
DEBUG:Skipping all preflight actions (kibot - kiplot.py:622)
DEBUG:Outputs after preflights: ['txt_fabrication_notes', 'txt_assembly_notes'] (kibot - kiplot.py:794)
DEBUG:Outputs after sorting: ['txt_fabrication_notes', 'txt_assembly_notes'] (kibot - kiplot.py:798)
DEBUG:Using global `output`=`%f-%i%I%v.%x` (kibot - optionable.py:58)
DEBUG:Using global `variant`=`CHECKED` (kibot - optionable.py:58)
DEBUG:Configuring from default: pre_transform -> _null (kibot - optionable.py:377)
DEBUG:Configuring from default: dnf_filter -> _null (kibot - optionable.py:377)
DEBUG:Creating internal filter: {'name': '_mechanical', 'type': 'generic', 'comment': 'Internal default mechanical filter', 'exclude_all_hash_ref': True, 'exclude_any': [{'column': 'References', 'regex': '^TP[0-9]*'}, {'column': 'References', 'regex': '^FID'}, {'column': 'Part', 'regex': '^mount.*hole'}, {'column': 'Part', 'regex': 'solder.*bridge'}, {'column': 'Part', 'regex': 'solder.*jump'}, {'column': 'Part', 'regex': 'test.*point'}, {'column': 'Footprint', 'regex': 'test.*point'}, {'column': 'Footprint', 'regex': '^mount.*hole'}, {'column': 'Footprint', 'regex': 'fiducial'}], 'exclude_virtual': True} (kibot - fil_base.py:264)
DEBUG:Configuring from default: include_only -> [] (kibot - optionable.py:377)
DEBUG:Configuring from default: keys -> ['dnf_list'] (kibot - optionable.py:377)
DEBUG:Configuring from default: exclude_refs -> [] (kibot - optionable.py:377)
DEBUG:Configuring from default: groups -> [] (kibot - optionable.py:377)
- 'Fabrication notes in TXT format' (txt_fabrication_notes) [report]
DEBUG:Expanding `/github/workspace/./Manufacturing/Fabrication` in PCB context for <kibot.out_report.ReportOptions object at 0x7f56b8a74ec0> parent: 'Fabrication notes in TXT format' (txt_fabrication_notes) [report] (kibot - optionable.py:508)
DEBUG:Current text variables: {'ASSEMBLY_NOTES': 'ASSEMBLY NOTES (UNLESS OTHERWISE SPECIFIED)\n\n1)\tDO NOT POPULATE PARTS ARE MARKED WITH A RED CROSS.\n\n2)\tDO NOT POPULATE PARTS ARE NOT PRESENT IN THE BOM.\n\n3)\tIF CONFLICTING INFORMATION IS FOUND BETWEEN THE ASSEMBLY\n\tFILE AND BOM, BOM SHOULD BE USED AS THE MAIN SOURCE.\n\n4)\tCONFORMAL COATING IS NOT REQUIRED.\n\n5)\tDOT IDENTIFIES PIN #1 LOCATION AND DEVICE ORIENTATION\n\tWHEN VIEWED FROM THE TOP.', 'BOARD_NAME': 'LE_BMS_A_V2', 'COMPANY': 'Company Name', 'DESIGNER': 'Author', 'FABRICATION_NOTES': 'FABRICATION NOTES (UNLESS OTHERWISE SPECIFIED)\n\n1)\tFABRICATE PER IPC-6012A CLASS 2.\n\n2)\tOUTLINE DEFINED IN SEPARATE GERBER FILE WITH\n\t"Edge_Cuts.GBR" SUFFIX.\n\n\tDIMENSIONS OF CIRCUMSIZED RECTANGLE SHOWN ON THIS\n\tDRAWING FOR REFERENCE ONLY.\n\n3)\tSEE SEPARATE DRILL FILES WITH ".DRL" SUFFIX \n\tFOR HOLE LOCATIONS.\n\n\tSELECTED HOLE LOCATIONS SHOWN ON THIS DRAWING \n\tFOR REFERENCE ONLY.\n\n4)\tSURFACE FINISH: IMMERSION GOLD\n\n5)\tSOLDERMASK ON BOTH SIDES OF THE BOARD SHALL \n\tBE LPI, COLOR BLACK.\n\n6)\tSILK SCREEN LEGEND TO BE APPLIED PER LAYER \n\tSTACKUP USING YELLOW NON-CONDUCTIVE EPOXY INK.\n\n7)\tALL VIAS ARE TENTED ON BOTH SIDES UNLESS \n\tSOLDERMASK OPENED IN GERBER.\n\n8)\tVENDOR SHOULD FOLLOW ROHS COMPLIANT PROCESS \n\tAND Pb FREE FOR MANUFACTURING\n\n9)\tPCB MATERIAL REQUIREMENTS:\n\n\tA.\tFLAMMABILITY RATING MUST MEET OR EXCEED \n\t\tUL94V-0 REQUIREMENTS.\n\tB.\tTg 170 C OR EQUIVALENT.\n\tC.\tEQUIVALENT MATERIAL SHALL BE RoHS COMPLIANT, \n\t\tHALOGEN FREE AND APPROVED BY COMPANY.\n\n10)\tDESIGN GEOMETRY MINIMUM FEATURE SIZES:\n\n\tBOARD SIZE\t\t\t\t80.000 × 80.000 mm\n\tBOARD THICKNESS\t\t1.660 mm\n\tTRACE WIDTH\t\t\t0.200 mm\n\tTRACE TO TRACE\t\t0.200 mm\n\tMIN. HOLE (PTH)\t\t\t0.200 mm\n\tMIN. HOLE (NPTH)\t\t0.650 mm\n\tANNULAR RING\t\t\t0.150 mm\n\tCOPPER TO HOLE\t\t0.254 mm\n\tCOPPER TO EDGE\t\t0.250 mm\n\tHOLE TO HOLE\t\t\t0.254 mm\n\n11)\tREFER TO IMPEDANCE TABLE FOR IMPEDANCE CONTROL REQUIREMENTS.\n\n12)\tCONFIRM SPACE WIDTHS AND SPACINGS.', 'GIT_HASH_PCB': 'ba5b21d', 'GIT_HASH_SCH': '5f6d398', 'GIT_URL': 'https://github.com/nguyen-v/KDT_Hierarchical_KiBot', 'PROJECT_NAME': 'LE_V2', 'RELEASE_BODY_1.0.0': '', 'RELEASE_BODY_1.0.1': '', 'RELEASE_BODY_1.0.2': '', 'RELEASE_BODY_1.1.0': '', 'RELEASE_BODY_UNRELEASED': 'Version Unreleased not found.', 'RELEASE_DATE': '18-May-2026', 'RELEASE_DATE_NUM': '2026-05-18', 'RELEASE_TITLE_1.0.0': '', 'RELEASE_TITLE_1.0.1': '', 'RELEASE_TITLE_1.0.2': '', 'RELEASE_TITLE_1.1.0': '', 'RELEASE_TITLE_UNRELEASED': 'Version Unreleased not found.', 'REVISION': '+ (Unreleased)', 'SHEET_NAME_1': 'Cover Page', 'SHEET_NAME_10': '......................................', 'SHEET_NAME_11': '......................................', 'SHEET_NAME_12': '......................................', 'SHEET_NAME_13': '......................................', 'SHEET_NAME_14': '......................................', 'SHEET_NAME_15': '......................................', 'SHEET_NAME_16': '......................................', 'SHEET_NAME_17': '......................................', 'SHEET_NAME_18': '......................................', 'SHEET_NAME_19': '......................................', 'SHEET_NAME_2': 'Block Diagram', 'SHEET_NAME_20': '......................................', 'SHEET_NAME_21': '......................................', 'SHEET_NAME_22': '......................................', 'SHEET_NAME_23': '......................................', 'SHEET_NAME_24': '......................................', 'SHEET_NAME_25': '......................................', 'SHEET_NAME_26': '......................................', 'SHEET_NAME_27': '......................................', 'SHEET_NAME_28': '......................................', 'SHEET_NAME_29': '......................................', 'SHEET_NAME_3': 'Project Architecture', 'SHEET_NAME_30': '......................................', 'SHEET_NAME_31': '......................................', 'SHEET_NAME_32': '......................................', 'SHEET_NAME_33': '......................................', 'SHEET_NAME_34': '......................................', 'SHEET_NAME_35': '......................................', 'SHEET_NAME_36': '......................................', 'SHEET_NAME_37': '......................................', 'SHEET_NAME_38': '......................................', 'SHEET_NAME_39': '......................................', 'SHEET_NAME_4': 'Section A - Title A', 'SHEET_NAME_40': '......................................', 'SHEET_NAME_5': 'Section B - Title B', 'SHEET_NAME_6': 'Power - Sequencing', 'SHEET_NAME_7': 'Revision History', 'SHEET_NAME_8': 'Section C - POWER', 'SHEET_NAME_9': '......................................', 'VARIANT': 'PRELIMINARY'} (kibot.gs - gs.py:296)
DEBUG:Expanded `/github/workspace/./Manufacturing/Fabrication` (kibot - optionable.py:554)
DEBUG:Output destination: /github/workspace/Manufacturing/Fabrication (kibot - kiplot.py:646)
DEBUG:Expanding `%f-%I%v.txt` in PCB context for <kibot.out_report.ReportOptions object at 0x7f56b8a74ec0> parent: 'Fabrication notes in TXT format' (txt_fabrication_notes) [report] (kibot - optionable.py:508)
DEBUG:Replacing KiCad text variables: ${REVISION} -> + (Unreleased) (kibot.gs - gs.py:558)
DEBUG:Replacing KiCad text variables: ${COMPANY} -> Company Name (kibot.gs - gs.py:558)
DEBUG:PCB title: `LE_BMS_A_V2` (kibot.gs - gs.py:579)
DEBUG:PCB date: `2024-04-13` (kibot.gs - gs.py:580)
DEBUG:PCB revision: `+ (Unreleased)` (kibot.gs - gs.py:581)
DEBUG:PCB company: `Company Name` (kibot.gs - gs.py:582)
DEBUG:PCB comment 1: `` (kibot.gs - gs.py:584)
DEBUG:PCB comment 2: `` (kibot.gs - gs.py:584)
DEBUG:PCB comment 3: `` (kibot.gs - gs.py:584)
DEBUG:PCB comment 4: `` (kibot.gs - gs.py:584)
DEBUG:PCB comment 5: `` (kibot.gs - gs.py:584)
DEBUG:PCB comment 6: `` (kibot.gs - gs.py:584)
DEBUG:PCB comment 7: `` (kibot.gs - gs.py:584)
DEBUG:PCB comment 8: `` (kibot.gs - gs.py:584)
DEBUG:PCB comment 9: `` (kibot.gs - gs.py:584)
DEBUG:Expanded `LE_BMS_A_V2-fabrication_notes.txt` (kibot - optionable.py:554)
DEBUG:Loading sheet from /github/workspace/LE_BMS_A_V2.kicad_sch (kibot - v6_sch.py:2846)
DEBUG:Replacing KiCad text variables: ${REVISION} -> + (Unreleased) (kibot.gs - gs.py:558)
DEBUG:Replacing KiCad text variables: ${COMPANY} -> Company Name (kibot.gs - gs.py:558)
DEBUG:SCH title: `None` (kibot - v6_sch.py:2445)
DEBUG:SCH date: `2025-01-12` (kibot - v6_sch.py:2446)
DEBUG:SCH revision: `${REVISION}` (kibot - v6_sch.py:2447)
DEBUG:SCH company: `${COMPANY}` (kibot - v6_sch.py:2448)
DEBUG:Loading sheet from /github/workspace/Power - Sequencing.kicad_sch (kibot - v6_sch.py:2846)
DEBUG:Replacing KiCad text variables: ${REVISION} -> + (Unreleased) (kibot.gs - gs.py:558)
DEBUG:Replacing KiCad text variables: ${COMPANY} -> Company Name (kibot.gs - gs.py:558)
DEBUG:SCH title: `Power - Sequencing` (kibot - v6_sch.py:2445)
DEBUG:SCH date: `2025-01-12` (kibot - v6_sch.py:2446)
DEBUG:SCH revision: `${REVISION}` (kibot - v6_sch.py:2447)
DEBUG:SCH company: `${COMPANY}` (kibot - v6_sch.py:2448)
DEBUG:Loading sheet from /github/workspace/Revision History.kicad_sch (kibot - v6_sch.py:2846)
DEBUG:Replacing KiCad text variables: ${REVISION} -> + (Unreleased) (kibot.gs - gs.py:558)
DEBUG:Replacing KiCad text variables: ${COMPANY} -> Company Name (kibot.gs - gs.py:558)
DEBUG:SCH title: `Revision History` (kibot - v6_sch.py:2445)
DEBUG:SCH date: `2025-01-12` (kibot - v6_sch.py:2446)
DEBUG:SCH revision: `${REVISION}` (kibot - v6_sch.py:2447)
DEBUG:SCH company: `${COMPANY}` (kibot - v6_sch.py:2448)
DEBUG:Loading sheet from /github/workspace/Block Diagram.kicad_sch (kibot - v6_sch.py:2846)
DEBUG:Replacing KiCad text variables: ${REVISION} -> + (Unreleased) (kibot.gs - gs.py:558)
DEBUG:Replacing KiCad text variables: ${COMPANY} -> Company Name (kibot.gs - gs.py:558)
DEBUG:SCH title: `Block Diagram` (kibot - v6_sch.py:2445)
DEBUG:SCH date: `2025-01-12` (kibot - v6_sch.py:2446)
DEBUG:SCH revision: `${REVISION}` (kibot - v6_sch.py:2447)
DEBUG:SCH company: `${COMPANY}` (kibot - v6_sch.py:2448)
DEBUG:Loading sheet from /github/workspace/Project Architecture.kicad_sch (kibot - v6_sch.py:2846)
DEBUG:Replacing KiCad text variables: ${REVISION} -> + (Unreleased) (kibot.gs - gs.py:558)
DEBUG:Replacing KiCad text variables: ${COMPANY} -> Company Name (kibot.gs - gs.py:558)
DEBUG:SCH title: `Project Architecture` (kibot - v6_sch.py:2445)
DEBUG:SCH date: `2025-01-12` (kibot - v6_sch.py:2446)
DEBUG:SCH revision: `${REVISION}` (kibot - v6_sch.py:2447)
DEBUG:SCH company: `${COMPANY}` (kibot - v6_sch.py:2448)
DEBUG:- Loaded ?? (MountingHole_Pad ) [id 140010441893136]  UUID 23a05425-cd73-491c-818b-159167f2224d original UUID 23a05425-cd73-491c-818b-159167f2224d (kibot - v6_sch.py:2990)
DEBUG:- Loaded ?? (MountingHole_Pad ) [id 140010438269584]  UUID 26df5403-c765-4753-8212-d0d4cb72bc95 original UUID 26df5403-c765-4753-8212-d0d4cb72bc95 (kibot - v6_sch.py:2990)
DEBUG:- Loaded ?? (MountingHole_Pad ) [id 140010438269904]  UUID d3521bad-8bfb-4d5d-9b2f-69d84a7ec213 original UUID d3521bad-8bfb-4d5d-9b2f-69d84a7ec213 (kibot - v6_sch.py:2990)
DEBUG:- Loaded ?? (MountingHole_Pad ) [id 140010438270224]  UUID fbcfdaf3-2d18-45bc-a970-609134ad2656 original UUID fbcfdaf3-2d18-45bc-a970-609134ad2656 (kibot - v6_sch.py:2990)
DEBUG:Loading sheet from /github/workspace/rtc.kicad_sch (kibot - v6_sch.py:2846)
DEBUG:SCH title: `RTC` (kibot - v6_sch.py:2445)
DEBUG:SCH date: `None` (kibot - v6_sch.py:2446)
DEBUG:SCH revision: `None` (kibot - v6_sch.py:2447)
DEBUG:SCH company: `None` (kibot - v6_sch.py:2448)
DEBUG:- Loaded ?? (+3V0 ) [id 140010440492368]  UUID 01779492-2f3b-42a7-aa41-45f832797266 original UUID 01779492-2f3b-42a7-aa41-45f832797266 (kibot - v6_sch.py:2990)
DEBUG:- Loaded ?? (C ) [id 140010440492688]  UUID 1f3a188f-5b8e-4adf-9beb-cddf90664777 original UUID 1f3a188f-5b8e-4adf-9beb-cddf90664777 (kibot - v6_sch.py:2990)
DEBUG:- Loaded ?? (DS3231MZ ) [id 140010440493008]  UUID 26c673ec-c19e-4cc2-b1e9-eae7a164202e original UUID 26c673ec-c19e-4cc2-b1e9-eae7a164202e (kibot - v6_sch.py:2990)
DEBUG:- Loaded ?? (GND ) [id 140010440493328]  UUID 36077509-10d8-44a1-ad9e-2ba27bcd178c original UUID 36077509-10d8-44a1-ad9e-2ba27bcd178c (kibot - v6_sch.py:2990)
DEBUG:- Loaded ?? (R ) [id 140010440493648]  UUID 3e22b80c-2dde-48c4-8735-cf0188bb6d6a original UUID 3e22b80c-2dde-48c4-8735-cf0188bb6d6a (kibot - v6_sch.py:2990)
DEBUG:- Loaded ?? (Battery_Cell ) [id 140010440493968]  UUID 4a574b12-a4ed-4405-a0ed-058468462d41 original UUID 4a574b12-a4ed-4405-a0ed-058468462d41 (kibot - v6_sch.py:2990)
DEBUG:- Loaded ?? (GND ) [id 140010440494288]  UUID 58439e14-6768-445c-b187-941e36726446 original UUID 58439e14-6768-445c-b187-941e36726446 (kibot - v6_sch.py:2990)
DEBUG:- Loaded ?? (+3V3 ) [id 140010440494608]  UUID 5b82e6b9-d398-4567-8141-c30114e7a1d2 original UUID 5b82e6b9-d398-4567-8141-c30114e7a1d2 (kibot - v6_sch.py:2990)
DEBUG:- Loaded ?? (GND ) [id 140010440494928]  UUID 9581358d-af45-425f-a7c9-494a83291d57 original UUID 9581358d-af45-425f-a7c9-494a83291d57 (kibot - v6_sch.py:2990)
DEBUG:- Loaded ?? (R ) [id 140010440495248]  UUID a2f022c3-8773-4022-bfdd-f046c19097f1 original UUID a2f022c3-8773-4022-bfdd-f046c19097f1 (kibot - v6_sch.py:2990)
DEBUG:- Loaded ?? (C ) [id 140010440495568]  UUID a82b7d81-b3d6-4204-a489-c503f01cbfea original UUID a82b7d81-b3d6-4204-a489-c503f01cbfea (kibot - v6_sch.py:2990)
DEBUG:- Loaded ?? (+3V3 ) [id 140010440495888]  UUID ab4f3865-bba9-4b95-a064-9aaa5ba745bd original UUID ab4f3865-bba9-4b95-a064-9aaa5ba745bd (kibot - v6_sch.py:2990)
DEBUG:- Loaded ?? (+3V3 ) [id 140010440496208]  UUID d4beed96-72fb-4bbb-bea3-65fba95b772b original UUID d4beed96-72fb-4bbb-bea3-65fba95b772b (kibot - v6_sch.py:2990)
DEBUG:- Loaded ?? (+3V0 ) [id 140010440496528]  UUID dfe4792c-b568-4bf4-bfdf-3b9ee55cf269 original UUID dfe4792c-b568-4bf4-bfdf-3b9ee55cf269 (kibot - v6_sch.py:2990)
DEBUG:- Loaded ?? (+3V3 ) [id 140010440496848]  UUID e7631a4e-583d-4316-a24d-5a4721c172ac original UUID e7631a4e-583d-4316-a24d-5a4721c172ac (kibot - v6_sch.py:2990)
DEBUG:- Loaded ?? (+3V3 ) [id 140010440497168]  UUID ec50eb43-2276-4f93-a917-63331809e0aa original UUID ec50eb43-2276-4f93-a917-63331809e0aa (kibot - v6_sch.py:2990)
DEBUG:- Loaded ?? (R ) [id 140010440497488]  UUID ed1860d7-f1b6-4353-a3d3-853bc783ab3e original UUID ed1860d7-f1b6-4353-a3d3-853bc783ab3e (kibot - v6_sch.py:2990)
DEBUG:- Loaded ?? (+3V0 ) [id 140010440497808]  UUID edad556a-53ca-4718-b6d4-f7d556147b15 original UUID edad556a-53ca-4718-b6d4-f7d556147b15 (kibot - v6_sch.py:2990)
DEBUG:- Loaded ?? (GND ) [id 140010440498128]  UUID f1527fe8-4dc1-4342-b776-66c1090f0035 original UUID f1527fe8-4dc1-4342-b776-66c1090f0035 (kibot - v6_sch.py:2990)
DEBUG:Loading sheet from /github/workspace/untitled.kicad_sch (kibot - v6_sch.py:2846)
DEBUG:SCH title: `Power` (kibot - v6_sch.py:2445)
DEBUG:SCH date: `None` (kibot - v6_sch.py:2446)
DEBUG:SCH revision: `None` (kibot - v6_sch.py:2447)
DEBUG:SCH company: `None` (kibot - v6_sch.py:2448)
DEBUG:- Loaded ?? (C ) [id 140010440459920]  UUID 086ff135-1bb3-4055-938e-3c45fa059202 original UUID 086ff135-1bb3-4055-938e-3c45fa059202 (kibot - v6_sch.py:2990)
DEBUG:- Loaded ?? (+5VA ) [id 140010440460240]  UUID 0961e312-2995-4c61-b90f-4505efaeaec5 original UUID 0961e312-2995-4c61-b90f-4505efaeaec5 (kibot - v6_sch.py:2990)
DEBUG:- Loaded ?? (RFM-0505S ) [id 140010440460560]  UUID 0b7d89d1-9d4f-4519-a781-3375bd8da366 original UUID 0b7d89d1-9d4f-4519-a781-3375bd8da366 (kibot - v6_sch.py:2990)
DEBUG:- Loaded ?? (TLV1117LV33DCYT ) [id 140010440460880]  UUID 19241219-7930-4f14-96b7-853df3da6875 original UUID 19241219-7930-4f14-96b7-853df3da6875 (kibot - v6_sch.py:2990)
DEBUG:- Loaded ?? (C ) [id 140010440461200]  UUID 1a110343-519a-4aeb-8474-5cdb1d0cdfa3 original UUID 1a110343-519a-4aeb-8474-5cdb1d0cdfa3 (kibot - v6_sch.py:2990)
DEBUG:- Loaded ?? (C ) [id 140010440461520]  UUID 3bce580d-7574-44bb-a0c5-3d0adae5633c original UUID 3bce580d-7574-44bb-a0c5-3d0adae5633c (kibot - v6_sch.py:2990)
DEBUG:- Loaded ?? (+5V ) [id 140010440461840]  UUID 4d595821-6401-439f-9dc6-577d5ddc0ed0 original UUID 4d595821-6401-439f-9dc6-577d5ddc0ed0 (kibot - v6_sch.py:2990)
DEBUG:- Loaded ?? (GND1 ) [id 140010440462160]  UUID 6011de63-4564-413a-bac1-b82589c34577 original UUID 6011de63-4564-413a-bac1-b82589c34577 (kibot - v6_sch.py:2990)
DEBUG:- Loaded ?? (GND ) [id 140010440462480]  UUID 6371bc7d-f746-415a-b3ad-3bc64b708af9 original UUID 6371bc7d-f746-415a-b3ad-3bc64b708af9 (kibot - v6_sch.py:2990)
DEBUG:- Loaded ?? (C ) [id 140010440462800]  UUID 7d37e19e-3695-41b4-8cad-d6d845f8a027 original UUID 7d37e19e-3695-41b4-8cad-d6d845f8a027 (kibot - v6_sch.py:2990)
DEBUG:- Loaded ?? (691313510002 ) [id 140010440463440]  UUID 8d92f7bf-e908-4e64-8ffc-6874a6e03578 original UUID 8d92f7bf-e908-4e64-8ffc-6874a6e03578 (kibot - v6_sch.py:2990)
DEBUG:- Loaded ?? (C ) [id 140010440463760]  UUID a128b6ae-3cd0-4004-aac4-f0e1068de42c original UUID a128b6ae-3cd0-4004-aac4-f0e1068de42c (kibot - v6_sch.py:2990)
DEBUG:- Loaded ?? (C ) [id 140010440464080]  UUID b9cc73cf-2fe3-412a-a5aa-0a5da237d54f original UUID b9cc73cf-2fe3-412a-a5aa-0a5da237d54f (kibot - v6_sch.py:2990)
DEBUG:- Loaded ?? (+3V3 ) [id 140010440464400]  UUID ba306517-f971-4e41-a0a3-6683d0727f79 original UUID ba306517-f971-4e41-a0a3-6683d0727f79 (kibot - v6_sch.py:2990)
DEBUG:- Loaded ?? (GND ) [id 140010440464720]  UUID baf546e8-35d2-4f6d-aa91-d717fdccde6d original UUID baf546e8-35d2-4f6d-aa91-d717fdccde6d (kibot - v6_sch.py:2990)
DEBUG:- Loaded ?? (+5VA ) [id 140010440465040]  UUID bc8ff2e6-37ee-4222-b44c-97363531e651 original UUID bc8ff2e6-37ee-4222-b44c-97363531e651 (kibot - v6_sch.py:2990)
DEBUG:- Loaded ?? (C ) [id 140010440465360]  UUID c6ed9c55-ec3e-43b5-b166-acbc9472f872 original UUID c6ed9c55-ec3e-43b5-b166-acbc9472f872 (kibot - v6_sch.py:2990)
DEBUG:- Loaded ?? (GND ) [id 140010440465680]  UUID d3f51d57-2595-457a-8ed4-f61e0418871f original UUID d3f51d57-2595-457a-8ed4-f61e0418871f (kibot - v6_sch.py:2990)
DEBUG:- Loaded ?? (+5V ) [id 140010440463120]  UUID d4b5d29b-842b-4090-974f-77281b2eca23 original UUID d4b5d29b-842b-4090-974f-77281b2eca23 (kibot - v6_sch.py:2990)
DEBUG:- Loaded ?? (GND1 ) [id 140010440466000]  UUID de56490e-3315-433b-9a50-7d3ed1b91229 original UUID de56490e-3315-433b-9a50-7d3ed1b91229 (kibot - v6_sch.py:2990)
DEBUG:- Loaded ?? (RFM-0505S ) [id 140010440466320]  UUID e1fe1541-3c48-43f8-938c-680da04d10ed original UUID e1fe1541-3c48-43f8-938c-680da04d10ed (kibot - v6_sch.py:2990)
DEBUG:- Loaded ?? (+5VA ) [id 140010440466640]  UUID eeb974cf-7120-4386-871f-5eb5f7237422 original UUID eeb974cf-7120-4386-871f-5eb5f7237422 (kibot - v6_sch.py:2990)
DEBUG:- Loaded ?? (GND ) [id 140010440466960]  UUID fa3e0a65-0d5a-4f8c-8ba4-6a3dafd5afff original UUID fa3e0a65-0d5a-4f8c-8ba4-6a3dafd5afff (kibot - v6_sch.py:2990)
DEBUG:Loading sheet from /github/workspace/Section B - TItle B.kicad_sch (kibot - v6_sch.py:2846)
DEBUG:Replacing KiCad text variables: ${REVISION} -> + (Unreleased) (kibot.gs - gs.py:558)
DEBUG:Replacing KiCad text variables: ${COMPANY} -> Company Name (kibot.gs - gs.py:558)
DEBUG:SCH title: `CAN1, CAN2` (kibot - v6_sch.py:2445)
DEBUG:SCH date: `2025-01-12` (kibot - v6_sch.py:2446)
DEBUG:SCH revision: `${REVISION}` (kibot - v6_sch.py:2447)
DEBUG:SCH company: `${COMPANY}` (kibot - v6_sch.py:2448)
DEBUG:- Loaded ?? (+3V3 ) [id 140010439445712]  UUID 0602c154-53bf-455d-8d4e-9f866661a94a original UUID 0602c154-53bf-455d-8d4e-9f866661a94a (kibot - v6_sch.py:2990)
DEBUG:- Loaded ?? (GND ) [id 140010439446032]  UUID 0d3cae76-be5e-41f9-9190-83c6eb3ab5ba original UUID 0d3cae76-be5e-41f9-9190-83c6eb3ab5ba (kibot - v6_sch.py:2990)
DEBUG:- Loaded ?? (GND1 ) [id 140010439446352]  UUID 180a0f83-c44d-4629-bef5-46e3c6380012 original UUID 180a0f83-c44d-4629-bef5-46e3c6380012 (kibot - v6_sch.py:2990)
DEBUG:- Loaded ?? (ISO1050DUB ) [id 140010439446672]  UUID 1c661246-d569-4924-9bb8-84f2d3b9bce2 original UUID 1c661246-d569-4924-9bb8-84f2d3b9bce2 (kibot - v6_sch.py:2990)
DEBUG:- Loaded ?? (C ) [id 140010439446992]  UUID 2145e905-a625-41a5-87aa-6cae691f0056 original UUID 2145e905-a625-41a5-87aa-6cae691f0056 (kibot - v6_sch.py:2990)
DEBUG:- Loaded ?? (C ) [id 140010439447312]  UUID 4025ead1-0561-492a-97ad-34c1ff063033 original UUID 4025ead1-0561-492a-97ad-34c1ff063033 (kibot - v6_sch.py:2990)
DEBUG:- Loaded ?? (+5VA ) [id 140010439447632]  UUID 42b3ad61-bfa1-4b93-b256-06207b0d9c89 original UUID 42b3ad61-bfa1-4b93-b256-06207b0d9c89 (kibot - v6_sch.py:2990)
DEBUG:- Loaded ?? (C ) [id 140010439447952]  UUID 446c62b1-639d-4c4e-8f7f-49e1537f9e02 original UUID 446c62b1-639d-4c4e-8f7f-49e1537f9e02 (kibot - v6_sch.py:2990)
DEBUG:- Loaded ?? (GND ) [id 140010439448272]  UUID 489f520f-65c4-4829-8f03-73fe41aaa607 original UUID 489f520f-65c4-4829-8f03-73fe41aaa607 (kibot - v6_sch.py:2990)
DEBUG:- Loaded ?? (+3V3 ) [id 140010439448592]  UUID 4dc48b45-3374-4205-8635-b5109e36b2be original UUID 4dc48b45-3374-4205-8635-b5109e36b2be (kibot - v6_sch.py:2990)
DEBUG:- Loaded ?? (+5VA ) [id 140010439448912]  UUID 5158181e-2d7a-4777-84af-6fca8706ce04 original UUID 5158181e-2d7a-4777-84af-6fca8706ce04 (kibot - v6_sch.py:2990)
DEBUG:- Loaded ?? (Conn_01x04_Pin ) [id 140010439449232]  UUID 5314503c-1aba-4f50-84a7-b3505e93fed6 original UUID 5314503c-1aba-4f50-84a7-b3505e93fed6 (kibot - v6_sch.py:2990)
DEBUG:- Loaded ?? (Conn_01x04_Pin ) [id 140010439449552]  UUID 57ebc9a8-5aec-4494-90d7-1ea85794561b original UUID 57ebc9a8-5aec-4494-90d7-1ea85794561b (kibot - v6_sch.py:2990)
DEBUG:- Loaded ?? (RJHSE5380 ) [id 140010439449872]  UUID 5857d6f7-ed75-4429-9906-35fec1a0133d original UUID 5857d6f7-ed75-4429-9906-35fec1a0133d (kibot - v6_sch.py:2990)
DEBUG:- Loaded ?? (GND1 ) [id 140010439450192]  UUID 5d0d4c9c-7b15-4587-a191-73c6d0664a02 original UUID 5d0d4c9c-7b15-4587-a191-73c6d0664a02 (kibot - v6_sch.py:2990)
DEBUG:- Loaded ?? (C ) [id 140010439450512]  UUID 64d7211b-8bc0-4631-9ec6-4a1d1b9c0017 original UUID 64d7211b-8bc0-4631-9ec6-4a1d1b9c0017 (kibot - v6_sch.py:2990)
DEBUG:- Loaded ?? (GND ) [id 140010439450832]  UUID 69ca2d49-0cb3-43ac-af95-1a392b3bbd0a original UUID 69ca2d49-0cb3-43ac-af95-1a392b3bbd0a (kibot - v6_sch.py:2990)
DEBUG:- Loaded ?? (C ) [id 140010439451152]  UUID 7151530c-90f3-48ab-b1fb-8baa00043c9d original UUID 7151530c-90f3-48ab-b1fb-8baa00043c9d (kibot - v6_sch.py:2990)
DEBUG:- Loaded ?? (+3V3 ) [id 140010439451472]  UUID 7b71bad7-bb6d-489b-8de3-30c251a184aa original UUID 7b71bad7-bb6d-489b-8de3-30c251a184aa (kibot - v6_sch.py:2990)
DEBUG:- Loaded ?? (+3V3 ) [id 140010439451792]  UUID 7fb8a9d8-2002-43ab-8c2f-e7de36e57421 original UUID 7fb8a9d8-2002-43ab-8c2f-e7de36e57421 (kibot - v6_sch.py:2990)
DEBUG:- Loaded ?? (GND ) [id 140010439452112]  UUID 850858d5-6959-4659-9e3e-c1c9b220c8d2 original UUID 850858d5-6959-4659-9e3e-c1c9b220c8d2 (kibot - v6_sch.py:2990)
DEBUG:- Loaded ?? (C ) [id 140010439452432]  UUID 85c5333b-e257-4f60-8a41-e88bf4f1bbd9 original UUID 85c5333b-e257-4f60-8a41-e88bf4f1bbd9 (kibot - v6_sch.py:2990)
DEBUG:- Loaded ?? (R ) [id 140010439452752]  UUID 8ead91b9-51c9-47c3-8b2c-ae63086cebf1 original UUID 8ead91b9-51c9-47c3-8b2c-ae63086cebf1 (kibot - v6_sch.py:2990)
DEBUG:- Loaded ?? (+5VA ) [id 140010439453072]  UUID 90e07b03-ac29-498a-8a58-aa762ccd9b3c original UUID 90e07b03-ac29-498a-8a58-aa762ccd9b3c (kibot - v6_sch.py:2990)
DEBUG:- Loaded ?? (R ) [id 140010439453392]  UUID 92f93275-19b2-4cf5-8081-5b02d72d5f9c original UUID 92f93275-19b2-4cf5-8081-5b02d72d5f9c (kibot - v6_sch.py:2990)
DEBUG:- Loaded ?? (GND1 ) [id 140010439453712]  UUID 9a57cbe8-a0b1-45f8-b06a-737224a4d8d8 original UUID 9a57cbe8-a0b1-45f8-b06a-737224a4d8d8 (kibot - v6_sch.py:2990)
DEBUG:- Loaded ?? (R ) [id 140010439454032]  UUID 9e1d2907-727c-4b22-867a-644ebeb8b6f2 original UUID 9e1d2907-727c-4b22-867a-644ebeb8b6f2 (kibot - v6_sch.py:2990)
DEBUG:- Loaded ?? (C ) [id 140010439454352]  UUID a0638ea2-ffc1-4ed0-bb99-279fceaa2d80 original UUID a0638ea2-ffc1-4ed0-bb99-279fceaa2d80 (kibot - v6_sch.py:2990)
DEBUG:- Loaded ?? (GND1 ) [id 140010439454672]  UUID a23849d5-4855-4750-84b9-b2e8a4763a1c original UUID a23849d5-4855-4750-84b9-b2e8a4763a1c (kibot - v6_sch.py:2990)
DEBUG:- Loaded ?? (+5VA ) [id 140010439454992]  UUID a34664d3-6c4c-4361-92dc-33a80529fd2d original UUID a34664d3-6c4c-4361-92dc-33a80529fd2d (kibot - v6_sch.py:2990)
DEBUG:- Loaded ?? (C ) [id 140010439455312]  UUID a6b02abc-7314-4195-bb8e-a3c35772d8f4 original UUID a6b02abc-7314-4195-bb8e-a3c35772d8f4 (kibot - v6_sch.py:2990)
DEBUG:- Loaded ?? (GND ) [id 140010439455632]  UUID ab70a4ac-3cf3-436e-b4b2-2a1ebf1f6bcd original UUID ab70a4ac-3cf3-436e-b4b2-2a1ebf1f6bcd (kibot - v6_sch.py:2990)
DEBUG:- Loaded ?? (GND1 ) [id 140010439455952]  UUID aefea946-0db7-4e7f-81df-9bd46704fbf6 original UUID aefea946-0db7-4e7f-81df-9bd46704fbf6 (kibot - v6_sch.py:2990)
DEBUG:- Loaded ?? (GND1 ) [id 140010439456592]  UUID b12973b8-96d2-43ea-9133-5a975a065711 original UUID b12973b8-96d2-43ea-9133-5a975a065711 (kibot - v6_sch.py:2990)
DEBUG:- Loaded ?? (GND1 ) [id 140010439456912]  UUID b6c7f071-c9eb-4d1c-a644-2c51291090bc original UUID b6c7f071-c9eb-4d1c-a644-2c51291090bc (kibot - v6_sch.py:2990)
DEBUG:- Loaded ?? (+5VA ) [id 140010439457232]  UUID bece9382-67ff-4eb4-a40c-b661629a1785 original UUID bece9382-67ff-4eb4-a40c-b661629a1785 (kibot - v6_sch.py:2990)
DEBUG:- Loaded ?? (GND ) [id 140010439457552]  UUID bf486c49-42cd-4e8d-b17b-455eb339e941 original UUID bf486c49-42cd-4e8d-b17b-455eb339e941 (kibot - v6_sch.py:2990)
DEBUG:- Loaded ?? (GND ) [id 140010439457872]  UUID c1019820-3f7a-447d-a8b7-73d614fae028 original UUID c1019820-3f7a-447d-a8b7-73d614fae028 (kibot - v6_sch.py:2990)
DEBUG:- Loaded ?? (+5VA ) [id 140010439458192]  UUID c9caad8e-ad87-4d65-a163-c791a25c1c4d original UUID c9caad8e-ad87-4d65-a163-c791a25c1c4d (kibot - v6_sch.py:2990)
DEBUG:- Loaded ?? (GND ) [id 140010439458512]  UUID d038592d-9876-4335-b4e9-a7e2a469e5d2 original UUID d038592d-9876-4335-b4e9-a7e2a469e5d2 (kibot - v6_sch.py:2990)
DEBUG:- Loaded ?? (GND1 ) [id 140010439737424]  UUID d20c2f6f-6544-49d6-9c07-dc830f90f160 original UUID d20c2f6f-6544-49d6-9c07-dc830f90f160 (kibot - v6_sch.py:2990)
DEBUG:- Loaded ?? (GND1 ) [id 140010439456272]  UUID d5e2be10-d0cb-45d7-904b-f508fc03486e original UUID d5e2be10-d0cb-45d7-904b-f508fc03486e (kibot - v6_sch.py:2990)
DEBUG:- Loaded ?? (GND ) [id 140010439737744]  UUID d8196f86-9b6c-45b8-9014-13bbd6bf0b52 original UUID d8196f86-9b6c-45b8-9014-13bbd6bf0b52 (kibot - v6_sch.py:2990)
DEBUG:- Loaded ?? (GND ) [id 140010439738064]  UUID db2f8dd6-8dd1-4a51-9b6d-7d05efc371c3 original UUID db2f8dd6-8dd1-4a51-9b6d-7d05efc371c3 (kibot - v6_sch.py:2990)
DEBUG:- Loaded ?? (ABM3B-8.000MHZ-10-1-U-T ) [id 140010439738384]  UUID e135968c-9b54-47fb-ae05-1a2c508f1939 original UUID e135968c-9b54-47fb-ae05-1a2c508f1939 (kibot - v6_sch.py:2990)
DEBUG:- Loaded ?? (GND1 ) [id 140010439738704]  UUID e28832bb-4177-4145-95d2-cdc89175770e original UUID e28832bb-4177-4145-95d2-cdc89175770e (kibot - v6_sch.py:2990)
DEBUG:- Loaded ?? (C ) [id 140010439739024]  UUID e37e790a-3cf6-440f-9d4f-6a8ab5d5c939 original UUID e37e790a-3cf6-440f-9d4f-6a8ab5d5c939 (kibot - v6_sch.py:2990)
DEBUG:- Loaded ?? (MCP2515-xST ) [id 140010439739344]  UUID e5d6c2f9-8d3d-4463-911e-54664a826cc3 original UUID e5d6c2f9-8d3d-4463-911e-54664a826cc3 (kibot - v6_sch.py:2990)
DEBUG:- Loaded ?? (+3V3 ) [id 140010439739664]  UUID ebed5bef-8e75-47f5-9f7d-1155fced79c3 original UUID ebed5bef-8e75-47f5-9f7d-1155fced79c3 (kibot - v6_sch.py:2990)
DEBUG:- Loaded ?? (R ) [id 140010439739984]  UUID ed64b1d9-af00-40dc-8e61-1e8c2666c67c original UUID ed64b1d9-af00-40dc-8e61-1e8c2666c67c (kibot - v6_sch.py:2990)
DEBUG:- Loaded ?? (+3V3 ) [id 140010439740304]  UUID f2f28152-d131-422f-844a-dfbe4f63bb80 original UUID f2f28152-d131-422f-844a-dfbe4f63bb80 (kibot - v6_sch.py:2990)
DEBUG:- Loaded ?? (ISO1050DUB ) [id 140010439740624]  UUID fabb3f53-f04b-4b7f-83e2-0da303b8ef85 original UUID fabb3f53-f04b-4b7f-83e2-0da303b8ef85 (kibot - v6_sch.py:2990)
DEBUG:Loading sheet from /github/workspace/Section A - Title A.kicad_sch (kibot - v6_sch.py:2846)
DEBUG:Replacing KiCad text variables: ${REVISION} -> + (Unreleased) (kibot.gs - gs.py:558)
DEBUG:Replacing KiCad text variables: ${COMPANY} -> Company Name (kibot.gs - gs.py:558)
DEBUG:SCH title: `MCU, USB and LED` (kibot - v6_sch.py:2445)
DEBUG:SCH date: `2025-01-12` (kibot - v6_sch.py:2446)
DEBUG:SCH revision: `${REVISION}` (kibot - v6_sch.py:2447)
DEBUG:SCH company: `${COMPANY}` (kibot - v6_sch.py:2448)
DEBUG:- Loaded ?? (C ) [id 140010439749904]  UUID 06baeba8-1484-4ec2-b240-79b035e34ebd original UUID 06baeba8-1484-4ec2-b240-79b035e34ebd (kibot - v6_sch.py:2990)
DEBUG:- Loaded ?? (GND ) [id 140010439750224]  UUID 08fe15d1-daa5-4ef1-a77f-f4b543ef8338 original UUID 08fe15d1-daa5-4ef1-a77f-f4b543ef8338 (kibot - v6_sch.py:2990)
DEBUG:- Loaded ?? (GND ) [id 140010439750544]  UUID 0d111b85-9e2d-4f6d-be52-ec73da743575 original UUID 0d111b85-9e2d-4f6d-be52-ec73da743575 (kibot - v6_sch.py:2990)
DEBUG:- Loaded ?? (GND ) [id 140010439750864]  UUID 0ea063b6-a688-448c-9461-4f1adb70bd0d original UUID 0ea063b6-a688-448c-9461-4f1adb70bd0d (kibot - v6_sch.py:2990)
DEBUG:- Loaded ?? (GND ) [id 140010439751184]  UUID 103a2737-511a-4e33-9635-9569a59718fa original UUID 103a2737-511a-4e33-9635-9569a59718fa (kibot - v6_sch.py:2990)
DEBUG:- Loaded ?? (EVQ-P2P02W ) [id 140010439751504]  UUID 12a02466-9a64-41ae-afc3-0f8303c5a7ef original UUID 12a02466-9a64-41ae-afc3-0f8303c5a7ef (kibot - v6_sch.py:2990)
DEBUG:- Loaded ?? (GND ) [id 140010439751824]  UUID 166c595a-3304-445c-b4c2-5e3cbf379492 original UUID 166c595a-3304-445c-b4c2-5e3cbf379492 (kibot - v6_sch.py:2990)
DEBUG:- Loaded ?? (GND ) [id 140010439752144]  UUID 1a16f04c-7042-4793-a6d5-039db411ff72 original UUID 1a16f04c-7042-4793-a6d5-039db411ff72 (kibot - v6_sch.py:2990)
DEBUG:- Loaded ?? (ESP32-S3-WROOM-2 ) [id 140010439752464]  UUID 1cf7f413-76c8-4f88-9231-80693edbfa62 original UUID 1cf7f413-76c8-4f88-9231-80693edbfa62 (kibot - v6_sch.py:2990)
DEBUG:- Loaded ?? (+5V ) [id 140010439752784]  UUID 219ba249-405f-4a52-8b51-757abb8e8453 original UUID 219ba249-405f-4a52-8b51-757abb8e8453 (kibot - v6_sch.py:2990)
DEBUG:- Loaded ?? (GND ) [id 140010439753104]  UUID 229b34e2-2d77-4537-8045-0bb1eedef656 original UUID 229b34e2-2d77-4537-8045-0bb1eedef656 (kibot - v6_sch.py:2990)
DEBUG:- Loaded ?? (C ) [id 140010439753424]  UUID 2479450b-79dd-451a-b33f-bb45b2c73097 original UUID 2479450b-79dd-451a-b33f-bb45b2c73097 (kibot - v6_sch.py:2990)
DEBUG:- Loaded ?? (GND ) [id 140010406182992]  UUID 351947b4-d59e-482c-a803-15ee8014d4d0 original UUID 351947b4-d59e-482c-a803-15ee8014d4d0 (kibot - v6_sch.py:2990)
DEBUG:- Loaded ?? (R ) [id 140010406183312]  UUID 3d2f959c-9a38-4eb2-a9ef-2a1c48d21f16 original UUID 3d2f959c-9a38-4eb2-a9ef-2a1c48d21f16 (kibot - v6_sch.py:2990)
DEBUG:- Loaded ?? (+3V3 ) [id 140010406183632]  UUID 438c9085-3b04-4392-9661-2740b25fe8d5 original UUID 438c9085-3b04-4392-9661-2740b25fe8d5 (kibot - v6_sch.py:2990)
DEBUG:- Loaded ?? (R ) [id 140010406183952]  UUID 50dc389f-c779-42c2-82eb-e637c073e3bc original UUID 50dc389f-c779-42c2-82eb-e637c073e3bc (kibot - v6_sch.py:2990)
DEBUG:- Loaded ?? (GND ) [id 140010406184272]  UUID 546ee766-0238-4a8f-b6ee-463c6ae2a88a original UUID 546ee766-0238-4a8f-b6ee-463c6ae2a88a (kibot - v6_sch.py:2990)
DEBUG:- Loaded ?? (+5V ) [id 140010406184592]  UUID 5d79985e-f679-45f6-b538-36b0a253f424 original UUID 5d79985e-f679-45f6-b538-36b0a253f424 (kibot - v6_sch.py:2990)
DEBUG:- Loaded ?? (WS2812B-2020 ) [id 140010406184912]  UUID 6592140f-a9c4-4374-b628-92ab2ced49cb original UUID 6592140f-a9c4-4374-b628-92ab2ced49cb (kibot - v6_sch.py:2990)
DEBUG:- Loaded ?? (EVQ-P2P02W ) [id 140010406185232]  UUID 6bd8f97c-8a8c-4948-a370-ef544cd880b4 original UUID 6bd8f97c-8a8c-4948-a370-ef544cd880b4 (kibot - v6_sch.py:2990)
DEBUG:- Loaded ?? (R ) [id 140010406185552]  UUID 6c145974-bd64-4ac4-9b73-0b2408ac309e original UUID 6c145974-bd64-4ac4-9b73-0b2408ac309e (kibot - v6_sch.py:2990)
DEBUG:- Loaded ?? (10155435-00011LF ) [id 140010406185872]  UUID 71f79983-f596-4ac3-808d-5b166fdb1d32 original UUID 71f79983-f596-4ac3-808d-5b166fdb1d32 (kibot - v6_sch.py:2990)
DEBUG:- Loaded ?? (+3V3 ) [id 140010406186192]  UUID 851ff754-9216-4424-88cb-c0366588a5ca original UUID 851ff754-9216-4424-88cb-c0366588a5ca (kibot - v6_sch.py:2990)
DEBUG:- Loaded ?? (691382010006 ) [id 140010406186512]  UUID 8adf5ee6-b54b-46dc-b0a3-b9f11829e459 original UUID 8adf5ee6-b54b-46dc-b0a3-b9f11829e459 (kibot - v6_sch.py:2990)
DEBUG:- Loaded ?? (GND ) [id 140010406186832]  UUID 99ea952a-de55-4912-90bc-46ea388ed9f3 original UUID 99ea952a-de55-4912-90bc-46ea388ed9f3 (kibot - v6_sch.py:2990)
DEBUG:- Loaded ?? (+5V ) [id 140010406187152]  UUID a26767a1-4082-4fa3-aab7-94f2994cf7da original UUID a26767a1-4082-4fa3-aab7-94f2994cf7da (kibot - v6_sch.py:2990)
DEBUG:- Loaded ?? (+3V3 ) [id 140010406187472]  UUID a933be52-12a6-4579-9318-7e24c983ecd6 original UUID a933be52-12a6-4579-9318-7e24c983ecd6 (kibot - v6_sch.py:2990)
DEBUG:- Loaded ?? (C ) [id 140010406187792]  UUID ab28c7bd-ca75-4bc9-a043-e33b5661a532 original UUID ab28c7bd-ca75-4bc9-a043-e33b5661a532 (kibot - v6_sch.py:2990)
DEBUG:- Loaded ?? (R ) [id 140010406188112]  UUID b8232bb0-cea7-4534-93ac-66262fcec443 original UUID b8232bb0-cea7-4534-93ac-66262fcec443 (kibot - v6_sch.py:2990)
DEBUG:- Loaded ?? (+3V3 ) [id 140010406188432]  UUID c32d009f-b9f3-4016-a547-25a33365dcf5 original UUID c32d009f-b9f3-4016-a547-25a33365dcf5 (kibot - v6_sch.py:2990)
DEBUG:- Loaded ?? (GND ) [id 140010406188752]  UUID dabe5c13-606e-40ce-936c-8c9efa052b33 original UUID dabe5c13-606e-40ce-936c-8c9efa052b33 (kibot - v6_sch.py:2990)
DEBUG:- Loaded ?? (GND ) [id 140010406189072]  UUID dd253088-4a40-4ce7-ba76-37b5367deb1b original UUID dd253088-4a40-4ce7-ba76-37b5367deb1b (kibot - v6_sch.py:2990)
DEBUG:- Loaded ?? (C ) [id 140010406189392]  UUID e10191bb-f2ca-4eab-aa69-0686e96b9941 original UUID e10191bb-f2ca-4eab-aa69-0686e96b9941 (kibot - v6_sch.py:2990)
DEBUG:- Loaded ?? (691382010006 ) [id 140010406190032]  UUID e76a408b-bd30-403a-85e7-2cad50e2ad1b original UUID e76a408b-bd30-403a-85e7-2cad50e2ad1b (kibot - v6_sch.py:2990)
DEBUG:- Loaded ?? (C ) [id 140010406190352]  UUID e7ac2a16-847d-450b-a639-a6f00959a976 original UUID e7ac2a16-847d-450b-a639-a6f00959a976 (kibot - v6_sch.py:2990)
DEBUG:- Loaded ?? (+3V3 ) [id 140010406190672]  UUID eb4ed082-6ca2-4d5e-b16e-36ef4ac6ad03 original UUID eb4ed082-6ca2-4d5e-b16e-36ef4ac6ad03 (kibot - v6_sch.py:2990)
DEBUG:- Loaded ?? (GND ) [id 140010406190992]  UUID ecd40d38-737f-4325-87cf-6ccf7dce7336 original UUID ecd40d38-737f-4325-87cf-6ccf7dce7336 (kibot - v6_sch.py:2990)
DEBUG:- Loaded ?? (GND ) [id 140010406191312]  UUID ef6458f9-b828-4866-a189-f8de71e8fdd9 original UUID ef6458f9-b828-4866-a189-f8de71e8fdd9 (kibot - v6_sch.py:2990)
DEBUG:- Loaded ?? (GND ) [id 140010406191632]  UUID f7a1c3e5-9996-4c55-b1ec-ba580d98a2d9 original UUID f7a1c3e5-9996-4c55-b1ec-ba580d98a2d9 (kibot - v6_sch.py:2990)
DEBUG:Collected sheet instances (kibot - v6_sch.py:2780)
DEBUG:- / -> 1 (kibot - v6_sch.py:2782)
DEBUG:Collected symbol instances (kibot - v6_sch.py:2783)
DEBUG:- /c5103ceb-5325-4a84-a025-9638a412984e/12cbe2ae-1a8e-4c6b-9f7d-e3e3498aaf08/01779492-2f3b-42a7-aa41-45f832797266 -> #PWR071 (kibot - v6_sch.py:2785)
DEBUG:- /c5103ceb-5325-4a84-a025-9638a412984e/12cbe2ae-1a8e-4c6b-9f7d-e3e3498aaf08/1f3a188f-5b8e-4adf-9beb-cddf90664777 -> C22 (kibot - v6_sch.py:2785)
DEBUG:- /c5103ceb-5325-4a84-a025-9638a412984e/12cbe2ae-1a8e-4c6b-9f7d-e3e3498aaf08/26c673ec-c19e-4cc2-b1e9-eae7a164202e -> U6 (kibot - v6_sch.py:2785)
DEBUG:- /c5103ceb-5325-4a84-a025-9638a412984e/12cbe2ae-1a8e-4c6b-9f7d-e3e3498aaf08/36077509-10d8-44a1-ad9e-2ba27bcd178c -> #PWR074 (kibot - v6_sch.py:2785)
DEBUG:- /c5103ceb-5325-4a84-a025-9638a412984e/12cbe2ae-1a8e-4c6b-9f7d-e3e3498aaf08/3e22b80c-2dde-48c4-8735-cf0188bb6d6a -> R11 (kibot - v6_sch.py:2785)
DEBUG:- /c5103ceb-5325-4a84-a025-9638a412984e/12cbe2ae-1a8e-4c6b-9f7d-e3e3498aaf08/4a574b12-a4ed-4405-a0ed-058468462d41 -> BT1 (kibot - v6_sch.py:2785)
DEBUG:- /c5103ceb-5325-4a84-a025-9638a412984e/12cbe2ae-1a8e-4c6b-9f7d-e3e3498aaf08/58439e14-6768-445c-b187-941e36726446 -> #PWR080 (kibot - v6_sch.py:2785)
DEBUG:- /c5103ceb-5325-4a84-a025-9638a412984e/12cbe2ae-1a8e-4c6b-9f7d-e3e3498aaf08/5b82e6b9-d398-4567-8141-c30114e7a1d2 -> #PWR075 (kibot - v6_sch.py:2785)
DEBUG:- /c5103ceb-5325-4a84-a025-9638a412984e/12cbe2ae-1a8e-4c6b-9f7d-e3e3498aaf08/9581358d-af45-425f-a7c9-494a83291d57 -> #PWR076 (kibot - v6_sch.py:2785)
DEBUG:- /c5103ceb-5325-4a84-a025-9638a412984e/12cbe2ae-1a8e-4c6b-9f7d-e3e3498aaf08/a2f022c3-8773-4022-bfdd-f046c19097f1 -> R9 (kibot - v6_sch.py:2785)
DEBUG:- /c5103ceb-5325-4a84-a025-9638a412984e/12cbe2ae-1a8e-4c6b-9f7d-e3e3498aaf08/a82b7d81-b3d6-4204-a489-c503f01cbfea -> C23 (kibot - v6_sch.py:2785)
DEBUG:- /c5103ceb-5325-4a84-a025-9638a412984e/12cbe2ae-1a8e-4c6b-9f7d-e3e3498aaf08/ab4f3865-bba9-4b95-a064-9aaa5ba745bd -> #PWR039 (kibot - v6_sch.py:2785)
DEBUG:- /c5103ceb-5325-4a84-a025-9638a412984e/12cbe2ae-1a8e-4c6b-9f7d-e3e3498aaf08/d4beed96-72fb-4bbb-bea3-65fba95b772b -> #PWR054 (kibot - v6_sch.py:2785)
DEBUG:- /c5103ceb-5325-4a84-a025-9638a412984e/12cbe2ae-1a8e-4c6b-9f7d-e3e3498aaf08/dfe4792c-b568-4bf4-bfdf-3b9ee55cf269 -> #PWR073 (kibot - v6_sch.py:2785)
DEBUG:- /c5103ceb-5325-4a84-a025-9638a412984e/12cbe2ae-1a8e-4c6b-9f7d-e3e3498aaf08/e7631a4e-583d-4316-a24d-5a4721c172ac -> #PWR040 (kibot - v6_sch.py:2785)
DEBUG:- /c5103ceb-5325-4a84-a025-9638a412984e/12cbe2ae-1a8e-4c6b-9f7d-e3e3498aaf08/ec50eb43-2276-4f93-a917-63331809e0aa -> #PWR070 (kibot - v6_sch.py:2785)
DEBUG:- /c5103ceb-5325-4a84-a025-9638a412984e/12cbe2ae-1a8e-4c6b-9f7d-e3e3498aaf08/ed1860d7-f1b6-4353-a3d3-853bc783ab3e -> R10 (kibot - v6_sch.py:2785)
DEBUG:- /c5103ceb-5325-4a84-a025-9638a412984e/12cbe2ae-1a8e-4c6b-9f7d-e3e3498aaf08/edad556a-53ca-4718-b6d4-f7d556147b15 -> #PWR079 (kibot - v6_sch.py:2785)
DEBUG:- /c5103ceb-5325-4a84-a025-9638a412984e/12cbe2ae-1a8e-4c6b-9f7d-e3e3498aaf08/f1527fe8-4dc1-4342-b776-66c1090f0035 -> #PWR072 (kibot - v6_sch.py:2785)
DEBUG:- /c5103ceb-5325-4a84-a025-9638a412984e/23a05425-cd73-491c-818b-159167f2224d -> H2 (kibot - v6_sch.py:2785)
DEBUG:- /c5103ceb-5325-4a84-a025-9638a412984e/26df5403-c765-4753-8212-d0d4cb72bc95 -> H4 (kibot - v6_sch.py:2785)
DEBUG:- /c5103ceb-5325-4a84-a025-9638a412984e/d3521bad-8bfb-4d5d-9b2f-69d84a7ec213 -> H3 (kibot - v6_sch.py:2785)
DEBUG:- /c5103ceb-5325-4a84-a025-9638a412984e/d5db1d1f-d222-4fda-804a-d3238065ee2f/086ff135-1bb3-4055-938e-3c45fa059202 -> C19 (kibot - v6_sch.py:2785)
DEBUG:- /c5103ceb-5325-4a84-a025-9638a412984e/d5db1d1f-d222-4fda-804a-d3238065ee2f/0961e312-2995-4c61-b90f-4505efaeaec5 -> #PWR063 (kibot - v6_sch.py:2785)
DEBUG:- /c5103ceb-5325-4a84-a025-9638a412984e/d5db1d1f-d222-4fda-804a-d3238065ee2f/0b7d89d1-9d4f-4519-a781-3375bd8da366 -> PS2 (kibot - v6_sch.py:2785)
DEBUG:- /c5103ceb-5325-4a84-a025-9638a412984e/d5db1d1f-d222-4fda-804a-d3238065ee2f/19241219-7930-4f14-96b7-853df3da6875 -> U5 (kibot - v6_sch.py:2785)
DEBUG:- /c5103ceb-5325-4a84-a025-9638a412984e/d5db1d1f-d222-4fda-804a-d3238065ee2f/1a110343-519a-4aeb-8474-5cdb1d0cdfa3 -> C15 (kibot - v6_sch.py:2785)
DEBUG:- /c5103ceb-5325-4a84-a025-9638a412984e/d5db1d1f-d222-4fda-804a-d3238065ee2f/3bce580d-7574-44bb-a0c5-3d0adae5633c -> C17 (kibot - v6_sch.py:2785)
DEBUG:- /c5103ceb-5325-4a84-a025-9638a412984e/d5db1d1f-d222-4fda-804a-d3238065ee2f/4d595821-6401-439f-9dc6-577d5ddc0ed0 -> #PWR057 (kibot - v6_sch.py:2785)
DEBUG:- /c5103ceb-5325-4a84-a025-9638a412984e/d5db1d1f-d222-4fda-804a-d3238065ee2f/6011de63-4564-413a-bac1-b82589c34577 -> #PWR084 (kibot - v6_sch.py:2785)
DEBUG:- /c5103ceb-5325-4a84-a025-9638a412984e/d5db1d1f-d222-4fda-804a-d3238065ee2f/6371bc7d-f746-415a-b3ad-3bc64b708af9 -> #PWR086 (kibot - v6_sch.py:2785)
DEBUG:- /c5103ceb-5325-4a84-a025-9638a412984e/d5db1d1f-d222-4fda-804a-d3238065ee2f/7d37e19e-3695-41b4-8cad-d6d845f8a027 -> C16 (kibot - v6_sch.py:2785)
DEBUG:- /c5103ceb-5325-4a84-a025-9638a412984e/d5db1d1f-d222-4fda-804a-d3238065ee2f/8d92f7bf-e908-4e64-8ffc-6874a6e03578 -> J4 (kibot - v6_sch.py:2785)
DEBUG:- /c5103ceb-5325-4a84-a025-9638a412984e/d5db1d1f-d222-4fda-804a-d3238065ee2f/a128b6ae-3cd0-4004-aac4-f0e1068de42c -> C18 (kibot - v6_sch.py:2785)
DEBUG:- /c5103ceb-5325-4a84-a025-9638a412984e/d5db1d1f-d222-4fda-804a-d3238065ee2f/b9cc73cf-2fe3-412a-a5aa-0a5da237d54f -> C21 (kibot - v6_sch.py:2785)
DEBUG:- /c5103ceb-5325-4a84-a025-9638a412984e/d5db1d1f-d222-4fda-804a-d3238065ee2f/ba306517-f971-4e41-a0a3-6683d0727f79 -> #PWR089 (kibot - v6_sch.py:2785)
DEBUG:- /c5103ceb-5325-4a84-a025-9638a412984e/d5db1d1f-d222-4fda-804a-d3238065ee2f/baf546e8-35d2-4f6d-aa91-d717fdccde6d -> #PWR064 (kibot - v6_sch.py:2785)
DEBUG:- /c5103ceb-5325-4a84-a025-9638a412984e/d5db1d1f-d222-4fda-804a-d3238065ee2f/bc8ff2e6-37ee-4222-b44c-97363531e651 -> #PWR055 (kibot - v6_sch.py:2785)
DEBUG:- /c5103ceb-5325-4a84-a025-9638a412984e/d5db1d1f-d222-4fda-804a-d3238065ee2f/c6ed9c55-ec3e-43b5-b166-acbc9472f872 -> C20 (kibot - v6_sch.py:2785)
DEBUG:- /c5103ceb-5325-4a84-a025-9638a412984e/d5db1d1f-d222-4fda-804a-d3238065ee2f/d3f51d57-2595-457a-8ed4-f61e0418871f -> #PWR060 (kibot - v6_sch.py:2785)
DEBUG:- /c5103ceb-5325-4a84-a025-9638a412984e/d5db1d1f-d222-4fda-804a-d3238065ee2f/d4b5d29b-842b-4090-974f-77281b2eca23 -> #PWR059 (kibot - v6_sch.py:2785)
DEBUG:- /c5103ceb-5325-4a84-a025-9638a412984e/d5db1d1f-d222-4fda-804a-d3238065ee2f/de56490e-3315-433b-9a50-7d3ed1b91229 -> #PWR069 (kibot - v6_sch.py:2785)
DEBUG:- /c5103ceb-5325-4a84-a025-9638a412984e/d5db1d1f-d222-4fda-804a-d3238065ee2f/e1fe1541-3c48-43f8-938c-680da04d10ed -> PS1 (kibot - v6_sch.py:2785)
DEBUG:- /c5103ceb-5325-4a84-a025-9638a412984e/d5db1d1f-d222-4fda-804a-d3238065ee2f/eeb974cf-7120-4386-871f-5eb5f7237422 -> #PWR053 (kibot - v6_sch.py:2785)
DEBUG:- /c5103ceb-5325-4a84-a025-9638a412984e/d5db1d1f-d222-4fda-804a-d3238065ee2f/fa3e0a65-0d5a-4f8c-8ba4-6a3dafd5afff -> #PWR062 (kibot - v6_sch.py:2785)
DEBUG:- /c5103ceb-5325-4a84-a025-9638a412984e/e744f3ce-03a6-44a6-8792-1447ef232b9a/0602c154-53bf-455d-8d4e-9f866661a94a -> #PWR031 (kibot - v6_sch.py:2785)
DEBUG:- /c5103ceb-5325-4a84-a025-9638a412984e/e744f3ce-03a6-44a6-8792-1447ef232b9a/0d3cae76-be5e-41f9-9190-83c6eb3ab5ba -> #PWR038 (kibot - v6_sch.py:2785)
DEBUG:- /c5103ceb-5325-4a84-a025-9638a412984e/e744f3ce-03a6-44a6-8792-1447ef232b9a/180a0f83-c44d-4629-bef5-46e3c6380012 -> #PWR068 (kibot - v6_sch.py:2785)
DEBUG:- /c5103ceb-5325-4a84-a025-9638a412984e/e744f3ce-03a6-44a6-8792-1447ef232b9a/1c661246-d569-4924-9bb8-84f2d3b9bce2 -> U3 (kibot - v6_sch.py:2785)
DEBUG:- /c5103ceb-5325-4a84-a025-9638a412984e/e744f3ce-03a6-44a6-8792-1447ef232b9a/2145e905-a625-41a5-87aa-6cae691f0056 -> C10 (kibot - v6_sch.py:2785)
DEBUG:- /c5103ceb-5325-4a84-a025-9638a412984e/e744f3ce-03a6-44a6-8792-1447ef232b9a/4025ead1-0561-492a-97ad-34c1ff063033 -> C11 (kibot - v6_sch.py:2785)
DEBUG:- /c5103ceb-5325-4a84-a025-9638a412984e/e744f3ce-03a6-44a6-8792-1447ef232b9a/42b3ad61-bfa1-4b93-b256-06207b0d9c89 -> #PWR041 (kibot - v6_sch.py:2785)
DEBUG:- /c5103ceb-5325-4a84-a025-9638a412984e/e744f3ce-03a6-44a6-8792-1447ef232b9a/446c62b1-639d-4c4e-8f7f-49e1537f9e02 -> C12 (kibot - v6_sch.py:2785)
DEBUG:- /c5103ceb-5325-4a84-a025-9638a412984e/e744f3ce-03a6-44a6-8792-1447ef232b9a/489f520f-65c4-4829-8f03-73fe41aaa607 -> #PWR052 (kibot - v6_sch.py:2785)
DEBUG:- /c5103ceb-5325-4a84-a025-9638a412984e/e744f3ce-03a6-44a6-8792-1447ef232b9a/4dc48b45-3374-4205-8635-b5109e36b2be -> #PWR025 (kibot - v6_sch.py:2785)
DEBUG:- /c5103ceb-5325-4a84-a025-9638a412984e/e744f3ce-03a6-44a6-8792-1447ef232b9a/5158181e-2d7a-4777-84af-6fca8706ce04 -> #PWR067 (kibot - v6_sch.py:2785)
DEBUG:- /c5103ceb-5325-4a84-a025-9638a412984e/e744f3ce-03a6-44a6-8792-1447ef232b9a/5314503c-1aba-4f50-84a7-b3505e93fed6 -> J2 (kibot - v6_sch.py:2785)
DEBUG:- /c5103ceb-5325-4a84-a025-9638a412984e/e744f3ce-03a6-44a6-8792-1447ef232b9a/57ebc9a8-5aec-4494-90d7-1ea85794561b -> J6 (kibot - v6_sch.py:2785)
DEBUG:- /c5103ceb-5325-4a84-a025-9638a412984e/e744f3ce-03a6-44a6-8792-1447ef232b9a/5857d6f7-ed75-4429-9906-35fec1a0133d -> J5 (kibot - v6_sch.py:2785)
DEBUG:- /c5103ceb-5325-4a84-a025-9638a412984e/e744f3ce-03a6-44a6-8792-1447ef232b9a/5d0d4c9c-7b15-4587-a191-73c6d0664a02 -> #PWR048 (kibot - v6_sch.py:2785)
DEBUG:- /c5103ceb-5325-4a84-a025-9638a412984e/e744f3ce-03a6-44a6-8792-1447ef232b9a/64d7211b-8bc0-4631-9ec6-4a1d1b9c0017 -> C7 (kibot - v6_sch.py:2785)
DEBUG:- /c5103ceb-5325-4a84-a025-9638a412984e/e744f3ce-03a6-44a6-8792-1447ef232b9a/69ca2d49-0cb3-43ac-af95-1a392b3bbd0a -> #PWR045 (kibot - v6_sch.py:2785)
DEBUG:- /c5103ceb-5325-4a84-a025-9638a412984e/e744f3ce-03a6-44a6-8792-1447ef232b9a/7151530c-90f3-48ab-b1fb-8baa00043c9d -> C8 (kibot - v6_sch.py:2785)
DEBUG:- /c5103ceb-5325-4a84-a025-9638a412984e/e744f3ce-03a6-44a6-8792-1447ef232b9a/7b71bad7-bb6d-489b-8de3-30c251a184aa -> #PWR027 (kibot - v6_sch.py:2785)
DEBUG:- /c5103ceb-5325-4a84-a025-9638a412984e/e744f3ce-03a6-44a6-8792-1447ef232b9a/7fb8a9d8-2002-43ab-8c2f-e7de36e57421 -> #PWR023 (kibot - v6_sch.py:2785)
DEBUG:- /c5103ceb-5325-4a84-a025-9638a412984e/e744f3ce-03a6-44a6-8792-1447ef232b9a/850858d5-6959-4659-9e3e-c1c9b220c8d2 -> #PWR026 (kibot - v6_sch.py:2785)
DEBUG:- /c5103ceb-5325-4a84-a025-9638a412984e/e744f3ce-03a6-44a6-8792-1447ef232b9a/85c5333b-e257-4f60-8a41-e88bf4f1bbd9 -> C13 (kibot - v6_sch.py:2785)
DEBUG:- /c5103ceb-5325-4a84-a025-9638a412984e/e744f3ce-03a6-44a6-8792-1447ef232b9a/8ead91b9-51c9-47c3-8b2c-ae63086cebf1 -> R7 (kibot - v6_sch.py:2785)
DEBUG:- /c5103ceb-5325-4a84-a025-9638a412984e/e744f3ce-03a6-44a6-8792-1447ef232b9a/90e07b03-ac29-498a-8a58-aa762ccd9b3c -> #PWR033 (kibot - v6_sch.py:2785)
DEBUG:- /c5103ceb-5325-4a84-a025-9638a412984e/e744f3ce-03a6-44a6-8792-1447ef232b9a/92f93275-19b2-4cf5-8081-5b02d72d5f9c -> R6 (kibot - v6_sch.py:2785)
DEBUG:- /c5103ceb-5325-4a84-a025-9638a412984e/e744f3ce-03a6-44a6-8792-1447ef232b9a/9a57cbe8-a0b1-45f8-b06a-737224a4d8d8 -> #PWR066 (kibot - v6_sch.py:2785)
DEBUG:- /c5103ceb-5325-4a84-a025-9638a412984e/e744f3ce-03a6-44a6-8792-1447ef232b9a/9e1d2907-727c-4b22-867a-644ebeb8b6f2 -> R8 (kibot - v6_sch.py:2785)
DEBUG:- /c5103ceb-5325-4a84-a025-9638a412984e/e744f3ce-03a6-44a6-8792-1447ef232b9a/a0638ea2-ffc1-4ed0-bb99-279fceaa2d80 -> C9 (kibot - v6_sch.py:2785)
DEBUG:- /c5103ceb-5325-4a84-a025-9638a412984e/e744f3ce-03a6-44a6-8792-1447ef232b9a/a23849d5-4855-4750-84b9-b2e8a4763a1c -> #PWR044 (kibot - v6_sch.py:2785)
DEBUG:- /c5103ceb-5325-4a84-a025-9638a412984e/e744f3ce-03a6-44a6-8792-1447ef232b9a/a34664d3-6c4c-4361-92dc-33a80529fd2d -> #PWR035 (kibot - v6_sch.py:2785)
DEBUG:- /c5103ceb-5325-4a84-a025-9638a412984e/e744f3ce-03a6-44a6-8792-1447ef232b9a/a6b02abc-7314-4195-bb8e-a3c35772d8f4 -> C6 (kibot - v6_sch.py:2785)
DEBUG:- /c5103ceb-5325-4a84-a025-9638a412984e/e744f3ce-03a6-44a6-8792-1447ef232b9a/ab70a4ac-3cf3-436e-b4b2-2a1ebf1f6bcd -> #PWR032 (kibot - v6_sch.py:2785)
DEBUG:- /c5103ceb-5325-4a84-a025-9638a412984e/e744f3ce-03a6-44a6-8792-1447ef232b9a/aefea946-0db7-4e7f-81df-9bd46704fbf6 -> #PWR034 (kibot - v6_sch.py:2785)
DEBUG:- /c5103ceb-5325-4a84-a025-9638a412984e/e744f3ce-03a6-44a6-8792-1447ef232b9a/b12973b8-96d2-43ea-9133-5a975a065711 -> #PWR036 (kibot - v6_sch.py:2785)
DEBUG:- /c5103ceb-5325-4a84-a025-9638a412984e/e744f3ce-03a6-44a6-8792-1447ef232b9a/b6c7f071-c9eb-4d1c-a644-2c51291090bc -> #PWR065 (kibot - v6_sch.py:2785)
DEBUG:- /c5103ceb-5325-4a84-a025-9638a412984e/e744f3ce-03a6-44a6-8792-1447ef232b9a/bece9382-67ff-4eb4-a40c-b661629a1785 -> #PWR043 (kibot - v6_sch.py:2785)
DEBUG:- /c5103ceb-5325-4a84-a025-9638a412984e/e744f3ce-03a6-44a6-8792-1447ef232b9a/bf486c49-42cd-4e8d-b17b-455eb339e941 -> #PWR028 (kibot - v6_sch.py:2785)
DEBUG:- /c5103ceb-5325-4a84-a025-9638a412984e/e744f3ce-03a6-44a6-8792-1447ef232b9a/c1019820-3f7a-447d-a8b7-73d614fae028 -> #PWR051 (kibot - v6_sch.py:2785)
DEBUG:- /c5103ceb-5325-4a84-a025-9638a412984e/e744f3ce-03a6-44a6-8792-1447ef232b9a/c9caad8e-ad87-4d65-a163-c791a25c1c4d -> #PWR046 (kibot - v6_sch.py:2785)
DEBUG:- /c5103ceb-5325-4a84-a025-9638a412984e/e744f3ce-03a6-44a6-8792-1447ef232b9a/d038592d-9876-4335-b4e9-a7e2a469e5d2 -> #PWR030 (kibot - v6_sch.py:2785)
DEBUG:- /c5103ceb-5325-4a84-a025-9638a412984e/e744f3ce-03a6-44a6-8792-1447ef232b9a/d20c2f6f-6544-49d6-9c07-dc830f90f160 -> #PWR042 (kibot - v6_sch.py:2785)
DEBUG:- /c5103ceb-5325-4a84-a025-9638a412984e/e744f3ce-03a6-44a6-8792-1447ef232b9a/d5e2be10-d0cb-45d7-904b-f508fc03486e -> #PWR047 (kibot - v6_sch.py:2785)
DEBUG:- /c5103ceb-5325-4a84-a025-9638a412984e/e744f3ce-03a6-44a6-8792-1447ef232b9a/d8196f86-9b6c-45b8-9014-13bbd6bf0b52 -> #PWR050 (kibot - v6_sch.py:2785)
DEBUG:- /c5103ceb-5325-4a84-a025-9638a412984e/e744f3ce-03a6-44a6-8792-1447ef232b9a/db2f8dd6-8dd1-4a51-9b6d-7d05efc371c3 -> #PWR024 (kibot - v6_sch.py:2785)
DEBUG:- /c5103ceb-5325-4a84-a025-9638a412984e/e744f3ce-03a6-44a6-8792-1447ef232b9a/e135968c-9b54-47fb-ae05-1a2c508f1939 -> Y1 (kibot - v6_sch.py:2785)
DEBUG:- /c5103ceb-5325-4a84-a025-9638a412984e/e744f3ce-03a6-44a6-8792-1447ef232b9a/e28832bb-4177-4145-95d2-cdc89175770e -> #PWR049 (kibot - v6_sch.py:2785)
DEBUG:- /c5103ceb-5325-4a84-a025-9638a412984e/e744f3ce-03a6-44a6-8792-1447ef232b9a/e37e790a-3cf6-440f-9d4f-6a8ab5d5c939 -> C14 (kibot - v6_sch.py:2785)
DEBUG:- /c5103ceb-5325-4a84-a025-9638a412984e/e744f3ce-03a6-44a6-8792-1447ef232b9a/e5d6c2f9-8d3d-4463-911e-54664a826cc3 -> U2 (kibot - v6_sch.py:2785)
DEBUG:- /c5103ceb-5325-4a84-a025-9638a412984e/e744f3ce-03a6-44a6-8792-1447ef232b9a/ebed5bef-8e75-47f5-9f7d-1155fced79c3 -> #PWR029 (kibot - v6_sch.py:2785)
DEBUG:- /c5103ceb-5325-4a84-a025-9638a412984e/e744f3ce-03a6-44a6-8792-1447ef232b9a/ed64b1d9-af00-40dc-8e61-1e8c2666c67c -> R5 (kibot - v6_sch.py:2785)
DEBUG:- /c5103ceb-5325-4a84-a025-9638a412984e/e744f3ce-03a6-44a6-8792-1447ef232b9a/f2f28152-d131-422f-844a-dfbe4f63bb80 -> #PWR037 (kibot - v6_sch.py:2785)
DEBUG:- /c5103ceb-5325-4a84-a025-9638a412984e/e744f3ce-03a6-44a6-8792-1447ef232b9a/fabb3f53-f04b-4b7f-83e2-0da303b8ef85 -> U4 (kibot - v6_sch.py:2785)
DEBUG:- /c5103ceb-5325-4a84-a025-9638a412984e/f06537ee-772d-44d3-8c50-e0ba41038c9c/06baeba8-1484-4ec2-b240-79b035e34ebd -> C2 (kibot - v6_sch.py:2785)
DEBUG:- /c5103ceb-5325-4a84-a025-9638a412984e/f06537ee-772d-44d3-8c50-e0ba41038c9c/08fe15d1-daa5-4ef1-a77f-f4b543ef8338 -> #PWR09 (kibot - v6_sch.py:2785)
DEBUG:- /c5103ceb-5325-4a84-a025-9638a412984e/f06537ee-772d-44d3-8c50-e0ba41038c9c/0d111b85-9e2d-4f6d-be52-ec73da743575 -> #PWR014 (kibot - v6_sch.py:2785)
DEBUG:- /c5103ceb-5325-4a84-a025-9638a412984e/f06537ee-772d-44d3-8c50-e0ba41038c9c/0ea063b6-a688-448c-9461-4f1adb70bd0d -> #PWR08 (kibot - v6_sch.py:2785)
DEBUG:- /c5103ceb-5325-4a84-a025-9638a412984e/f06537ee-772d-44d3-8c50-e0ba41038c9c/103a2737-511a-4e33-9635-9569a59718fa -> #PWR04 (kibot - v6_sch.py:2785)
DEBUG:- /c5103ceb-5325-4a84-a025-9638a412984e/f06537ee-772d-44d3-8c50-e0ba41038c9c/12a02466-9a64-41ae-afc3-0f8303c5a7ef -> S1 (kibot - v6_sch.py:2785)
DEBUG:- /c5103ceb-5325-4a84-a025-9638a412984e/f06537ee-772d-44d3-8c50-e0ba41038c9c/166c595a-3304-445c-b4c2-5e3cbf379492 -> #PWR018 (kibot - v6_sch.py:2785)
DEBUG:- /c5103ceb-5325-4a84-a025-9638a412984e/f06537ee-772d-44d3-8c50-e0ba41038c9c/1a16f04c-7042-4793-a6d5-039db411ff72 -> #PWR078 (kibot - v6_sch.py:2785)
DEBUG:- /c5103ceb-5325-4a84-a025-9638a412984e/f06537ee-772d-44d3-8c50-e0ba41038c9c/1cf7f413-76c8-4f88-9231-80693edbfa62 -> U1 (kibot - v6_sch.py:2785)
DEBUG:- /c5103ceb-5325-4a84-a025-9638a412984e/f06537ee-772d-44d3-8c50-e0ba41038c9c/219ba249-405f-4a52-8b51-757abb8e8453 -> #PWR019 (kibot - v6_sch.py:2785)
DEBUG:- /c5103ceb-5325-4a84-a025-9638a412984e/f06537ee-772d-44d3-8c50-e0ba41038c9c/229b34e2-2d77-4537-8045-0bb1eedef656 -> #PWR02 (kibot - v6_sch.py:2785)
DEBUG:- /c5103ceb-5325-4a84-a025-9638a412984e/f06537ee-772d-44d3-8c50-e0ba41038c9c/2479450b-79dd-451a-b33f-bb45b2c73097 -> C5 (kibot - v6_sch.py:2785)
DEBUG:- /c5103ceb-5325-4a84-a025-9638a412984e/f06537ee-772d-44d3-8c50-e0ba41038c9c/351947b4-d59e-482c-a803-15ee8014d4d0 -> #PWR06 (kibot - v6_sch.py:2785)
DEBUG:- /c5103ceb-5325-4a84-a025-9638a412984e/f06537ee-772d-44d3-8c50-e0ba41038c9c/3d2f959c-9a38-4eb2-a9ef-2a1c48d21f16 -> R3 (kibot - v6_sch.py:2785)
DEBUG:- /c5103ceb-5325-4a84-a025-9638a412984e/f06537ee-772d-44d3-8c50-e0ba41038c9c/438c9085-3b04-4392-9661-2740b25fe8d5 -> #PWR07 (kibot - v6_sch.py:2785)
DEBUG:- /c5103ceb-5325-4a84-a025-9638a412984e/f06537ee-772d-44d3-8c50-e0ba41038c9c/50dc389f-c779-42c2-82eb-e637c073e3bc -> R4 (kibot - v6_sch.py:2785)
DEBUG:- /c5103ceb-5325-4a84-a025-9638a412984e/f06537ee-772d-44d3-8c50-e0ba41038c9c/546ee766-0238-4a8f-b6ee-463c6ae2a88a -> #PWR022 (kibot - v6_sch.py:2785)
DEBUG:- /c5103ceb-5325-4a84-a025-9638a412984e/f06537ee-772d-44d3-8c50-e0ba41038c9c/5d79985e-f679-45f6-b538-36b0a253f424 -> #PWR077 (kibot - v6_sch.py:2785)
DEBUG:- /c5103ceb-5325-4a84-a025-9638a412984e/f06537ee-772d-44d3-8c50-e0ba41038c9c/6592140f-a9c4-4374-b628-92ab2ced49cb -> D1 (kibot - v6_sch.py:2785)
DEBUG:- /c5103ceb-5325-4a84-a025-9638a412984e/f06537ee-772d-44d3-8c50-e0ba41038c9c/6bd8f97c-8a8c-4948-a370-ef544cd880b4 -> S2 (kibot - v6_sch.py:2785)
DEBUG:- /c5103ceb-5325-4a84-a025-9638a412984e/f06537ee-772d-44d3-8c50-e0ba41038c9c/6c145974-bd64-4ac4-9b73-0b2408ac309e -> R1 (kibot - v6_sch.py:2785)
DEBUG:- /c5103ceb-5325-4a84-a025-9638a412984e/f06537ee-772d-44d3-8c50-e0ba41038c9c/71f79983-f596-4ac3-808d-5b166fdb1d32 -> J1 (kibot - v6_sch.py:2785)
DEBUG:- /c5103ceb-5325-4a84-a025-9638a412984e/f06537ee-772d-44d3-8c50-e0ba41038c9c/851ff754-9216-4424-88cb-c0366588a5ca -> #PWR01 (kibot - v6_sch.py:2785)
DEBUG:- /c5103ceb-5325-4a84-a025-9638a412984e/f06537ee-772d-44d3-8c50-e0ba41038c9c/8adf5ee6-b54b-46dc-b0a3-b9f11829e459 -> J3 (kibot - v6_sch.py:2785)
DEBUG:- /c5103ceb-5325-4a84-a025-9638a412984e/f06537ee-772d-44d3-8c50-e0ba41038c9c/99ea952a-de55-4912-90bc-46ea388ed9f3 -> #PWR020 (kibot - v6_sch.py:2785)
DEBUG:- /c5103ceb-5325-4a84-a025-9638a412984e/f06537ee-772d-44d3-8c50-e0ba41038c9c/a26767a1-4082-4fa3-aab7-94f2994cf7da -> #PWR021 (kibot - v6_sch.py:2785)
DEBUG:- /c5103ceb-5325-4a84-a025-9638a412984e/f06537ee-772d-44d3-8c50-e0ba41038c9c/a933be52-12a6-4579-9318-7e24c983ecd6 -> #PWR011 (kibot - v6_sch.py:2785)
DEBUG:- /c5103ceb-5325-4a84-a025-9638a412984e/f06537ee-772d-44d3-8c50-e0ba41038c9c/ab28c7bd-ca75-4bc9-a043-e33b5661a532 -> C4 (kibot - v6_sch.py:2785)
DEBUG:- /c5103ceb-5325-4a84-a025-9638a412984e/f06537ee-772d-44d3-8c50-e0ba41038c9c/b8232bb0-cea7-4534-93ac-66262fcec443 -> R2 (kibot - v6_sch.py:2785)
DEBUG:- /c5103ceb-5325-4a84-a025-9638a412984e/f06537ee-772d-44d3-8c50-e0ba41038c9c/c32d009f-b9f3-4016-a547-25a33365dcf5 -> #PWR03 (kibot - v6_sch.py:2785)
DEBUG:- /c5103ceb-5325-4a84-a025-9638a412984e/f06537ee-772d-44d3-8c50-e0ba41038c9c/dabe5c13-606e-40ce-936c-8c9efa052b33 -> #PWR015 (kibot - v6_sch.py:2785)
DEBUG:- /c5103ceb-5325-4a84-a025-9638a412984e/f06537ee-772d-44d3-8c50-e0ba41038c9c/dd253088-4a40-4ce7-ba76-37b5367deb1b -> #PWR010 (kibot - v6_sch.py:2785)
DEBUG:- /c5103ceb-5325-4a84-a025-9638a412984e/f06537ee-772d-44d3-8c50-e0ba41038c9c/e10191bb-f2ca-4eab-aa69-0686e96b9941 -> C1 (kibot - v6_sch.py:2785)
DEBUG:- /c5103ceb-5325-4a84-a025-9638a412984e/f06537ee-772d-44d3-8c50-e0ba41038c9c/e76a408b-bd30-403a-85e7-2cad50e2ad1b -> J7 (kibot - v6_sch.py:2785)
DEBUG:- /c5103ceb-5325-4a84-a025-9638a412984e/f06537ee-772d-44d3-8c50-e0ba41038c9c/e7ac2a16-847d-450b-a639-a6f00959a976 -> C3 (kibot - v6_sch.py:2785)
DEBUG:- /c5103ceb-5325-4a84-a025-9638a412984e/f06537ee-772d-44d3-8c50-e0ba41038c9c/eb4ed082-6ca2-4d5e-b16e-36ef4ac6ad03 -> #PWR05 (kibot - v6_sch.py:2785)
DEBUG:- /c5103ceb-5325-4a84-a025-9638a412984e/f06537ee-772d-44d3-8c50-e0ba41038c9c/ecd40d38-737f-4325-87cf-6ccf7dce7336 -> #PWR016 (kibot - v6_sch.py:2785)
DEBUG:- /c5103ceb-5325-4a84-a025-9638a412984e/f06537ee-772d-44d3-8c50-e0ba41038c9c/ef6458f9-b828-4866-a189-f8de71e8fdd9 -> #PWR012 (kibot - v6_sch.py:2785)
DEBUG:- /c5103ceb-5325-4a84-a025-9638a412984e/f06537ee-772d-44d3-8c50-e0ba41038c9c/f7a1c3e5-9996-4c55-b1ec-ba580d98a2d9 -> #PWR013 (kibot - v6_sch.py:2785)
DEBUG:- /c5103ceb-5325-4a84-a025-9638a412984e/fbcfdaf3-2d18-45bc-a970-609134ad2656 -> H1 (kibot - v6_sch.py:2785)
DEBUG:Collected sheet paths (kibot - v6_sch.py:2786)
DEBUG:- / (kibot - v6_sch.py:2788)
DEBUG:- /5fb05893-0da3-4f58-a52b-cb6d6f4cb80b (kibot - v6_sch.py:2788)
DEBUG:- /6e125bd6-2f99-4e5d-b3ea-4899f4540739 (kibot - v6_sch.py:2788)
DEBUG:- /82da9dbf-ba38-4d08-ba35-a220fa2963b1 (kibot - v6_sch.py:2788)
DEBUG:- /c5103ceb-5325-4a84-a025-9638a412984e (kibot - v6_sch.py:2788)
DEBUG:  - /c5103ceb-5325-4a84-a025-9638a412984e/23a05425-cd73-491c-818b-159167f2224d -> ?? (MountingHole_Pad ) (kibot - v6_sch.py:2790)
DEBUG:  - /c5103ceb-5325-4a84-a025-9638a412984e/26df5403-c765-4753-8212-d0d4cb72bc95 -> ?? (MountingHole_Pad ) (kibot - v6_sch.py:2790)
DEBUG:  - /c5103ceb-5325-4a84-a025-9638a412984e/d3521bad-8bfb-4d5d-9b2f-69d84a7ec213 -> ?? (MountingHole_Pad ) (kibot - v6_sch.py:2790)
DEBUG:  - /c5103ceb-5325-4a84-a025-9638a412984e/fbcfdaf3-2d18-45bc-a970-609134ad2656 -> ?? (MountingHole_Pad ) (kibot - v6_sch.py:2790)
DEBUG:- /c5103ceb-5325-4a84-a025-9638a412984e/12cbe2ae-1a8e-4c6b-9f7d-e3e3498aaf08 (kibot - v6_sch.py:2788)
DEBUG:  - /c5103ceb-5325-4a84-a025-9638a412984e/12cbe2ae-1a8e-4c6b-9f7d-e3e3498aaf08/01779492-2f3b-42a7-aa41-45f832797266 -> ?? (+3V0 ) (kibot - v6_sch.py:2790)
DEBUG:  - /c5103ceb-5325-4a84-a025-9638a412984e/12cbe2ae-1a8e-4c6b-9f7d-e3e3498aaf08/1f3a188f-5b8e-4adf-9beb-cddf90664777 -> ?? (C ) (kibot - v6_sch.py:2790)
DEBUG:  - /c5103ceb-5325-4a84-a025-9638a412984e/12cbe2ae-1a8e-4c6b-9f7d-e3e3498aaf08/26c673ec-c19e-4cc2-b1e9-eae7a164202e -> ?? (DS3231MZ ) (kibot - v6_sch.py:2790)
DEBUG:  - /c5103ceb-5325-4a84-a025-9638a412984e/12cbe2ae-1a8e-4c6b-9f7d-e3e3498aaf08/36077509-10d8-44a1-ad9e-2ba27bcd178c -> ?? (GND ) (kibot - v6_sch.py:2790)
DEBUG:  - /c5103ceb-5325-4a84-a025-9638a412984e/12cbe2ae-1a8e-4c6b-9f7d-e3e3498aaf08/3e22b80c-2dde-48c4-8735-cf0188bb6d6a -> ?? (R ) (kibot - v6_sch.py:2790)
DEBUG:  - /c5103ceb-5325-4a84-a025-9638a412984e/12cbe2ae-1a8e-4c6b-9f7d-e3e3498aaf08/4a574b12-a4ed-4405-a0ed-058468462d41 -> ?? (Battery_Cell ) (kibot - v6_sch.py:2790)
DEBUG:  - /c5103ceb-5325-4a84-a025-9638a412984e/12cbe2ae-1a8e-4c6b-9f7d-e3e3498aaf08/58439e14-6768-445c-b187-941e36726446 -> ?? (GND ) (kibot - v6_sch.py:2790)
DEBUG:  - /c5103ceb-5325-4a84-a025-9638a412984e/12cbe2ae-1a8e-4c6b-9f7d-e3e3498aaf08/5b82e6b9-d398-4567-8141-c30114e7a1d2 -> ?? (+3V3 ) (kibot - v6_sch.py:2790)
DEBUG:  - /c5103ceb-5325-4a84-a025-9638a412984e/12cbe2ae-1a8e-4c6b-9f7d-e3e3498aaf08/9581358d-af45-425f-a7c9-494a83291d57 -> ?? (GND ) (kibot - v6_sch.py:2790)
DEBUG:  - /c5103ceb-5325-4a84-a025-9638a412984e/12cbe2ae-1a8e-4c6b-9f7d-e3e3498aaf08/a2f022c3-8773-4022-bfdd-f046c19097f1 -> ?? (R ) (kibot - v6_sch.py:2790)
DEBUG:  - /c5103ceb-5325-4a84-a025-9638a412984e/12cbe2ae-1a8e-4c6b-9f7d-e3e3498aaf08/a82b7d81-b3d6-4204-a489-c503f01cbfea -> ?? (C ) (kibot - v6_sch.py:2790)
DEBUG:  - /c5103ceb-5325-4a84-a025-9638a412984e/12cbe2ae-1a8e-4c6b-9f7d-e3e3498aaf08/ab4f3865-bba9-4b95-a064-9aaa5ba745bd -> ?? (+3V3 ) (kibot - v6_sch.py:2790)
DEBUG:  - /c5103ceb-5325-4a84-a025-9638a412984e/12cbe2ae-1a8e-4c6b-9f7d-e3e3498aaf08/d4beed96-72fb-4bbb-bea3-65fba95b772b -> ?? (+3V3 ) (kibot - v6_sch.py:2790)
DEBUG:  - /c5103ceb-5325-4a84-a025-9638a412984e/12cbe2ae-1a8e-4c6b-9f7d-e3e3498aaf08/dfe4792c-b568-4bf4-bfdf-3b9ee55cf269 -> ?? (+3V0 ) (kibot - v6_sch.py:2790)
DEBUG:  - /c5103ceb-5325-4a84-a025-9638a412984e/12cbe2ae-1a8e-4c6b-9f7d-e3e3498aaf08/e7631a4e-583d-4316-a24d-5a4721c172ac -> ?? (+3V3 ) (kibot - v6_sch.py:2790)
DEBUG:  - /c5103ceb-5325-4a84-a025-9638a412984e/12cbe2ae-1a8e-4c6b-9f7d-e3e3498aaf08/ec50eb43-2276-4f93-a917-63331809e0aa -> ?? (+3V3 ) (kibot - v6_sch.py:2790)
DEBUG:  - /c5103ceb-5325-4a84-a025-9638a412984e/12cbe2ae-1a8e-4c6b-9f7d-e3e3498aaf08/ed1860d7-f1b6-4353-a3d3-853bc783ab3e -> ?? (R ) (kibot - v6_sch.py:2790)
DEBUG:  - /c5103ceb-5325-4a84-a025-9638a412984e/12cbe2ae-1a8e-4c6b-9f7d-e3e3498aaf08/edad556a-53ca-4718-b6d4-f7d556147b15 -> ?? (+3V0 ) (kibot - v6_sch.py:2790)
DEBUG:  - /c5103ceb-5325-4a84-a025-9638a412984e/12cbe2ae-1a8e-4c6b-9f7d-e3e3498aaf08/f1527fe8-4dc1-4342-b776-66c1090f0035 -> ?? (GND ) (kibot - v6_sch.py:2790)
DEBUG:- /c5103ceb-5325-4a84-a025-9638a412984e/d5db1d1f-d222-4fda-804a-d3238065ee2f (kibot - v6_sch.py:2788)
DEBUG:  - /c5103ceb-5325-4a84-a025-9638a412984e/d5db1d1f-d222-4fda-804a-d3238065ee2f/086ff135-1bb3-4055-938e-3c45fa059202 -> ?? (C ) (kibot - v6_sch.py:2790)
DEBUG:  - /c5103ceb-5325-4a84-a025-9638a412984e/d5db1d1f-d222-4fda-804a-d3238065ee2f/0961e312-2995-4c61-b90f-4505efaeaec5 -> ?? (+5VA ) (kibot - v6_sch.py:2790)
DEBUG:  - /c5103ceb-5325-4a84-a025-9638a412984e/d5db1d1f-d222-4fda-804a-d3238065ee2f/0b7d89d1-9d4f-4519-a781-3375bd8da366 -> ?? (RFM-0505S ) (kibot - v6_sch.py:2790)
DEBUG:  - /c5103ceb-5325-4a84-a025-9638a412984e/d5db1d1f-d222-4fda-804a-d3238065ee2f/19241219-7930-4f14-96b7-853df3da6875 -> ?? (TLV1117LV33DCYT ) (kibot - v6_sch.py:2790)
DEBUG:  - /c5103ceb-5325-4a84-a025-9638a412984e/d5db1d1f-d222-4fda-804a-d3238065ee2f/1a110343-519a-4aeb-8474-5cdb1d0cdfa3 -> ?? (C ) (kibot - v6_sch.py:2790)
DEBUG:  - /c5103ceb-5325-4a84-a025-9638a412984e/d5db1d1f-d222-4fda-804a-d3238065ee2f/3bce580d-7574-44bb-a0c5-3d0adae5633c -> ?? (C ) (kibot - v6_sch.py:2790)
DEBUG:  - /c5103ceb-5325-4a84-a025-9638a412984e/d5db1d1f-d222-4fda-804a-d3238065ee2f/4d595821-6401-439f-9dc6-577d5ddc0ed0 -> ?? (+5V ) (kibot - v6_sch.py:2790)
DEBUG:  - /c5103ceb-5325-4a84-a025-9638a412984e/d5db1d1f-d222-4fda-804a-d3238065ee2f/6011de63-4564-413a-bac1-b82589c34577 -> ?? (GND1 ) (kibot - v6_sch.py:2790)
DEBUG:  - /c5103ceb-5325-4a84-a025-9638a412984e/d5db1d1f-d222-4fda-804a-d3238065ee2f/6371bc7d-f746-415a-b3ad-3bc64b708af9 -> ?? (GND ) (kibot - v6_sch.py:2790)
DEBUG:  - /c5103ceb-5325-4a84-a025-9638a412984e/d5db1d1f-d222-4fda-804a-d3238065ee2f/7d37e19e-3695-41b4-8cad-d6d845f8a027 -> ?? (C ) (kibot - v6_sch.py:2790)
DEBUG:  - /c5103ceb-5325-4a84-a025-9638a412984e/d5db1d1f-d222-4fda-804a-d3238065ee2f/8d92f7bf-e908-4e64-8ffc-6874a6e03578 -> ?? (691313510002 ) (kibot - v6_sch.py:2790)
DEBUG:  - /c5103ceb-5325-4a84-a025-9638a412984e/d5db1d1f-d222-4fda-804a-d3238065ee2f/a128b6ae-3cd0-4004-aac4-f0e1068de42c -> ?? (C ) (kibot - v6_sch.py:2790)
DEBUG:  - /c5103ceb-5325-4a84-a025-9638a412984e/d5db1d1f-d222-4fda-804a-d3238065ee2f/b9cc73cf-2fe3-412a-a5aa-0a5da237d54f -> ?? (C ) (kibot - v6_sch.py:2790)
DEBUG:  - /c5103ceb-5325-4a84-a025-9638a412984e/d5db1d1f-d222-4fda-804a-d3238065ee2f/ba306517-f971-4e41-a0a3-6683d0727f79 -> ?? (+3V3 ) (kibot - v6_sch.py:2790)
DEBUG:  - /c5103ceb-5325-4a84-a025-9638a412984e/d5db1d1f-d222-4fda-804a-d3238065ee2f/baf546e8-35d2-4f6d-aa91-d717fdccde6d -> ?? (GND ) (kibot - v6_sch.py:2790)
DEBUG:  - /c5103ceb-5325-4a84-a025-9638a412984e/d5db1d1f-d222-4fda-804a-d3238065ee2f/bc8ff2e6-37ee-4222-b44c-97363531e651 -> ?? (+5VA ) (kibot - v6_sch.py:2790)
DEBUG:  - /c5103ceb-5325-4a84-a025-9638a412984e/d5db1d1f-d222-4fda-804a-d3238065ee2f/c6ed9c55-ec3e-43b5-b166-acbc9472f872 -> ?? (C ) (kibot - v6_sch.py:2790)
DEBUG:  - /c5103ceb-5325-4a84-a025-9638a412984e/d5db1d1f-d222-4fda-804a-d3238065ee2f/d3f51d57-2595-457a-8ed4-f61e0418871f -> ?? (GND ) (kibot - v6_sch.py:2790)
DEBUG:  - /c5103ceb-5325-4a84-a025-9638a412984e/d5db1d1f-d222-4fda-804a-d3238065ee2f/d4b5d29b-842b-4090-974f-77281b2eca23 -> ?? (+5V ) (kibot - v6_sch.py:2790)
DEBUG:  - /c5103ceb-5325-4a84-a025-9638a412984e/d5db1d1f-d222-4fda-804a-d3238065ee2f/de56490e-3315-433b-9a50-7d3ed1b91229 -> ?? (GND1 ) (kibot - v6_sch.py:2790)
DEBUG:  - /c5103ceb-5325-4a84-a025-9638a412984e/d5db1d1f-d222-4fda-804a-d3238065ee2f/e1fe1541-3c48-43f8-938c-680da04d10ed -> ?? (RFM-0505S ) (kibot - v6_sch.py:2790)
DEBUG:  - /c5103ceb-5325-4a84-a025-9638a412984e/d5db1d1f-d222-4fda-804a-d3238065ee2f/eeb974cf-7120-4386-871f-5eb5f7237422 -> ?? (+5VA ) (kibot - v6_sch.py:2790)
DEBUG:  - /c5103ceb-5325-4a84-a025-9638a412984e/d5db1d1f-d222-4fda-804a-d3238065ee2f/fa3e0a65-0d5a-4f8c-8ba4-6a3dafd5afff -> ?? (GND ) (kibot - v6_sch.py:2790)
DEBUG:- /c5103ceb-5325-4a84-a025-9638a412984e/e744f3ce-03a6-44a6-8792-1447ef232b9a (kibot - v6_sch.py:2788)
DEBUG:  - /c5103ceb-5325-4a84-a025-9638a412984e/e744f3ce-03a6-44a6-8792-1447ef232b9a/0602c154-53bf-455d-8d4e-9f866661a94a -> ?? (+3V3 ) (kibot - v6_sch.py:2790)
DEBUG:  - /c5103ceb-5325-4a84-a025-9638a412984e/e744f3ce-03a6-44a6-8792-1447ef232b9a/0d3cae76-be5e-41f9-9190-83c6eb3ab5ba -> ?? (GND ) (kibot - v6_sch.py:2790)
DEBUG:  - /c5103ceb-5325-4a84-a025-9638a412984e/e744f3ce-03a6-44a6-8792-1447ef232b9a/180a0f83-c44d-4629-bef5-46e3c6380012 -> ?? (GND1 ) (kibot - v6_sch.py:2790)
DEBUG:  - /c5103ceb-5325-4a84-a025-9638a412984e/e744f3ce-03a6-44a6-8792-1447ef232b9a/1c661246-d569-4924-9bb8-84f2d3b9bce2 -> ?? (ISO1050DUB ) (kibot - v6_sch.py:2790)
DEBUG:  - /c5103ceb-5325-4a84-a025-9638a412984e/e744f3ce-03a6-44a6-8792-1447ef232b9a/2145e905-a625-41a5-87aa-6cae691f0056 -> ?? (C ) (kibot - v6_sch.py:2790)
DEBUG:  - /c5103ceb-5325-4a84-a025-9638a412984e/e744f3ce-03a6-44a6-8792-1447ef232b9a/4025ead1-0561-492a-97ad-34c1ff063033 -> ?? (C ) (kibot - v6_sch.py:2790)
DEBUG:  - /c5103ceb-5325-4a84-a025-9638a412984e/e744f3ce-03a6-44a6-8792-1447ef232b9a/42b3ad61-bfa1-4b93-b256-06207b0d9c89 -> ?? (+5VA ) (kibot - v6_sch.py:2790)
DEBUG:  - /c5103ceb-5325-4a84-a025-9638a412984e/e744f3ce-03a6-44a6-8792-1447ef232b9a/446c62b1-639d-4c4e-8f7f-49e1537f9e02 -> ?? (C ) (kibot - v6_sch.py:2790)
DEBUG:  - /c5103ceb-5325-4a84-a025-9638a412984e/e744f3ce-03a6-44a6-8792-1447ef232b9a/489f520f-65c4-4829-8f03-73fe41aaa607 -> ?? (GND ) (kibot - v6_sch.py:2790)
DEBUG:  - /c5103ceb-5325-4a84-a025-9638a412984e/e744f3ce-03a6-44a6-8792-1447ef232b9a/4dc48b45-3374-4205-8635-b5109e36b2be -> ?? (+3V3 ) (kibot - v6_sch.py:2790)
DEBUG:  - /c5103ceb-5325-4a84-a025-9638a412984e/e744f3ce-03a6-44a6-8792-1447ef232b9a/5158181e-2d7a-4777-84af-6fca8706ce04 -> ?? (+5VA ) (kibot - v6_sch.py:2790)
DEBUG:  - /c5103ceb-5325-4a84-a025-9638a412984e/e744f3ce-03a6-44a6-8792-1447ef232b9a/5314503c-1aba-4f50-84a7-b3505e93fed6 -> ?? (Conn_01x04_Pin ) (kibot - v6_sch.py:2790)
DEBUG:  - /c5103ceb-5325-4a84-a025-9638a412984e/e744f3ce-03a6-44a6-8792-1447ef232b9a/57ebc9a8-5aec-4494-90d7-1ea85794561b -> ?? (Conn_01x04_Pin ) (kibot - v6_sch.py:2790)
DEBUG:  - /c5103ceb-5325-4a84-a025-9638a412984e/e744f3ce-03a6-44a6-8792-1447ef232b9a/5857d6f7-ed75-4429-9906-35fec1a0133d -> ?? (RJHSE5380 ) (kibot - v6_sch.py:2790)
DEBUG:  - /c5103ceb-5325-4a84-a025-9638a412984e/e744f3ce-03a6-44a6-8792-1447ef232b9a/5d0d4c9c-7b15-4587-a191-73c6d0664a02 -> ?? (GND1 ) (kibot - v6_sch.py:2790)
DEBUG:  - /c5103ceb-5325-4a84-a025-9638a412984e/e744f3ce-03a6-44a6-8792-1447ef232b9a/64d7211b-8bc0-4631-9ec6-4a1d1b9c0017 -> ?? (C ) (kibot - v6_sch.py:2790)
DEBUG:  - /c5103ceb-5325-4a84-a025-9638a412984e/e744f3ce-03a6-44a6-8792-1447ef232b9a/69ca2d49-0cb3-43ac-af95-1a392b3bbd0a -> ?? (GND ) (kibot - v6_sch.py:2790)
DEBUG:  - /c5103ceb-5325-4a84-a025-9638a412984e/e744f3ce-03a6-44a6-8792-1447ef232b9a/7151530c-90f3-48ab-b1fb-8baa00043c9d -> ?? (C ) (kibot - v6_sch.py:2790)
DEBUG:  - /c5103ceb-5325-4a84-a025-9638a412984e/e744f3ce-03a6-44a6-8792-1447ef232b9a/7b71bad7-bb6d-489b-8de3-30c251a184aa -> ?? (+3V3 ) (kibot - v6_sch.py:2790)
DEBUG:  - /c5103ceb-5325-4a84-a025-9638a412984e/e744f3ce-03a6-44a6-8792-1447ef232b9a/7fb8a9d8-2002-43ab-8c2f-e7de36e57421 -> ?? (+3V3 ) (kibot - v6_sch.py:2790)
DEBUG:  - /c5103ceb-5325-4a84-a025-9638a412984e/e744f3ce-03a6-44a6-8792-1447ef232b9a/850858d5-6959-4659-9e3e-c1c9b220c8d2 -> ?? (GND ) (kibot - v6_sch.py:2790)
DEBUG:  - /c5103ceb-5325-4a84-a025-9638a412984e/e744f3ce-03a6-44a6-8792-1447ef232b9a/85c5333b-e257-4f60-8a41-e88bf4f1bbd9 -> ?? (C ) (kibot - v6_sch.py:2790)
DEBUG:  - /c5103ceb-5325-4a84-a025-9638a412984e/e744f3ce-03a6-44a6-8792-1447ef232b9a/8ead91b9-51c9-47c3-8b2c-ae63086cebf1 -> ?? (R ) (kibot - v6_sch.py:2790)
DEBUG:  - /c5103ceb-5325-4a84-a025-9638a412984e/e744f3ce-03a6-44a6-8792-1447ef232b9a/90e07b03-ac29-498a-8a58-aa762ccd9b3c -> ?? (+5VA ) (kibot - v6_sch.py:2790)
DEBUG:  - /c5103ceb-5325-4a84-a025-9638a412984e/e744f3ce-03a6-44a6-8792-1447ef232b9a/92f93275-19b2-4cf5-8081-5b02d72d5f9c -> ?? (R ) (kibot - v6_sch.py:2790)
DEBUG:  - /c5103ceb-5325-4a84-a025-9638a412984e/e744f3ce-03a6-44a6-8792-1447ef232b9a/9a57cbe8-a0b1-45f8-b06a-737224a4d8d8 -> ?? (GND1 ) (kibot - v6_sch.py:2790)
DEBUG:  - /c5103ceb-5325-4a84-a025-9638a412984e/e744f3ce-03a6-44a6-8792-1447ef232b9a/9e1d2907-727c-4b22-867a-644ebeb8b6f2 -> ?? (R ) (kibot - v6_sch.py:2790)
DEBUG:  - /c5103ceb-5325-4a84-a025-9638a412984e/e744f3ce-03a6-44a6-8792-1447ef232b9a/a0638ea2-ffc1-4ed0-bb99-279fceaa2d80 -> ?? (C ) (kibot - v6_sch.py:2790)
DEBUG:  - /c5103ceb-5325-4a84-a025-9638a412984e/e744f3ce-03a6-44a6-8792-1447ef232b9a/a23849d5-4855-4750-84b9-b2e8a4763a1c -> ?? (GND1 ) (kibot - v6_sch.py:2790)
DEBUG:  - /c5103ceb-5325-4a84-a025-9638a412984e/e744f3ce-03a6-44a6-8792-1447ef232b9a/a34664d3-6c4c-4361-92dc-33a80529fd2d -> ?? (+5VA ) (kibot - v6_sch.py:2790)
DEBUG:  - /c5103ceb-5325-4a84-a025-9638a412984e/e744f3ce-03a6-44a6-8792-1447ef232b9a/a6b02abc-7314-4195-bb8e-a3c35772d8f4 -> ?? (C ) (kibot - v6_sch.py:2790)
DEBUG:  - /c5103ceb-5325-4a84-a025-9638a412984e/e744f3ce-03a6-44a6-8792-1447ef232b9a/ab70a4ac-3cf3-436e-b4b2-2a1ebf1f6bcd -> ?? (GND ) (kibot - v6_sch.py:2790)
DEBUG:  - /c5103ceb-5325-4a84-a025-9638a412984e/e744f3ce-03a6-44a6-8792-1447ef232b9a/aefea946-0db7-4e7f-81df-9bd46704fbf6 -> ?? (GND1 ) (kibot - v6_sch.py:2790)
DEBUG:  - /c5103ceb-5325-4a84-a025-9638a412984e/e744f3ce-03a6-44a6-8792-1447ef232b9a/b12973b8-96d2-43ea-9133-5a975a065711 -> ?? (GND1 ) (kibot - v6_sch.py:2790)
DEBUG:  - /c5103ceb-5325-4a84-a025-9638a412984e/e744f3ce-03a6-44a6-8792-1447ef232b9a/b6c7f071-c9eb-4d1c-a644-2c51291090bc -> ?? (GND1 ) (kibot - v6_sch.py:2790)
DEBUG:  - /c5103ceb-5325-4a84-a025-9638a412984e/e744f3ce-03a6-44a6-8792-1447ef232b9a/bece9382-67ff-4eb4-a40c-b661629a1785 -> ?? (+5VA ) (kibot - v6_sch.py:2790)
DEBUG:  - /c5103ceb-5325-4a84-a025-9638a412984e/e744f3ce-03a6-44a6-8792-1447ef232b9a/bf486c49-42cd-4e8d-b17b-455eb339e941 -> ?? (GND ) (kibot - v6_sch.py:2790)
DEBUG:  - /c5103ceb-5325-4a84-a025-9638a412984e/e744f3ce-03a6-44a6-8792-1447ef232b9a/c1019820-3f7a-447d-a8b7-73d614fae028 -> ?? (GND ) (kibot - v6_sch.py:2790)
DEBUG:  - /c5103ceb-5325-4a84-a025-9638a412984e/e744f3ce-03a6-44a6-8792-1447ef232b9a/c9caad8e-ad87-4d65-a163-c791a25c1c4d -> ?? (+5VA ) (kibot - v6_sch.py:2790)
DEBUG:  - /c5103ceb-5325-4a84-a025-9638a412984e/e744f3ce-03a6-44a6-8792-1447ef232b9a/d038592d-9876-4335-b4e9-a7e2a469e5d2 -> ?? (GND ) (kibot - v6_sch.py:2790)
DEBUG:  - /c5103ceb-5325-4a84-a025-9638a412984e/e744f3ce-03a6-44a6-8792-1447ef232b9a/d20c2f6f-6544-49d6-9c07-dc830f90f160 -> ?? (GND1 ) (kibot - v6_sch.py:2790)
DEBUG:  - /c5103ceb-5325-4a84-a025-9638a412984e/e744f3ce-03a6-44a6-8792-1447ef232b9a/d5e2be10-d0cb-45d7-904b-f508fc03486e -> ?? (GND1 ) (kibot - v6_sch.py:2790)
DEBUG:  - /c5103ceb-5325-4a84-a025-9638a412984e/e744f3ce-03a6-44a6-8792-1447ef232b9a/d8196f86-9b6c-45b8-9014-13bbd6bf0b52 -> ?? (GND ) (kibot - v6_sch.py:2790)
DEBUG:  - /c5103ceb-5325-4a84-a025-9638a412984e/e744f3ce-03a6-44a6-8792-1447ef232b9a/db2f8dd6-8dd1-4a51-9b6d-7d05efc371c3 -> ?? (GND ) (kibot - v6_sch.py:2790)
DEBUG:  - /c5103ceb-5325-4a84-a025-9638a412984e/e744f3ce-03a6-44a6-8792-1447ef232b9a/e135968c-9b54-47fb-ae05-1a2c508f1939 -> ?? (ABM3B-8.000MHZ-10-1-U-T ) (kibot - v6_sch.py:2790)
DEBUG:  - /c5103ceb-5325-4a84-a025-9638a412984e/e744f3ce-03a6-44a6-8792-1447ef232b9a/e28832bb-4177-4145-95d2-cdc89175770e -> ?? (GND1 ) (kibot - v6_sch.py:2790)
DEBUG:  - /c5103ceb-5325-4a84-a025-9638a412984e/e744f3ce-03a6-44a6-8792-1447ef232b9a/e37e790a-3cf6-440f-9d4f-6a8ab5d5c939 -> ?? (C ) (kibot - v6_sch.py:2790)
DEBUG:  - /c5103ceb-5325-4a84-a025-9638a412984e/e744f3ce-03a6-44a6-8792-1447ef232b9a/e5d6c2f9-8d3d-4463-911e-54664a826cc3 -> ?? (MCP2515-xST ) (kibot - v6_sch.py:2790)
DEBUG:  - /c5103ceb-5325-4a84-a025-9638a412984e/e744f3ce-03a6-44a6-8792-1447ef232b9a/ebed5bef-8e75-47f5-9f7d-1155fced79c3 -> ?? (+3V3 ) (kibot - v6_sch.py:2790)
DEBUG:  - /c5103ceb-5325-4a84-a025-9638a412984e/e744f3ce-03a6-44a6-8792-1447ef232b9a/ed64b1d9-af00-40dc-8e61-1e8c2666c67c -> ?? (R ) (kibot - v6_sch.py:2790)
DEBUG:  - /c5103ceb-5325-4a84-a025-9638a412984e/e744f3ce-03a6-44a6-8792-1447ef232b9a/f2f28152-d131-422f-844a-dfbe4f63bb80 -> ?? (+3V3 ) (kibot - v6_sch.py:2790)
DEBUG:  - /c5103ceb-5325-4a84-a025-9638a412984e/e744f3ce-03a6-44a6-8792-1447ef232b9a/fabb3f53-f04b-4b7f-83e2-0da303b8ef85 -> ?? (ISO1050DUB ) (kibot - v6_sch.py:2790)
DEBUG:- /c5103ceb-5325-4a84-a025-9638a412984e/f06537ee-772d-44d3-8c50-e0ba41038c9c (kibot - v6_sch.py:2788)
DEBUG:  - /c5103ceb-5325-4a84-a025-9638a412984e/f06537ee-772d-44d3-8c50-e0ba41038c9c/06baeba8-1484-4ec2-b240-79b035e34ebd -> ?? (C ) (kibot - v6_sch.py:2790)
DEBUG:  - /c5103ceb-5325-4a84-a025-9638a412984e/f06537ee-772d-44d3-8c50-e0ba41038c9c/08fe15d1-daa5-4ef1-a77f-f4b543ef8338 -> ?? (GND ) (kibot - v6_sch.py:2790)
DEBUG:  - /c5103ceb-5325-4a84-a025-9638a412984e/f06537ee-772d-44d3-8c50-e0ba41038c9c/0d111b85-9e2d-4f6d-be52-ec73da743575 -> ?? (GND ) (kibot - v6_sch.py:2790)
DEBUG:  - /c5103ceb-5325-4a84-a025-9638a412984e/f06537ee-772d-44d3-8c50-e0ba41038c9c/0ea063b6-a688-448c-9461-4f1adb70bd0d -> ?? (GND ) (kibot - v6_sch.py:2790)
DEBUG:  - /c5103ceb-5325-4a84-a025-9638a412984e/f06537ee-772d-44d3-8c50-e0ba41038c9c/103a2737-511a-4e33-9635-9569a59718fa -> ?? (GND ) (kibot - v6_sch.py:2790)
DEBUG:  - /c5103ceb-5325-4a84-a025-9638a412984e/f06537ee-772d-44d3-8c50-e0ba41038c9c/12a02466-9a64-41ae-afc3-0f8303c5a7ef -> ?? (EVQ-P2P02W ) (kibot - v6_sch.py:2790)
DEBUG:  - /c5103ceb-5325-4a84-a025-9638a412984e/f06537ee-772d-44d3-8c50-e0ba41038c9c/166c595a-3304-445c-b4c2-5e3cbf379492 -> ?? (GND ) (kibot - v6_sch.py:2790)
DEBUG:  - /c5103ceb-5325-4a84-a025-9638a412984e/f06537ee-772d-44d3-8c50-e0ba41038c9c/1a16f04c-7042-4793-a6d5-039db411ff72 -> ?? (GND ) (kibot - v6_sch.py:2790)
DEBUG:  - /c5103ceb-5325-4a84-a025-9638a412984e/f06537ee-772d-44d3-8c50-e0ba41038c9c/1cf7f413-76c8-4f88-9231-80693edbfa62 -> ?? (ESP32-S3-WROOM-2 ) (kibot - v6_sch.py:2790)
DEBUG:  - /c5103ceb-5325-4a84-a025-9638a412984e/f06537ee-772d-44d3-8c50-e0ba41038c9c/219ba249-405f-4a52-8b51-757abb8e8453 -> ?? (+5V ) (kibot - v6_sch.py:2790)
DEBUG:  - /c5103ceb-5325-4a84-a025-9638a412984e/f06537ee-772d-44d3-8c50-e0ba41038c9c/229b34e2-2d77-4537-8045-0bb1eedef656 -> ?? (GND ) (kibot - v6_sch.py:2790)
DEBUG:  - /c5103ceb-5325-4a84-a025-9638a412984e/f06537ee-772d-44d3-8c50-e0ba41038c9c/2479450b-79dd-451a-b33f-bb45b2c73097 -> ?? (C ) (kibot - v6_sch.py:2790)
DEBUG:  - /c5103ceb-5325-4a84-a025-9638a412984e/f06537ee-772d-44d3-8c50-e0ba41038c9c/351947b4-d59e-482c-a803-15ee8014d4d0 -> ?? (GND ) (kibot - v6_sch.py:2790)
DEBUG:  - /c5103ceb-5325-4a84-a025-9638a412984e/f06537ee-772d-44d3-8c50-e0ba41038c9c/3d2f959c-9a38-4eb2-a9ef-2a1c48d21f16 -> ?? (R ) (kibot - v6_sch.py:2790)
DEBUG:  - /c5103ceb-5325-4a84-a025-9638a412984e/f06537ee-772d-44d3-8c50-e0ba41038c9c/438c9085-3b04-4392-9661-2740b25fe8d5 -> ?? (+3V3 ) (kibot - v6_sch.py:2790)
DEBUG:  - /c5103ceb-5325-4a84-a025-9638a412984e/f06537ee-772d-44d3-8c50-e0ba41038c9c/50dc389f-c779-42c2-82eb-e637c073e3bc -> ?? (R ) (kibot - v6_sch.py:2790)
DEBUG:  - /c5103ceb-5325-4a84-a025-9638a412984e/f06537ee-772d-44d3-8c50-e0ba41038c9c/546ee766-0238-4a8f-b6ee-463c6ae2a88a -> ?? (GND ) (kibot - v6_sch.py:2790)
DEBUG:  - /c5103ceb-5325-4a84-a025-9638a412984e/f06537ee-772d-44d3-8c50-e0ba41038c9c/5d79985e-f679-45f6-b538-36b0a253f424 -> ?? (+5V ) (kibot - v6_sch.py:2790)
DEBUG:  - /c5103ceb-5325-4a84-a025-9638a412984e/f06537ee-772d-44d3-8c50-e0ba41038c9c/6592140f-a9c4-4374-b628-92ab2ced49cb -> ?? (WS2812B-2020 ) (kibot - v6_sch.py:2790)
DEBUG:  - /c5103ceb-5325-4a84-a025-9638a412984e/f06537ee-772d-44d3-8c50-e0ba41038c9c/6bd8f97c-8a8c-4948-a370-ef544cd880b4 -> ?? (EVQ-P2P02W ) (kibot - v6_sch.py:2790)
DEBUG:  - /c5103ceb-5325-4a84-a025-9638a412984e/f06537ee-772d-44d3-8c50-e0ba41038c9c/6c145974-bd64-4ac4-9b73-0b2408ac309e -> ?? (R ) (kibot - v6_sch.py:2790)
DEBUG:  - /c5103ceb-5325-4a84-a025-9638a412984e/f06537ee-772d-44d3-8c50-e0ba41038c9c/71f79983-f596-4ac3-808d-5b166fdb1d32 -> ?? (10155435-00011LF ) (kibot - v6_sch.py:2790)
DEBUG:  - /c5103ceb-5325-4a84-a025-9638a412984e/f06537ee-772d-44d3-8c50-e0ba41038c9c/851ff754-9216-4424-88cb-c0366588a5ca -> ?? (+3V3 ) (kibot - v6_sch.py:2790)
DEBUG:  - /c5103ceb-5325-4a84-a025-9638a412984e/f06537ee-772d-44d3-8c50-e0ba41038c9c/8adf5ee6-b54b-46dc-b0a3-b9f11829e459 -> ?? (691382010006 ) (kibot - v6_sch.py:2790)
DEBUG:  - /c5103ceb-5325-4a84-a025-9638a412984e/f06537ee-772d-44d3-8c50-e0ba41038c9c/99ea952a-de55-4912-90bc-46ea388ed9f3 -> ?? (GND ) (kibot - v6_sch.py:2790)
DEBUG:  - /c5103ceb-5325-4a84-a025-9638a412984e/f06537ee-772d-44d3-8c50-e0ba41038c9c/a26767a1-4082-4fa3-aab7-94f2994cf7da -> ?? (+5V ) (kibot - v6_sch.py:2790)
DEBUG:  - /c5103ceb-5325-4a84-a025-9638a412984e/f06537ee-772d-44d3-8c50-e0ba41038c9c/a933be52-12a6-4579-9318-7e24c983ecd6 -> ?? (+3V3 ) (kibot - v6_sch.py:2790)
DEBUG:  - /c5103ceb-5325-4a84-a025-9638a412984e/f06537ee-772d-44d3-8c50-e0ba41038c9c/ab28c7bd-ca75-4bc9-a043-e33b5661a532 -> ?? (C ) (kibot - v6_sch.py:2790)
DEBUG:  - /c5103ceb-5325-4a84-a025-9638a412984e/f06537ee-772d-44d3-8c50-e0ba41038c9c/b8232bb0-cea7-4534-93ac-66262fcec443 -> ?? (R ) (kibot - v6_sch.py:2790)
DEBUG:  - /c5103ceb-5325-4a84-a025-9638a412984e/f06537ee-772d-44d3-8c50-e0ba41038c9c/c32d009f-b9f3-4016-a547-25a33365dcf5 -> ?? (+3V3 ) (kibot - v6_sch.py:2790)
DEBUG:  - /c5103ceb-5325-4a84-a025-9638a412984e/f06537ee-772d-44d3-8c50-e0ba41038c9c/dabe5c13-606e-40ce-936c-8c9efa052b33 -> ?? (GND ) (kibot - v6_sch.py:2790)
DEBUG:  - /c5103ceb-5325-4a84-a025-9638a412984e/f06537ee-772d-44d3-8c50-e0ba41038c9c/dd253088-4a40-4ce7-ba76-37b5367deb1b -> ?? (GND ) (kibot - v6_sch.py:2790)
DEBUG:  - /c5103ceb-5325-4a84-a025-9638a412984e/f06537ee-772d-44d3-8c50-e0ba41038c9c/e10191bb-f2ca-4eab-aa69-0686e96b9941 -> ?? (C ) (kibot - v6_sch.py:2790)
DEBUG:  - /c5103ceb-5325-4a84-a025-9638a412984e/f06537ee-772d-44d3-8c50-e0ba41038c9c/e76a408b-bd30-403a-85e7-2cad50e2ad1b -> ?? (691382010006 ) (kibot - v6_sch.py:2790)
DEBUG:  - /c5103ceb-5325-4a84-a025-9638a412984e/f06537ee-772d-44d3-8c50-e0ba41038c9c/e7ac2a16-847d-450b-a639-a6f00959a976 -> ?? (C ) (kibot - v6_sch.py:2790)
DEBUG:  - /c5103ceb-5325-4a84-a025-9638a412984e/f06537ee-772d-44d3-8c50-e0ba41038c9c/eb4ed082-6ca2-4d5e-b16e-36ef4ac6ad03 -> ?? (+3V3 ) (kibot - v6_sch.py:2790)
DEBUG:  - /c5103ceb-5325-4a84-a025-9638a412984e/f06537ee-772d-44d3-8c50-e0ba41038c9c/ecd40d38-737f-4325-87cf-6ccf7dce7336 -> ?? (GND ) (kibot - v6_sch.py:2790)
DEBUG:  - /c5103ceb-5325-4a84-a025-9638a412984e/f06537ee-772d-44d3-8c50-e0ba41038c9c/ef6458f9-b828-4866-a189-f8de71e8fdd9 -> ?? (GND ) (kibot - v6_sch.py:2790)
DEBUG:  - /c5103ceb-5325-4a84-a025-9638a412984e/f06537ee-772d-44d3-8c50-e0ba41038c9c/f7a1c3e5-9996-4c55-b1ec-ba580d98a2d9 -> ?? (GND ) (kibot - v6_sch.py:2790)
DEBUG:Assigning components to instances (kibot - v6_sch.py:3038)
DEBUG:- /c5103ceb-5325-4a84-a025-9638a412984e/23a05425-cd73-491c-818b-159167f2224d -> H2 -> 140010441893136 23a05425-cd73-491c-818b-159167f2224d (kibot - v6_sch.py:3083)
DEBUG:- /c5103ceb-5325-4a84-a025-9638a412984e/26df5403-c765-4753-8212-d0d4cb72bc95 -> H4 -> 140010438269584 26df5403-c765-4753-8212-d0d4cb72bc95 (kibot - v6_sch.py:3083)
DEBUG:- /c5103ceb-5325-4a84-a025-9638a412984e/d3521bad-8bfb-4d5d-9b2f-69d84a7ec213 -> H3 -> 140010438269904 d3521bad-8bfb-4d5d-9b2f-69d84a7ec213 (kibot - v6_sch.py:3083)
DEBUG:- /c5103ceb-5325-4a84-a025-9638a412984e/fbcfdaf3-2d18-45bc-a970-609134ad2656 -> H1 -> 140010438270224 fbcfdaf3-2d18-45bc-a970-609134ad2656 (kibot - v6_sch.py:3083)
DEBUG:- /c5103ceb-5325-4a84-a025-9638a412984e/12cbe2ae-1a8e-4c6b-9f7d-e3e3498aaf08/01779492-2f3b-42a7-aa41-45f832797266 -> #PWR071 -> 140010440492368 01779492-2f3b-42a7-aa41-45f832797266 (kibot - v6_sch.py:3083)
DEBUG:- /c5103ceb-5325-4a84-a025-9638a412984e/12cbe2ae-1a8e-4c6b-9f7d-e3e3498aaf08/1f3a188f-5b8e-4adf-9beb-cddf90664777 -> C22 -> 140010440492688 1f3a188f-5b8e-4adf-9beb-cddf90664777 (kibot - v6_sch.py:3083)
DEBUG:- /c5103ceb-5325-4a84-a025-9638a412984e/12cbe2ae-1a8e-4c6b-9f7d-e3e3498aaf08/26c673ec-c19e-4cc2-b1e9-eae7a164202e -> U6 -> 140010440493008 26c673ec-c19e-4cc2-b1e9-eae7a164202e (kibot - v6_sch.py:3083)
DEBUG:- /c5103ceb-5325-4a84-a025-9638a412984e/12cbe2ae-1a8e-4c6b-9f7d-e3e3498aaf08/36077509-10d8-44a1-ad9e-2ba27bcd178c -> #PWR074 -> 140010440493328 36077509-10d8-44a1-ad9e-2ba27bcd178c (kibot - v6_sch.py:3083)
DEBUG:- /c5103ceb-5325-4a84-a025-9638a412984e/12cbe2ae-1a8e-4c6b-9f7d-e3e3498aaf08/3e22b80c-2dde-48c4-8735-cf0188bb6d6a -> R11 -> 140010440493648 3e22b80c-2dde-48c4-8735-cf0188bb6d6a (kibot - v6_sch.py:3083)
DEBUG:- /c5103ceb-5325-4a84-a025-9638a412984e/12cbe2ae-1a8e-4c6b-9f7d-e3e3498aaf08/4a574b12-a4ed-4405-a0ed-058468462d41 -> BT1 -> 140010440493968 4a574b12-a4ed-4405-a0ed-058468462d41 (kibot - v6_sch.py:3083)
DEBUG:- /c5103ceb-5325-4a84-a025-9638a412984e/12cbe2ae-1a8e-4c6b-9f7d-e3e3498aaf08/58439e14-6768-445c-b187-941e36726446 -> #PWR080 -> 140010440494288 58439e14-6768-445c-b187-941e36726446 (kibot - v6_sch.py:3083)
DEBUG:- /c5103ceb-5325-4a84-a025-9638a412984e/12cbe2ae-1a8e-4c6b-9f7d-e3e3498aaf08/5b82e6b9-d398-4567-8141-c30114e7a1d2 -> #PWR075 -> 140010440494608 5b82e6b9-d398-4567-8141-c30114e7a1d2 (kibot - v6_sch.py:3083)
DEBUG:- /c5103ceb-5325-4a84-a025-9638a412984e/12cbe2ae-1a8e-4c6b-9f7d-e3e3498aaf08/9581358d-af45-425f-a7c9-494a83291d57 -> #PWR076 -> 140010440494928 9581358d-af45-425f-a7c9-494a83291d57 (kibot - v6_sch.py:3083)
DEBUG:- /c5103ceb-5325-4a84-a025-9638a412984e/12cbe2ae-1a8e-4c6b-9f7d-e3e3498aaf08/a2f022c3-8773-4022-bfdd-f046c19097f1 -> R9 -> 140010440495248 a2f022c3-8773-4022-bfdd-f046c19097f1 (kibot - v6_sch.py:3083)
DEBUG:- /c5103ceb-5325-4a84-a025-9638a412984e/12cbe2ae-1a8e-4c6b-9f7d-e3e3498aaf08/a82b7d81-b3d6-4204-a489-c503f01cbfea -> C23 -> 140010440495568 a82b7d81-b3d6-4204-a489-c503f01cbfea (kibot - v6_sch.py:3083)
DEBUG:- /c5103ceb-5325-4a84-a025-9638a412984e/12cbe2ae-1a8e-4c6b-9f7d-e3e3498aaf08/ab4f3865-bba9-4b95-a064-9aaa5ba745bd -> #PWR039 -> 140010440495888 ab4f3865-bba9-4b95-a064-9aaa5ba745bd (kibot - v6_sch.py:3083)
DEBUG:- /c5103ceb-5325-4a84-a025-9638a412984e/12cbe2ae-1a8e-4c6b-9f7d-e3e3498aaf08/d4beed96-72fb-4bbb-bea3-65fba95b772b -> #PWR054 -> 140010440496208 d4beed96-72fb-4bbb-bea3-65fba95b772b (kibot - v6_sch.py:3083)
DEBUG:- /c5103ceb-5325-4a84-a025-9638a412984e/12cbe2ae-1a8e-4c6b-9f7d-e3e3498aaf08/dfe4792c-b568-4bf4-bfdf-3b9ee55cf269 -> #PWR073 -> 140010440496528 dfe4792c-b568-4bf4-bfdf-3b9ee55cf269 (kibot - v6_sch.py:3083)
DEBUG:- /c5103ceb-5325-4a84-a025-9638a412984e/12cbe2ae-1a8e-4c6b-9f7d-e3e3498aaf08/e7631a4e-583d-4316-a24d-5a4721c172ac -> #PWR040 -> 140010440496848 e7631a4e-583d-4316-a24d-5a4721c172ac (kibot - v6_sch.py:3083)
DEBUG:- /c5103ceb-5325-4a84-a025-9638a412984e/12cbe2ae-1a8e-4c6b-9f7d-e3e3498aaf08/ec50eb43-2276-4f93-a917-63331809e0aa -> #PWR070 -> 140010440497168 ec50eb43-2276-4f93-a917-63331809e0aa (kibot - v6_sch.py:3083)
DEBUG:- /c5103ceb-5325-4a84-a025-9638a412984e/12cbe2ae-1a8e-4c6b-9f7d-e3e3498aaf08/ed1860d7-f1b6-4353-a3d3-853bc783ab3e -> R10 -> 140010440497488 ed1860d7-f1b6-4353-a3d3-853bc783ab3e (kibot - v6_sch.py:3083)
DEBUG:- /c5103ceb-5325-4a84-a025-9638a412984e/12cbe2ae-1a8e-4c6b-9f7d-e3e3498aaf08/edad556a-53ca-4718-b6d4-f7d556147b15 -> #PWR079 -> 140010440497808 edad556a-53ca-4718-b6d4-f7d556147b15 (kibot - v6_sch.py:3083)
DEBUG:- /c5103ceb-5325-4a84-a025-9638a412984e/12cbe2ae-1a8e-4c6b-9f7d-e3e3498aaf08/f1527fe8-4dc1-4342-b776-66c1090f0035 -> #PWR072 -> 140010440498128 f1527fe8-4dc1-4342-b776-66c1090f0035 (kibot - v6_sch.py:3083)
DEBUG:- /c5103ceb-5325-4a84-a025-9638a412984e/d5db1d1f-d222-4fda-804a-d3238065ee2f/086ff135-1bb3-4055-938e-3c45fa059202 -> C19 -> 140010440459920 086ff135-1bb3-4055-938e-3c45fa059202 (kibot - v6_sch.py:3083)
DEBUG:- /c5103ceb-5325-4a84-a025-9638a412984e/d5db1d1f-d222-4fda-804a-d3238065ee2f/0961e312-2995-4c61-b90f-4505efaeaec5 -> #PWR063 -> 140010440460240 0961e312-2995-4c61-b90f-4505efaeaec5 (kibot - v6_sch.py:3083)
DEBUG:- /c5103ceb-5325-4a84-a025-9638a412984e/d5db1d1f-d222-4fda-804a-d3238065ee2f/0b7d89d1-9d4f-4519-a781-3375bd8da366 -> PS2 -> 140010440460560 0b7d89d1-9d4f-4519-a781-3375bd8da366 (kibot - v6_sch.py:3083)
DEBUG:- /c5103ceb-5325-4a84-a025-9638a412984e/d5db1d1f-d222-4fda-804a-d3238065ee2f/19241219-7930-4f14-96b7-853df3da6875 -> U5 -> 140010440460880 19241219-7930-4f14-96b7-853df3da6875 (kibot - v6_sch.py:3083)
DEBUG:- /c5103ceb-5325-4a84-a025-9638a412984e/d5db1d1f-d222-4fda-804a-d3238065ee2f/1a110343-519a-4aeb-8474-5cdb1d0cdfa3 -> C15 -> 140010440461200 1a110343-519a-4aeb-8474-5cdb1d0cdfa3 (kibot - v6_sch.py:3083)
DEBUG:- /c5103ceb-5325-4a84-a025-9638a412984e/d5db1d1f-d222-4fda-804a-d3238065ee2f/3bce580d-7574-44bb-a0c5-3d0adae5633c -> C17 -> 140010440461520 3bce580d-7574-44bb-a0c5-3d0adae5633c (kibot - v6_sch.py:3083)
DEBUG:- /c5103ceb-5325-4a84-a025-9638a412984e/d5db1d1f-d222-4fda-804a-d3238065ee2f/4d595821-6401-439f-9dc6-577d5ddc0ed0 -> #PWR057 -> 140010440461840 4d595821-6401-439f-9dc6-577d5ddc0ed0 (kibot - v6_sch.py:3083)
DEBUG:- /c5103ceb-5325-4a84-a025-9638a412984e/d5db1d1f-d222-4fda-804a-d3238065ee2f/6011de63-4564-413a-bac1-b82589c34577 -> #PWR084 -> 140010440462160 6011de63-4564-413a-bac1-b82589c34577 (kibot - v6_sch.py:3083)
DEBUG:- /c5103ceb-5325-4a84-a025-9638a412984e/d5db1d1f-d222-4fda-804a-d3238065ee2f/6371bc7d-f746-415a-b3ad-3bc64b708af9 -> #PWR086 -> 140010440462480 6371bc7d-f746-415a-b3ad-3bc64b708af9 (kibot - v6_sch.py:3083)
DEBUG:- /c5103ceb-5325-4a84-a025-9638a412984e/d5db1d1f-d222-4fda-804a-d3238065ee2f/7d37e19e-3695-41b4-8cad-d6d845f8a027 -> C16 -> 140010440462800 7d37e19e-3695-41b4-8cad-d6d845f8a027 (kibot - v6_sch.py:3083)
DEBUG:- /c5103ceb-5325-4a84-a025-9638a412984e/d5db1d1f-d222-4fda-804a-d3238065ee2f/8d92f7bf-e908-4e64-8ffc-6874a6e03578 -> J4 -> 140010440463440 8d92f7bf-e908-4e64-8ffc-6874a6e03578 (kibot - v6_sch.py:3083)
DEBUG:- /c5103ceb-5325-4a84-a025-9638a412984e/d5db1d1f-d222-4fda-804a-d3238065ee2f/a128b6ae-3cd0-4004-aac4-f0e1068de42c -> C18 -> 140010440463760 a128b6ae-3cd0-4004-aac4-f0e1068de42c (kibot - v6_sch.py:3083)
DEBUG:- /c5103ceb-5325-4a84-a025-9638a412984e/d5db1d1f-d222-4fda-804a-d3238065ee2f/b9cc73cf-2fe3-412a-a5aa-0a5da237d54f -> C21 -> 140010440464080 b9cc73cf-2fe3-412a-a5aa-0a5da237d54f (kibot - v6_sch.py:3083)
DEBUG:- /c5103ceb-5325-4a84-a025-9638a412984e/d5db1d1f-d222-4fda-804a-d3238065ee2f/ba306517-f971-4e41-a0a3-6683d0727f79 -> #PWR089 -> 140010440464400 ba306517-f971-4e41-a0a3-6683d0727f79 (kibot - v6_sch.py:3083)
DEBUG:- /c5103ceb-5325-4a84-a025-9638a412984e/d5db1d1f-d222-4fda-804a-d3238065ee2f/baf546e8-35d2-4f6d-aa91-d717fdccde6d -> #PWR064 -> 140010440464720 baf546e8-35d2-4f6d-aa91-d717fdccde6d (kibot - v6_sch.py:3083)
DEBUG:- /c5103ceb-5325-4a84-a025-9638a412984e/d5db1d1f-d222-4fda-804a-d3238065ee2f/bc8ff2e6-37ee-4222-b44c-97363531e651 -> #PWR055 -> 140010440465040 bc8ff2e6-37ee-4222-b44c-97363531e651 (kibot - v6_sch.py:3083)
DEBUG:- /c5103ceb-5325-4a84-a025-9638a412984e/d5db1d1f-d222-4fda-804a-d3238065ee2f/c6ed9c55-ec3e-43b5-b166-acbc9472f872 -> C20 -> 140010440465360 c6ed9c55-ec3e-43b5-b166-acbc9472f872 (kibot - v6_sch.py:3083)
DEBUG:- /c5103ceb-5325-4a84-a025-9638a412984e/d5db1d1f-d222-4fda-804a-d3238065ee2f/d3f51d57-2595-457a-8ed4-f61e0418871f -> #PWR060 -> 140010440465680 d3f51d57-2595-457a-8ed4-f61e0418871f (kibot - v6_sch.py:3083)
DEBUG:- /c5103ceb-5325-4a84-a025-9638a412984e/d5db1d1f-d222-4fda-804a-d3238065ee2f/d4b5d29b-842b-4090-974f-77281b2eca23 -> #PWR059 -> 140010440463120 d4b5d29b-842b-4090-974f-77281b2eca23 (kibot - v6_sch.py:3083)
DEBUG:- /c5103ceb-5325-4a84-a025-9638a412984e/d5db1d1f-d222-4fda-804a-d3238065ee2f/de56490e-3315-433b-9a50-7d3ed1b91229 -> #PWR069 -> 140010440466000 de56490e-3315-433b-9a50-7d3ed1b91229 (kibot - v6_sch.py:3083)
DEBUG:- /c5103ceb-5325-4a84-a025-9638a412984e/d5db1d1f-d222-4fda-804a-d3238065ee2f/e1fe1541-3c48-43f8-938c-680da04d10ed -> PS1 -> 140010440466320 e1fe1541-3c48-43f8-938c-680da04d10ed (kibot - v6_sch.py:3083)
DEBUG:- /c5103ceb-5325-4a84-a025-9638a412984e/d5db1d1f-d222-4fda-804a-d3238065ee2f/eeb974cf-7120-4386-871f-5eb5f7237422 -> #PWR053 -> 140010440466640 eeb974cf-7120-4386-871f-5eb5f7237422 (kibot - v6_sch.py:3083)
DEBUG:- /c5103ceb-5325-4a84-a025-9638a412984e/d5db1d1f-d222-4fda-804a-d3238065ee2f/fa3e0a65-0d5a-4f8c-8ba4-6a3dafd5afff -> #PWR062 -> 140010440466960 fa3e0a65-0d5a-4f8c-8ba4-6a3dafd5afff (kibot - v6_sch.py:3083)
DEBUG:- /c5103ceb-5325-4a84-a025-9638a412984e/e744f3ce-03a6-44a6-8792-1447ef232b9a/0602c154-53bf-455d-8d4e-9f866661a94a -> #PWR031 -> 140010439445712 0602c154-53bf-455d-8d4e-9f866661a94a (kibot - v6_sch.py:3083)
DEBUG:- /c5103ceb-5325-4a84-a025-9638a412984e/e744f3ce-03a6-44a6-8792-1447ef232b9a/0d3cae76-be5e-41f9-9190-83c6eb3ab5ba -> #PWR038 -> 140010439446032 0d3cae76-be5e-41f9-9190-83c6eb3ab5ba (kibot - v6_sch.py:3083)
DEBUG:- /c5103ceb-5325-4a84-a025-9638a412984e/e744f3ce-03a6-44a6-8792-1447ef232b9a/180a0f83-c44d-4629-bef5-46e3c6380012 -> #PWR068 -> 140010439446352 180a0f83-c44d-4629-bef5-46e3c6380012 (kibot - v6_sch.py:3083)
DEBUG:- /c5103ceb-5325-4a84-a025-9638a412984e/e744f3ce-03a6-44a6-8792-1447ef232b9a/1c661246-d569-4924-9bb8-84f2d3b9bce2 -> U3 -> 140010439446672 1c661246-d569-4924-9bb8-84f2d3b9bce2 (kibot - v6_sch.py:3083)
DEBUG:- /c5103ceb-5325-4a84-a025-9638a412984e/e744f3ce-03a6-44a6-8792-1447ef232b9a/2145e905-a625-41a5-87aa-6cae691f0056 -> C10 -> 140010439446992 2145e905-a625-41a5-87aa-6cae691f0056 (kibot - v6_sch.py:3083)
DEBUG:- /c5103ceb-5325-4a84-a025-9638a412984e/e744f3ce-03a6-44a6-8792-1447ef232b9a/4025ead1-0561-492a-97ad-34c1ff063033 -> C11 -> 140010439447312 4025ead1-0561-492a-97ad-34c1ff063033 (kibot - v6_sch.py:3083)
DEBUG:- /c5103ceb-5325-4a84-a025-9638a412984e/e744f3ce-03a6-44a6-8792-1447ef232b9a/42b3ad61-bfa1-4b93-b256-06207b0d9c89 -> #PWR041 -> 140010439447632 42b3ad61-bfa1-4b93-b256-06207b0d9c89 (kibot - v6_sch.py:3083)
DEBUG:- /c5103ceb-5325-4a84-a025-9638a412984e/e744f3ce-03a6-44a6-8792-1447ef232b9a/446c62b1-639d-4c4e-8f7f-49e1537f9e02 -> C12 -> 140010439447952 446c62b1-639d-4c4e-8f7f-49e1537f9e02 (kibot - v6_sch.py:3083)
DEBUG:- /c5103ceb-5325-4a84-a025-9638a412984e/e744f3ce-03a6-44a6-8792-1447ef232b9a/489f520f-65c4-4829-8f03-73fe41aaa607 -> #PWR052 -> 140010439448272 489f520f-65c4-4829-8f03-73fe41aaa607 (kibot - v6_sch.py:3083)
DEBUG:- /c5103ceb-5325-4a84-a025-9638a412984e/e744f3ce-03a6-44a6-8792-1447ef232b9a/4dc48b45-3374-4205-8635-b5109e36b2be -> #PWR025 -> 140010439448592 4dc48b45-3374-4205-8635-b5109e36b2be (kibot - v6_sch.py:3083)
DEBUG:- /c5103ceb-5325-4a84-a025-9638a412984e/e744f3ce-03a6-44a6-8792-1447ef232b9a/5158181e-2d7a-4777-84af-6fca8706ce04 -> #PWR067 -> 140010439448912 5158181e-2d7a-4777-84af-6fca8706ce04 (kibot - v6_sch.py:3083)
DEBUG:- /c5103ceb-5325-4a84-a025-9638a412984e/e744f3ce-03a6-44a6-8792-1447ef232b9a/5314503c-1aba-4f50-84a7-b3505e93fed6 -> J2 -> 140010439449232 5314503c-1aba-4f50-84a7-b3505e93fed6 (kibot - v6_sch.py:3083)
DEBUG:- /c5103ceb-5325-4a84-a025-9638a412984e/e744f3ce-03a6-44a6-8792-1447ef232b9a/57ebc9a8-5aec-4494-90d7-1ea85794561b -> J6 -> 140010439449552 57ebc9a8-5aec-4494-90d7-1ea85794561b (kibot - v6_sch.py:3083)
DEBUG:- /c5103ceb-5325-4a84-a025-9638a412984e/e744f3ce-03a6-44a6-8792-1447ef232b9a/5857d6f7-ed75-4429-9906-35fec1a0133d -> J5 -> 140010439449872 5857d6f7-ed75-4429-9906-35fec1a0133d (kibot - v6_sch.py:3083)
DEBUG:- /c5103ceb-5325-4a84-a025-9638a412984e/e744f3ce-03a6-44a6-8792-1447ef232b9a/5d0d4c9c-7b15-4587-a191-73c6d0664a02 -> #PWR048 -> 140010439450192 5d0d4c9c-7b15-4587-a191-73c6d0664a02 (kibot - v6_sch.py:3083)
DEBUG:- /c5103ceb-5325-4a84-a025-9638a412984e/e744f3ce-03a6-44a6-8792-1447ef232b9a/64d7211b-8bc0-4631-9ec6-4a1d1b9c0017 -> C7 -> 140010439450512 64d7211b-8bc0-4631-9ec6-4a1d1b9c0017 (kibot - v6_sch.py:3083)
DEBUG:- /c5103ceb-5325-4a84-a025-9638a412984e/e744f3ce-03a6-44a6-8792-1447ef232b9a/69ca2d49-0cb3-43ac-af95-1a392b3bbd0a -> #PWR045 -> 140010439450832 69ca2d49-0cb3-43ac-af95-1a392b3bbd0a (kibot - v6_sch.py:3083)
DEBUG:- /c5103ceb-5325-4a84-a025-9638a412984e/e744f3ce-03a6-44a6-8792-1447ef232b9a/7151530c-90f3-48ab-b1fb-8baa00043c9d -> C8 -> 140010439451152 7151530c-90f3-48ab-b1fb-8baa00043c9d (kibot - v6_sch.py:3083)
DEBUG:- /c5103ceb-5325-4a84-a025-9638a412984e/e744f3ce-03a6-44a6-8792-1447ef232b9a/7b71bad7-bb6d-489b-8de3-30c251a184aa -> #PWR027 -> 140010439451472 7b71bad7-bb6d-489b-8de3-30c251a184aa (kibot - v6_sch.py:3083)
DEBUG:- /c5103ceb-5325-4a84-a025-9638a412984e/e744f3ce-03a6-44a6-8792-1447ef232b9a/7fb8a9d8-2002-43ab-8c2f-e7de36e57421 -> #PWR023 -> 140010439451792 7fb8a9d8-2002-43ab-8c2f-e7de36e57421 (kibot - v6_sch.py:3083)
DEBUG:- /c5103ceb-5325-4a84-a025-9638a412984e/e744f3ce-03a6-44a6-8792-1447ef232b9a/850858d5-6959-4659-9e3e-c1c9b220c8d2 -> #PWR026 -> 140010439452112 850858d5-6959-4659-9e3e-c1c9b220c8d2 (kibot - v6_sch.py:3083)
DEBUG:- /c5103ceb-5325-4a84-a025-9638a412984e/e744f3ce-03a6-44a6-8792-1447ef232b9a/85c5333b-e257-4f60-8a41-e88bf4f1bbd9 -> C13 -> 140010439452432 85c5333b-e257-4f60-8a41-e88bf4f1bbd9 (kibot - v6_sch.py:3083)
DEBUG:- /c5103ceb-5325-4a84-a025-9638a412984e/e744f3ce-03a6-44a6-8792-1447ef232b9a/8ead91b9-51c9-47c3-8b2c-ae63086cebf1 -> R7 -> 140010439452752 8ead91b9-51c9-47c3-8b2c-ae63086cebf1 (kibot - v6_sch.py:3083)
DEBUG:- /c5103ceb-5325-4a84-a025-9638a412984e/e744f3ce-03a6-44a6-8792-1447ef232b9a/90e07b03-ac29-498a-8a58-aa762ccd9b3c -> #PWR033 -> 140010439453072 90e07b03-ac29-498a-8a58-aa762ccd9b3c (kibot - v6_sch.py:3083)
DEBUG:- /c5103ceb-5325-4a84-a025-9638a412984e/e744f3ce-03a6-44a6-8792-1447ef232b9a/92f93275-19b2-4cf5-8081-5b02d72d5f9c -> R6 -> 140010439453392 92f93275-19b2-4cf5-8081-5b02d72d5f9c (kibot - v6_sch.py:3083)
DEBUG:- /c5103ceb-5325-4a84-a025-9638a412984e/e744f3ce-03a6-44a6-8792-1447ef232b9a/9a57cbe8-a0b1-45f8-b06a-737224a4d8d8 -> #PWR066 -> 140010439453712 9a57cbe8-a0b1-45f8-b06a-737224a4d8d8 (kibot - v6_sch.py:3083)
DEBUG:- /c5103ceb-5325-4a84-a025-9638a412984e/e744f3ce-03a6-44a6-8792-1447ef232b9a/9e1d2907-727c-4b22-867a-644ebeb8b6f2 -> R8 -> 140010439454032 9e1d2907-727c-4b22-867a-644ebeb8b6f2 (kibot - v6_sch.py:3083)
DEBUG:- /c5103ceb-5325-4a84-a025-9638a412984e/e744f3ce-03a6-44a6-8792-1447ef232b9a/a0638ea2-ffc1-4ed0-bb99-279fceaa2d80 -> C9 -> 140010439454352 a0638ea2-ffc1-4ed0-bb99-279fceaa2d80 (kibot - v6_sch.py:3083)
DEBUG:- /c5103ceb-5325-4a84-a025-9638a412984e/e744f3ce-03a6-44a6-8792-1447ef232b9a/a23849d5-4855-4750-84b9-b2e8a4763a1c -> #PWR044 -> 140010439454672 a23849d5-4855-4750-84b9-b2e8a4763a1c (kibot - v6_sch.py:3083)
DEBUG:- /c5103ceb-5325-4a84-a025-9638a412984e/e744f3ce-03a6-44a6-8792-1447ef232b9a/a34664d3-6c4c-4361-92dc-33a80529fd2d -> #PWR035 -> 140010439454992 a34664d3-6c4c-4361-92dc-33a80529fd2d (kibot - v6_sch.py:3083)
DEBUG:- /c5103ceb-5325-4a84-a025-9638a412984e/e744f3ce-03a6-44a6-8792-1447ef232b9a/a6b02abc-7314-4195-bb8e-a3c35772d8f4 -> C6 -> 140010439455312 a6b02abc-7314-4195-bb8e-a3c35772d8f4 (kibot - v6_sch.py:3083)
DEBUG:- /c5103ceb-5325-4a84-a025-9638a412984e/e744f3ce-03a6-44a6-8792-1447ef232b9a/ab70a4ac-3cf3-436e-b4b2-2a1ebf1f6bcd -> #PWR032 -> 140010439455632 ab70a4ac-3cf3-436e-b4b2-2a1ebf1f6bcd (kibot - v6_sch.py:3083)
DEBUG:- /c5103ceb-5325-4a84-a025-9638a412984e/e744f3ce-03a6-44a6-8792-1447ef232b9a/aefea946-0db7-4e7f-81df-9bd46704fbf6 -> #PWR034 -> 140010439455952 aefea946-0db7-4e7f-81df-9bd46704fbf6 (kibot - v6_sch.py:3083)
DEBUG:- /c5103ceb-5325-4a84-a025-9638a412984e/e744f3ce-03a6-44a6-8792-1447ef232b9a/b12973b8-96d2-43ea-9133-5a975a065711 -> #PWR036 -> 140010439456592 b12973b8-96d2-43ea-9133-5a975a065711 (kibot - v6_sch.py:3083)
DEBUG:- /c5103ceb-5325-4a84-a025-9638a412984e/e744f3ce-03a6-44a6-8792-1447ef232b9a/b6c7f071-c9eb-4d1c-a644-2c51291090bc -> #PWR065 -> 140010439456912 b6c7f071-c9eb-4d1c-a644-2c51291090bc (kibot - v6_sch.py:3083)
DEBUG:- /c5103ceb-5325-4a84-a025-9638a412984e/e744f3ce-03a6-44a6-8792-1447ef232b9a/bece9382-67ff-4eb4-a40c-b661629a1785 -> #PWR043 -> 140010439457232 bece9382-67ff-4eb4-a40c-b661629a1785 (kibot - v6_sch.py:3083)
DEBUG:- /c5103ceb-5325-4a84-a025-9638a412984e/e744f3ce-03a6-44a6-8792-1447ef232b9a/bf486c49-42cd-4e8d-b17b-455eb339e941 -> #PWR028 -> 140010439457552 bf486c49-42cd-4e8d-b17b-455eb339e941 (kibot - v6_sch.py:3083)
DEBUG:- /c5103ceb-5325-4a84-a025-9638a412984e/e744f3ce-03a6-44a6-8792-1447ef232b9a/c1019820-3f7a-447d-a8b7-73d614fae028 -> #PWR051 -> 140010439457872 c1019820-3f7a-447d-a8b7-73d614fae028 (kibot - v6_sch.py:3083)
DEBUG:- /c5103ceb-5325-4a84-a025-9638a412984e/e744f3ce-03a6-44a6-8792-1447ef232b9a/c9caad8e-ad87-4d65-a163-c791a25c1c4d -> #PWR046 -> 140010439458192 c9caad8e-ad87-4d65-a163-c791a25c1c4d (kibot - v6_sch.py:3083)
DEBUG:- /c5103ceb-5325-4a84-a025-9638a412984e/e744f3ce-03a6-44a6-8792-1447ef232b9a/d038592d-9876-4335-b4e9-a7e2a469e5d2 -> #PWR030 -> 140010439458512 d038592d-9876-4335-b4e9-a7e2a469e5d2 (kibot - v6_sch.py:3083)
DEBUG:- /c5103ceb-5325-4a84-a025-9638a412984e/e744f3ce-03a6-44a6-8792-1447ef232b9a/d20c2f6f-6544-49d6-9c07-dc830f90f160 -> #PWR042 -> 140010439737424 d20c2f6f-6544-49d6-9c07-dc830f90f160 (kibot - v6_sch.py:3083)
DEBUG:- /c5103ceb-5325-4a84-a025-9638a412984e/e744f3ce-03a6-44a6-8792-1447ef232b9a/d5e2be10-d0cb-45d7-904b-f508fc03486e -> #PWR047 -> 140010439456272 d5e2be10-d0cb-45d7-904b-f508fc03486e (kibot - v6_sch.py:3083)
DEBUG:- /c5103ceb-5325-4a84-a025-9638a412984e/e744f3ce-03a6-44a6-8792-1447ef232b9a/d8196f86-9b6c-45b8-9014-13bbd6bf0b52 -> #PWR050 -> 140010439737744 d8196f86-9b6c-45b8-9014-13bbd6bf0b52 (kibot - v6_sch.py:3083)
DEBUG:- /c5103ceb-5325-4a84-a025-9638a412984e/e744f3ce-03a6-44a6-8792-1447ef232b9a/db2f8dd6-8dd1-4a51-9b6d-7d05efc371c3 -> #PWR024 -> 140010439738064 db2f8dd6-8dd1-4a51-9b6d-7d05efc371c3 (kibot - v6_sch.py:3083)
DEBUG:- /c5103ceb-5325-4a84-a025-9638a412984e/e744f3ce-03a6-44a6-8792-1447ef232b9a/e135968c-9b54-47fb-ae05-1a2c508f1939 -> Y1 -> 140010439738384 e135968c-9b54-47fb-ae05-1a2c508f1939 (kibot - v6_sch.py:3083)
DEBUG:- /c5103ceb-5325-4a84-a025-9638a412984e/e744f3ce-03a6-44a6-8792-1447ef232b9a/e28832bb-4177-4145-95d2-cdc89175770e -> #PWR049 -> 140010439738704 e28832bb-4177-4145-95d2-cdc89175770e (kibot - v6_sch.py:3083)
DEBUG:- /c5103ceb-5325-4a84-a025-9638a412984e/e744f3ce-03a6-44a6-8792-1447ef232b9a/e37e790a-3cf6-440f-9d4f-6a8ab5d5c939 -> C14 -> 140010439739024 e37e790a-3cf6-440f-9d4f-6a8ab5d5c939 (kibot - v6_sch.py:3083)
DEBUG:- /c5103ceb-5325-4a84-a025-9638a412984e/e744f3ce-03a6-44a6-8792-1447ef232b9a/e5d6c2f9-8d3d-4463-911e-54664a826cc3 -> U2 -> 140010439739344 e5d6c2f9-8d3d-4463-911e-54664a826cc3 (kibot - v6_sch.py:3083)
DEBUG:- /c5103ceb-5325-4a84-a025-9638a412984e/e744f3ce-03a6-44a6-8792-1447ef232b9a/ebed5bef-8e75-47f5-9f7d-1155fced79c3 -> #PWR029 -> 140010439739664 ebed5bef-8e75-47f5-9f7d-1155fced79c3 (kibot - v6_sch.py:3083)
DEBUG:- /c5103ceb-5325-4a84-a025-9638a412984e/e744f3ce-03a6-44a6-8792-1447ef232b9a/ed64b1d9-af00-40dc-8e61-1e8c2666c67c -> R5 -> 140010439739984 ed64b1d9-af00-40dc-8e61-1e8c2666c67c (kibot - v6_sch.py:3083)
DEBUG:- /c5103ceb-5325-4a84-a025-9638a412984e/e744f3ce-03a6-44a6-8792-1447ef232b9a/f2f28152-d131-422f-844a-dfbe4f63bb80 -> #PWR037 -> 140010439740304 f2f28152-d131-422f-844a-dfbe4f63bb80 (kibot - v6_sch.py:3083)
DEBUG:- /c5103ceb-5325-4a84-a025-9638a412984e/e744f3ce-03a6-44a6-8792-1447ef232b9a/fabb3f53-f04b-4b7f-83e2-0da303b8ef85 -> U4 -> 140010439740624 fabb3f53-f04b-4b7f-83e2-0da303b8ef85 (kibot - v6_sch.py:3083)
DEBUG:- /c5103ceb-5325-4a84-a025-9638a412984e/f06537ee-772d-44d3-8c50-e0ba41038c9c/06baeba8-1484-4ec2-b240-79b035e34ebd -> C2 -> 140010439749904 06baeba8-1484-4ec2-b240-79b035e34ebd (kibot - v6_sch.py:3083)
DEBUG:- /c5103ceb-5325-4a84-a025-9638a412984e/f06537ee-772d-44d3-8c50-e0ba41038c9c/08fe15d1-daa5-4ef1-a77f-f4b543ef8338 -> #PWR09 -> 140010439750224 08fe15d1-daa5-4ef1-a77f-f4b543ef8338 (kibot - v6_sch.py:3083)
DEBUG:- /c5103ceb-5325-4a84-a025-9638a412984e/f06537ee-772d-44d3-8c50-e0ba41038c9c/0d111b85-9e2d-4f6d-be52-ec73da743575 -> #PWR014 -> 140010439750544 0d111b85-9e2d-4f6d-be52-ec73da743575 (kibot - v6_sch.py:3083)
DEBUG:- /c5103ceb-5325-4a84-a025-9638a412984e/f06537ee-772d-44d3-8c50-e0ba41038c9c/0ea063b6-a688-448c-9461-4f1adb70bd0d -> #PWR08 -> 140010439750864 0ea063b6-a688-448c-9461-4f1adb70bd0d (kibot - v6_sch.py:3083)
DEBUG:- /c5103ceb-5325-4a84-a025-9638a412984e/f06537ee-772d-44d3-8c50-e0ba41038c9c/103a2737-511a-4e33-9635-9569a59718fa -> #PWR04 -> 140010439751184 103a2737-511a-4e33-9635-9569a59718fa (kibot - v6_sch.py:3083)
DEBUG:- /c5103ceb-5325-4a84-a025-9638a412984e/f06537ee-772d-44d3-8c50-e0ba41038c9c/12a02466-9a64-41ae-afc3-0f8303c5a7ef -> S1 -> 140010439751504 12a02466-9a64-41ae-afc3-0f8303c5a7ef (kibot - v6_sch.py:3083)
DEBUG:- /c5103ceb-5325-4a84-a025-9638a412984e/f06537ee-772d-44d3-8c50-e0ba41038c9c/166c595a-3304-445c-b4c2-5e3cbf379492 -> #PWR018 -> 140010439751824 166c595a-3304-445c-b4c2-5e3cbf379492 (kibot - v6_sch.py:3083)
DEBUG:- /c5103ceb-5325-4a84-a025-9638a412984e/f06537ee-772d-44d3-8c50-e0ba41038c9c/1a16f04c-7042-4793-a6d5-039db411ff72 -> #PWR078 -> 140010439752144 1a16f04c-7042-4793-a6d5-039db411ff72 (kibot - v6_sch.py:3083)
DEBUG:- /c5103ceb-5325-4a84-a025-9638a412984e/f06537ee-772d-44d3-8c50-e0ba41038c9c/1cf7f413-76c8-4f88-9231-80693edbfa62 -> U1 -> 140010439752464 1cf7f413-76c8-4f88-9231-80693edbfa62 (kibot - v6_sch.py:3083)
DEBUG:- /c5103ceb-5325-4a84-a025-9638a412984e/f06537ee-772d-44d3-8c50-e0ba41038c9c/219ba249-405f-4a52-8b51-757abb8e8453 -> #PWR019 -> 140010439752784 219ba249-405f-4a52-8b51-757abb8e8453 (kibot - v6_sch.py:3083)
DEBUG:- /c5103ceb-5325-4a84-a025-9638a412984e/f06537ee-772d-44d3-8c50-e0ba41038c9c/229b34e2-2d77-4537-8045-0bb1eedef656 -> #PWR02 -> 140010439753104 229b34e2-2d77-4537-8045-0bb1eedef656 (kibot - v6_sch.py:3083)
DEBUG:- /c5103ceb-5325-4a84-a025-9638a412984e/f06537ee-772d-44d3-8c50-e0ba41038c9c/2479450b-79dd-451a-b33f-bb45b2c73097 -> C5 -> 140010439753424 2479450b-79dd-451a-b33f-bb45b2c73097 (kibot - v6_sch.py:3083)
DEBUG:- /c5103ceb-5325-4a84-a025-9638a412984e/f06537ee-772d-44d3-8c50-e0ba41038c9c/351947b4-d59e-482c-a803-15ee8014d4d0 -> #PWR06 -> 140010406182992 351947b4-d59e-482c-a803-15ee8014d4d0 (kibot - v6_sch.py:3083)
DEBUG:- /c5103ceb-5325-4a84-a025-9638a412984e/f06537ee-772d-44d3-8c50-e0ba41038c9c/3d2f959c-9a38-4eb2-a9ef-2a1c48d21f16 -> R3 -> 140010406183312 3d2f959c-9a38-4eb2-a9ef-2a1c48d21f16 (kibot - v6_sch.py:3083)
DEBUG:- /c5103ceb-5325-4a84-a025-9638a412984e/f06537ee-772d-44d3-8c50-e0ba41038c9c/438c9085-3b04-4392-9661-2740b25fe8d5 -> #PWR07 -> 140010406183632 438c9085-3b04-4392-9661-2740b25fe8d5 (kibot - v6_sch.py:3083)
DEBUG:- /c5103ceb-5325-4a84-a025-9638a412984e/f06537ee-772d-44d3-8c50-e0ba41038c9c/50dc389f-c779-42c2-82eb-e637c073e3bc -> R4 -> 140010406183952 50dc389f-c779-42c2-82eb-e637c073e3bc (kibot - v6_sch.py:3083)
DEBUG:- /c5103ceb-5325-4a84-a025-9638a412984e/f06537ee-772d-44d3-8c50-e0ba41038c9c/546ee766-0238-4a8f-b6ee-463c6ae2a88a -> #PWR022 -> 140010406184272 546ee766-0238-4a8f-b6ee-463c6ae2a88a (kibot - v6_sch.py:3083)
DEBUG:- /c5103ceb-5325-4a84-a025-9638a412984e/f06537ee-772d-44d3-8c50-e0ba41038c9c/5d79985e-f679-45f6-b538-36b0a253f424 -> #PWR077 -> 140010406184592 5d79985e-f679-45f6-b538-36b0a253f424 (kibot - v6_sch.py:3083)
DEBUG:- /c5103ceb-5325-4a84-a025-9638a412984e/f06537ee-772d-44d3-8c50-e0ba41038c9c/6592140f-a9c4-4374-b628-92ab2ced49cb -> D1 -> 140010406184912 6592140f-a9c4-4374-b628-92ab2ced49cb (kibot - v6_sch.py:3083)
DEBUG:- /c5103ceb-5325-4a84-a025-9638a412984e/f06537ee-772d-44d3-8c50-e0ba41038c9c/6bd8f97c-8a8c-4948-a370-ef544cd880b4 -> S2 -> 140010406185232 6bd8f97c-8a8c-4948-a370-ef544cd880b4 (kibot - v6_sch.py:3083)
DEBUG:- /c5103ceb-5325-4a84-a025-9638a412984e/f06537ee-772d-44d3-8c50-e0ba41038c9c/6c145974-bd64-4ac4-9b73-0b2408ac309e -> R1 -> 140010406185552 6c145974-bd64-4ac4-9b73-0b2408ac309e (kibot - v6_sch.py:3083)
DEBUG:- /c5103ceb-5325-4a84-a025-9638a412984e/f06537ee-772d-44d3-8c50-e0ba41038c9c/71f79983-f596-4ac3-808d-5b166fdb1d32 -> J1 -> 140010406185872 71f79983-f596-4ac3-808d-5b166fdb1d32 (kibot - v6_sch.py:3083)
DEBUG:- /c5103ceb-5325-4a84-a025-9638a412984e/f06537ee-772d-44d3-8c50-e0ba41038c9c/851ff754-9216-4424-88cb-c0366588a5ca -> #PWR01 -> 140010406186192 851ff754-9216-4424-88cb-c0366588a5ca (kibot - v6_sch.py:3083)
DEBUG:- /c5103ceb-5325-4a84-a025-9638a412984e/f06537ee-772d-44d3-8c50-e0ba41038c9c/8adf5ee6-b54b-46dc-b0a3-b9f11829e459 -> J3 -> 140010406186512 8adf5ee6-b54b-46dc-b0a3-b9f11829e459 (kibot - v6_sch.py:3083)
DEBUG:- /c5103ceb-5325-4a84-a025-9638a412984e/f06537ee-772d-44d3-8c50-e0ba41038c9c/99ea952a-de55-4912-90bc-46ea388ed9f3 -> #PWR020 -> 140010406186832 99ea952a-de55-4912-90bc-46ea388ed9f3 (kibot - v6_sch.py:3083)
DEBUG:- /c5103ceb-5325-4a84-a025-9638a412984e/f06537ee-772d-44d3-8c50-e0ba41038c9c/a26767a1-4082-4fa3-aab7-94f2994cf7da -> #PWR021 -> 140010406187152 a26767a1-4082-4fa3-aab7-94f2994cf7da (kibot - v6_sch.py:3083)
DEBUG:- /c5103ceb-5325-4a84-a025-9638a412984e/f06537ee-772d-44d3-8c50-e0ba41038c9c/a933be52-12a6-4579-9318-7e24c983ecd6 -> #PWR011 -> 140010406187472 a933be52-12a6-4579-9318-7e24c983ecd6 (kibot - v6_sch.py:3083)
DEBUG:- /c5103ceb-5325-4a84-a025-9638a412984e/f06537ee-772d-44d3-8c50-e0ba41038c9c/ab28c7bd-ca75-4bc9-a043-e33b5661a532 -> C4 -> 140010406187792 ab28c7bd-ca75-4bc9-a043-e33b5661a532 (kibot - v6_sch.py:3083)
DEBUG:- /c5103ceb-5325-4a84-a025-9638a412984e/f06537ee-772d-44d3-8c50-e0ba41038c9c/b8232bb0-cea7-4534-93ac-66262fcec443 -> R2 -> 140010406188112 b8232bb0-cea7-4534-93ac-66262fcec443 (kibot - v6_sch.py:3083)
DEBUG:- /c5103ceb-5325-4a84-a025-9638a412984e/f06537ee-772d-44d3-8c50-e0ba41038c9c/c32d009f-b9f3-4016-a547-25a33365dcf5 -> #PWR03 -> 140010406188432 c32d009f-b9f3-4016-a547-25a33365dcf5 (kibot - v6_sch.py:3083)
DEBUG:- /c5103ceb-5325-4a84-a025-9638a412984e/f06537ee-772d-44d3-8c50-e0ba41038c9c/dabe5c13-606e-40ce-936c-8c9efa052b33 -> #PWR015 -> 140010406188752 dabe5c13-606e-40ce-936c-8c9efa052b33 (kibot - v6_sch.py:3083)
DEBUG:- /c5103ceb-5325-4a84-a025-9638a412984e/f06537ee-772d-44d3-8c50-e0ba41038c9c/dd253088-4a40-4ce7-ba76-37b5367deb1b -> #PWR010 -> 140010406189072 dd253088-4a40-4ce7-ba76-37b5367deb1b (kibot - v6_sch.py:3083)
DEBUG:- /c5103ceb-5325-4a84-a025-9638a412984e/f06537ee-772d-44d3-8c50-e0ba41038c9c/e10191bb-f2ca-4eab-aa69-0686e96b9941 -> C1 -> 140010406189392 e10191bb-f2ca-4eab-aa69-0686e96b9941 (kibot - v6_sch.py:3083)
DEBUG:- /c5103ceb-5325-4a84-a025-9638a412984e/f06537ee-772d-44d3-8c50-e0ba41038c9c/e76a408b-bd30-403a-85e7-2cad50e2ad1b -> J7 -> 140010406190032 e76a408b-bd30-403a-85e7-2cad50e2ad1b (kibot - v6_sch.py:3083)
DEBUG:- /c5103ceb-5325-4a84-a025-9638a412984e/f06537ee-772d-44d3-8c50-e0ba41038c9c/e7ac2a16-847d-450b-a639-a6f00959a976 -> C3 -> 140010406190352 e7ac2a16-847d-450b-a639-a6f00959a976 (kibot - v6_sch.py:3083)
DEBUG:- /c5103ceb-5325-4a84-a025-9638a412984e/f06537ee-772d-44d3-8c50-e0ba41038c9c/eb4ed082-6ca2-4d5e-b16e-36ef4ac6ad03 -> #PWR05 -> 140010406190672 eb4ed082-6ca2-4d5e-b16e-36ef4ac6ad03 (kibot - v6_sch.py:3083)
DEBUG:- /c5103ceb-5325-4a84-a025-9638a412984e/f06537ee-772d-44d3-8c50-e0ba41038c9c/ecd40d38-737f-4325-87cf-6ccf7dce7336 -> #PWR016 -> 140010406190992 ecd40d38-737f-4325-87cf-6ccf7dce7336 (kibot - v6_sch.py:3083)
DEBUG:- /c5103ceb-5325-4a84-a025-9638a412984e/f06537ee-772d-44d3-8c50-e0ba41038c9c/ef6458f9-b828-4866-a189-f8de71e8fdd9 -> #PWR012 -> 140010406191312 ef6458f9-b828-4866-a189-f8de71e8fdd9 (kibot - v6_sch.py:3083)
DEBUG:- /c5103ceb-5325-4a84-a025-9638a412984e/f06537ee-772d-44d3-8c50-e0ba41038c9c/f7a1c3e5-9996-4c55-b1ec-ba580d98a2d9 -> #PWR013 -> 140010406191632 f7a1c3e5-9996-4c55-b1ec-ba580d98a2d9 (kibot - v6_sch.py:3083)
DEBUG:Schematic dependencies: ['/github/workspace/Block Diagram.kicad_sch', '/github/workspace/LE_BMS_A_V2.kicad_sch', '/github/workspace/Power - Sequencing.kicad_sch', '/github/workspace/Project Architecture.kicad_sch', '/github/workspace/Revision History.kicad_sch', '/github/workspace/Section A - Title A.kicad_sch', '/github/workspace/Section B - TItle B.kicad_sch', '/github/workspace/rtc.kicad_sch', '/github/workspace/untitled.kicad_sch'] (kibot - kiplot.py:323)
DEBUG:Before collapse: (kibot - v5_sch.py:1723)
DEBUG:After collapse: (kibot - v5_sch.py:1765)
DEBUG:Before collapse: (kibot - v5_sch.py:1723)
DEBUG:After collapse: (kibot - v5_sch.py:1765)
DEBUG:Before collapse: (kibot - v5_sch.py:1723)
DEBUG:After collapse: (kibot - v5_sch.py:1765)
DEBUG:Before collapse: (kibot - v5_sch.py:1723)
DEBUG:After collapse: (kibot - v5_sch.py:1765)
DEBUG:Before collapse: (kibot - v5_sch.py:1723)
DEBUG:After collapse: (kibot - v5_sch.py:1765)
DEBUG:Before collapse: (kibot - v5_sch.py:1723)
DEBUG:After collapse: (kibot - v5_sch.py:1765)
DEBUG:Before collapse: (kibot - v5_sch.py:1723)
DEBUG:After collapse: (kibot - v5_sch.py:1765)
DEBUG:Before collapse: (kibot - v5_sch.py:1723)
DEBUG:After collapse: (kibot - v5_sch.py:1765)
DEBUG:Before collapse: (kibot - v5_sch.py:1723)
DEBUG:H2 (MountingHole_Pad): 1 {'Reference': 'H2', 'Value': 'MountingHole_Pad', 'Footprint': 'MountingHole:MountingHole_3.2mm_M3_DIN965_Pad', 'Datasheet': '~', 'Description': 'Mounting Hole with connection', 'part': 'MountingHole_Pad'} (kibot - v5_sch.py:1726)
DEBUG:H4 (MountingHole_Pad): 1 {'Reference': 'H4', 'Value': 'MountingHole_Pad', 'Footprint': 'MountingHole:MountingHole_3.2mm_M3_DIN965_Pad', 'Datasheet': '~', 'Description': 'Mounting Hole with connection', 'part': 'MountingHole_Pad'} (kibot - v5_sch.py:1726)
DEBUG:H3 (MountingHole_Pad): 1 {'Reference': 'H3', 'Value': 'MountingHole_Pad', 'Footprint': 'MountingHole:MountingHole_3.2mm_M3_DIN965_Pad', 'Datasheet': '~', 'Description': 'Mounting Hole with connection', 'part': 'MountingHole_Pad'} (kibot - v5_sch.py:1726)
DEBUG:H1 (MountingHole_Pad): 1 {'Reference': 'H1', 'Value': 'MountingHole_Pad', 'Footprint': 'MountingHole:MountingHole_3.2mm_M3_DIN965_Pad', 'Datasheet': '~', 'Description': 'Mounting Hole with connection', 'part': 'MountingHole_Pad'} (kibot - v5_sch.py:1726)
DEBUG:C22 (C 1u): 1 {'Reference': 'C22', 'Value': '1u', 'Footprint': 'Capacitor_SMD:C_0603_1608Metric_Pad1.08x0.95mm_HandSolder', 'Datasheet': '~', 'Description': 'Unpolarized capacitor', 'part': 'C'} (kibot - v5_sch.py:1726)
DEBUG:U6 (DS3231MZ): 1 {'Reference': 'U6', 'Value': 'DS3231MZ', 'Footprint': 'Package_SO:SOIC-8_3.9x4.9mm_P1.27mm', 'Datasheet': 'http://datasheets.maximintegrated.com/en/ds/DS3231M.pdf', 'Description': '±5ppm, I2C Real-Time Clock SOIC-8', 'part': 'DS3231MZ'} (kibot - v5_sch.py:1726)
DEBUG:R11 (R 5.1k): 1 {'Reference': 'R11', 'Value': '5.1k', 'Footprint': 'Resistor_SMD:R_0603_1608Metric_Pad0.98x0.95mm_HandSolder', 'Datasheet': '~', 'Description': 'Resistor', 'part': 'R'} (kibot - v5_sch.py:1726)
DEBUG:BT1 (Battery_Cell CR2032): 1 {'Reference': 'BT1', 'Value': 'CR2032', 'Footprint': 'Battery:BatteryHolder_MYOUNG_BS-07-A1BJ001_CR2032', 'Datasheet': '~', 'Description': 'Single-cell battery', 'part': 'Battery_Cell'} (kibot - v5_sch.py:1726)
DEBUG:R9 (R 5.1k): 1 {'Reference': 'R9', 'Value': '5.1k', 'Footprint': 'Resistor_SMD:R_0603_1608Metric_Pad0.98x0.95mm_HandSolder', 'Datasheet': '~', 'Description': 'Resistor', 'part': 'R'} (kibot - v5_sch.py:1726)
DEBUG:C23 (C 1u): 1 {'Reference': 'C23', 'Value': '1u', 'Footprint': 'Capacitor_SMD:C_0603_1608Metric_Pad1.08x0.95mm_HandSolder', 'Datasheet': '~', 'Description': 'Unpolarized capacitor', 'part': 'C'} (kibot - v5_sch.py:1726)
DEBUG:R10 (R 5.1k): 1 {'Reference': 'R10', 'Value': '5.1k', 'Footprint': 'Resistor_SMD:R_0603_1608Metric_Pad0.98x0.95mm_HandSolder', 'Datasheet': '~', 'Description': 'Resistor', 'part': 'R'} (kibot - v5_sch.py:1726)
DEBUG:C19 (C 1uF): 1 {'Reference': 'C19', 'Value': '1uF', 'Footprint': 'Capacitor_SMD:C_0603_1608Metric_Pad1.08x0.95mm_HandSolder', 'Datasheet': '~', 'Description': 'Unpolarized capacitor', 'part': 'C'} (kibot - v5_sch.py:1726)
DEBUG:PS2 (RFM-0505S): 1 {'Reference': 'PS2', 'Value': 'RFM-0505S', 'Footprint': 'RFM-0505S:CONV_RFM-0505S', 'Datasheet': '', 'Description': '', 'MF': 'Recom Power', 'MAXIMUM_PACKAGE_HEIGHT': '10mm', 'Package': 'SIP-4 Recom Power', 'Price': 'None', 'Check_prices': 'https://www.snapeda.com/parts/RFM-0505S/Recom+Power/view-part/?ref=eda', 'STANDARD': 'Manufacturer Recommendations', 'PARTREV': '0', 'SnapEDA_Link': 'https://www.snapeda.com/parts/RFM-0505S/Recom+Power/view-part/?ref=snap', 'MP': 'RFM-0505S', 'Description_1': 'DC-DC Converter, SIP4, 1kV unreg, Single Output, 1W, 5V Out, RFM Series | RECOM Power Inc. RFM-0505S', 'Availability': 'In Stock', 'MANUFACTURER': 'Recom', 'part': 'RFM-0505S'} (kibot - v5_sch.py:1726)
DEBUG:U5 (TLV1117LV33DCYT): 1 {'Reference': 'U5', 'Value': 'TLV1117LV33DCYT', 'Footprint': 'TLV1117LV33DCYT:SOT230P700X180-4N', 'Datasheet': '', 'Description': '', 'MF': 'Texas Instruments', 'Description_1': '1-A, low-dropout voltage regulator', 'Package': 'SOT-223-4 Texas Instruments', 'Price': 'None', 'SnapEDA_Link': 'https://www.snapeda.com/parts/TLV1117LV33DCYT/Texas+Instruments/view-part/?ref=snap', 'MP': 'TLV1117LV33DCYT', 'Availability': 'In Stock', 'Check_prices': 'https://www.snapeda.com/parts/TLV1117LV33DCYT/Texas+Instruments/view-part/?ref=eda', 'part': 'TLV1117LV33DCYT'} (kibot - v5_sch.py:1726)
DEBUG:C15 (C 1uF): 1 {'Reference': 'C15', 'Value': '1uF', 'Footprint': 'Capacitor_SMD:C_0603_1608Metric_Pad1.08x0.95mm_HandSolder', 'Datasheet': '~', 'Description': 'Unpolarized capacitor', 'part': 'C'} (kibot - v5_sch.py:1726)
DEBUG:C17 (C 1uF): 1 {'Reference': 'C17', 'Value': '1uF', 'Footprint': 'Capacitor_SMD:C_0603_1608Metric_Pad1.08x0.95mm_HandSolder', 'Datasheet': '~', 'Description': 'Unpolarized capacitor', 'part': 'C'} (kibot - v5_sch.py:1726)
DEBUG:C16 (C 1uF): 1 {'Reference': 'C16', 'Value': '1uF', 'Footprint': 'Capacitor_SMD:C_0603_1608Metric_Pad1.08x0.95mm_HandSolder', 'Datasheet': '~', 'Description': 'Unpolarized capacitor', 'part': 'C'} (kibot - v5_sch.py:1726)
DEBUG:J4 (691313510002): 1 {'Reference': 'J4', 'Value': '691313510002', 'Footprint': '691313510002:691313510002', 'Datasheet': '', 'Description': '', 'MF': 'Würth Elektronik', 'Description_1': '313; 5.08mm Pitch Straight Pluggable Term Block, PCB Header, Through Hole, 2 Way | Wurth Electronics 691313510002', 'Package': 'None', 'Price': 'None', 'SnapEDA_Link': 'https://www.snapeda.com/parts/691313510002/W%25C3%25BCrth+Elektronik+Midcom/view-part/?ref=snap', 'MP': '691313510002', 'Availability': 'In Stock', 'Check_prices': 'https://www.snapeda.com/parts/691313510002/W%25C3%25BCrth+Elektronik+Midcom/view-part/?ref=eda', 'part': '691313510002'} (kibot - v5_sch.py:1726)
DEBUG:C18 (C 1uF): 1 {'Reference': 'C18', 'Value': '1uF', 'Footprint': 'Capacitor_SMD:C_0603_1608Metric_Pad1.08x0.95mm_HandSolder', 'Datasheet': '~', 'Description': 'Unpolarized capacitor', 'part': 'C'} (kibot - v5_sch.py:1726)
DEBUG:C21 (C 1uF): 1 {'Reference': 'C21', 'Value': '1uF', 'Footprint': 'Capacitor_SMD:C_0603_1608Metric_Pad1.08x0.95mm_HandSolder', 'Datasheet': '~', 'Description': 'Unpolarized capacitor', 'part': 'C'} (kibot - v5_sch.py:1726)
DEBUG:C20 (C 1uF): 1 {'Reference': 'C20', 'Value': '1uF', 'Footprint': 'Capacitor_SMD:C_0603_1608Metric_Pad1.08x0.95mm_HandSolder', 'Datasheet': '~', 'Description': 'Unpolarized capacitor', 'part': 'C'} (kibot - v5_sch.py:1726)
DEBUG:PS1 (RFM-0505S): 1 {'Reference': 'PS1', 'Value': 'RFM-0505S', 'Footprint': 'RFM-0505S:CONV_RFM-0505S', 'Datasheet': '', 'Description': '', 'MF': 'Recom Power', 'MAXIMUM_PACKAGE_HEIGHT': '10mm', 'Package': 'SIP-4 Recom Power', 'Price': 'None', 'Check_prices': 'https://www.snapeda.com/parts/RFM-0505S/Recom+Power/view-part/?ref=eda', 'STANDARD': 'Manufacturer Recommendations', 'PARTREV': '0', 'SnapEDA_Link': 'https://www.snapeda.com/parts/RFM-0505S/Recom+Power/view-part/?ref=snap', 'MP': 'RFM-0505S', 'Description_1': 'DC-DC Converter, SIP4, 1kV unreg, Single Output, 1W, 5V Out, RFM Series | RECOM Power Inc. RFM-0505S', 'Availability': 'In Stock', 'MANUFACTURER': 'Recom', 'part': 'RFM-0505S'} (kibot - v5_sch.py:1726)
DEBUG:U3 (ISO1050DUB): 1 {'Reference': 'U3', 'Value': 'ISO1050DUB', 'Footprint': 'Package_SO:SOP-8_6.62x9.15mm_P2.54mm', 'Datasheet': 'http://www.ti.com/lit/ds/symlink/iso1050.pdf', 'Description': 'Isolated CAN Transceiver, SOP-8', 'part': 'ISO1050DUB'} (kibot - v5_sch.py:1726)
DEBUG:C10 (C 4.7n): 1 {'Reference': 'C10', 'Value': '4.7n', 'Footprint': 'Capacitor_SMD:C_0603_1608Metric_Pad1.08x0.95mm_HandSolder', 'Datasheet': '~', 'Description': 'Unpolarized capacitor', 'part': 'C'} (kibot - v5_sch.py:1726)
DEBUG:C11 (C 1u): 1 {'Reference': 'C11', 'Value': '1u', 'Footprint': 'Capacitor_SMD:C_0603_1608Metric_Pad1.08x0.95mm_HandSolder', 'Datasheet': '~', 'Description': 'Unpolarized capacitor', 'part': 'C'} (kibot - v5_sch.py:1726)
DEBUG:C12 (C 1u): 1 {'Reference': 'C12', 'Value': '1u', 'Footprint': 'Capacitor_SMD:C_0603_1608Metric_Pad1.08x0.95mm_HandSolder', 'Datasheet': '~', 'Description': 'Unpolarized capacitor', 'part': 'C'} (kibot - v5_sch.py:1726)
DEBUG:J2 (Conn_01x04_Pin CAN1): 1 {'Reference': 'J2', 'Value': 'CAN1', 'Footprint': 'Connector_JST:JST_XH_S4B-XH-A_1x04_P2.50mm_Horizontal', 'Datasheet': '~', 'Description': 'Generic connector, single row, 01x04, script generated', 'part': 'Conn_01x04_Pin'} (kibot - v5_sch.py:1726)
DEBUG:J6 (Conn_01x04_Pin CAN1): 1 {'Reference': 'J6', 'Value': 'CAN1', 'Footprint': 'Connector_JST:JST_XH_S4B-XH-A_1x04_P2.50mm_Horizontal', 'Datasheet': '~', 'Description': 'Generic connector, single row, 01x04, script generated', 'part': 'Conn_01x04_Pin'} (kibot - v5_sch.py:1726)
DEBUG:J5 (RJHSE5380): 1 {'Reference': 'J5', 'Value': 'RJHSE5380', 'Footprint': 'RJHSE5380:AMPHENOL_RJHSE5380', 'Datasheet': '', 'Description': '', 'MF': 'Amphenol ICC (Commercial Products)', 'MAXIMUM_PACKAGE_HEIGHT': '13.46mm', 'Package': 'None', 'Price': 'None', 'Check_prices': 'https://www.snapeda.com/parts/RJHSE-5380/Amphenol/view-part/?ref=eda', 'STANDARD': 'Manufacturer Recommendations', 'PARTREV': 'B', 'SnapEDA_Link': 'https://www.snapeda.com/parts/RJHSE-5380/Amphenol/view-part/?ref=snap', 'MP': 'RJHSE-5380', 'Description_1': 'Connector mod jack rt angle pcb shielded led1-n led2-n single port rj-45 | Amphenol Commercial (Amphenol CS) RJHSE-5380', 'Availability': 'In Stock', 'MANUFACTURER': 'Amphenol', 'part': 'RJHSE5380'} (kibot - v5_sch.py:1726)
DEBUG:C7 (C 1u): 1 {'Reference': 'C7', 'Value': '1u', 'Footprint': 'Capacitor_SMD:C_0603_1608Metric_Pad1.08x0.95mm_HandSolder', 'Datasheet': '~', 'Description': 'Unpolarized capacitor', 'part': 'C'} (kibot - v5_sch.py:1726)
DEBUG:C8 (C 1u): 1 {'Reference': 'C8', 'Value': '1u', 'Footprint': 'Capacitor_SMD:C_0603_1608Metric_Pad1.08x0.95mm_HandSolder', 'Datasheet': '~', 'Description': 'Unpolarized capacitor', 'part': 'C'} (kibot - v5_sch.py:1726)
DEBUG:C13 (C 10p): 1 {'Reference': 'C13', 'Value': '10p', 'Footprint': 'Capacitor_SMD:C_0603_1608Metric_Pad1.08x0.95mm_HandSolder', 'Datasheet': '~', 'Description': 'Unpolarized capacitor', 'part': 'C'} (kibot - v5_sch.py:1726)
DEBUG:R7 (R 50R): 1 {'Reference': 'R7', 'Value': '50R', 'Footprint': 'Resistor_SMD:R_0603_1608Metric_Pad0.98x0.95mm_HandSolder', 'Datasheet': '~', 'Description': 'Resistor', 'part': 'R'} (kibot - v5_sch.py:1726)
DEBUG:R6 (R 50R): 1 {'Reference': 'R6', 'Value': '50R', 'Footprint': 'Resistor_SMD:R_0603_1608Metric_Pad0.98x0.95mm_HandSolder', 'Datasheet': '~', 'Description': 'Resistor', 'part': 'R'} (kibot - v5_sch.py:1726)
DEBUG:R8 (R 50R): 1 {'Reference': 'R8', 'Value': '50R', 'Footprint': 'Resistor_SMD:R_0603_1608Metric_Pad0.98x0.95mm_HandSolder', 'Datasheet': '~', 'Description': 'Resistor', 'part': 'R'} (kibot - v5_sch.py:1726)
DEBUG:C9 (C 4.7n): 1 {'Reference': 'C9', 'Value': '4.7n', 'Footprint': 'Capacitor_SMD:C_0603_1608Metric_Pad1.08x0.95mm_HandSolder', 'Datasheet': '~', 'Description': 'Unpolarized capacitor', 'part': 'C'} (kibot - v5_sch.py:1726)
DEBUG:C6 (C 1u): 1 {'Reference': 'C6', 'Value': '1u', 'Footprint': 'Capacitor_SMD:C_0603_1608Metric_Pad1.08x0.95mm_HandSolder', 'Datasheet': '~', 'Description': 'Unpolarized capacitor', 'part': 'C'} (kibot - v5_sch.py:1726)
DEBUG:Y1 (ABM3B-8.000MHZ-10-1-U-T): 1 {'Reference': 'Y1', 'Value': 'ABM3B-8.000MHZ-10-1-U-T', 'Footprint': 'ABM3B-8.000MHZ-10-1-U-T:ABM3B', 'Datasheet': 'https://abracon.com/Resonators/abm3b.pdf', 'Description': '8 MHz +/-10ppm Crystal 10pF 200 Ohms 4-SMD, No Lead', 'Height': '1.1', 'Mouser Part Number': '815-ABM3B8MHZ101UT', 'Mouser Price/Stock': 'https://www.mouser.co.uk/ProductDetail/ABRACON/ABM3B-8.000MHZ-10-1-U-T?qs=axzvp2Rdp5%252B1td01iPkwcw%3D%3D', 'Manufacturer_Name': 'ABRACON', 'Manufacturer_Part_Number': 'ABM3B-8.000MHZ-10-1-U-T', 'part': 'ABM3B-8.000MHZ-10-1-U-T'} (kibot - v5_sch.py:1726)
DEBUG:C14 (C 10p): 1 {'Reference': 'C14', 'Value': '10p', 'Footprint': 'Capacitor_SMD:C_0603_1608Metric_Pad1.08x0.95mm_HandSolder', 'Datasheet': '~', 'Description': 'Unpolarized capacitor', 'part': 'C'} (kibot - v5_sch.py:1726)
DEBUG:U2 (MCP2515-xST): 1 {'Reference': 'U2', 'Value': 'MCP2515-xST', 'Footprint': 'Package_SO:TSSOP-20_4.4x6.5mm_P0.65mm', 'Datasheet': 'http://ww1.microchip.com/downloads/en/DeviceDoc/21801e.pdf', 'Description': 'Stand-Alone CAN Controller with SPI Interface, TSSOP-20', 'part': 'MCP2515-xST'} (kibot - v5_sch.py:1726)
DEBUG:R5 (R 50R): 1 {'Reference': 'R5', 'Value': '50R', 'Footprint': 'Resistor_SMD:R_0603_1608Metric_Pad0.98x0.95mm_HandSolder', 'Datasheet': '~', 'Description': 'Resistor', 'part': 'R'} (kibot - v5_sch.py:1726)
DEBUG:U4 (ISO1050DUB): 1 {'Reference': 'U4', 'Value': 'ISO1050DUB', 'Footprint': 'Package_SO:SOP-8_6.62x9.15mm_P2.54mm', 'Datasheet': 'http://www.ti.com/lit/ds/symlink/iso1050.pdf', 'Description': 'Isolated CAN Transceiver, SOP-8', 'part': 'ISO1050DUB'} (kibot - v5_sch.py:1726)
DEBUG:C2 (C 0.1uF): 1 {'Reference': 'C2', 'Value': '0.1uF', 'Footprint': 'Capacitor_SMD:C_0603_1608Metric_Pad1.08x0.95mm_HandSolder', 'Datasheet': '~', 'Description': 'Unpolarized capacitor', 'part': 'C'} (kibot - v5_sch.py:1726)
DEBUG:S1 (EVQ-P2P02W): 1 {'Reference': 'S1', 'Value': 'EVQ-P2P02W', 'Footprint': 'EVQ-P2P02W:EVQP2P02W', 'Datasheet': 'https://www.digikey.com/en/products/detail/panasonic-electronic-components/EVQ-P2P02W/593455?msockid=3bdc366bbe0663d83c1223c0bf3662a6', 'Description': 'Tactile Switches 4.7x3.5mm SMD Light Touch Switch', 'Height': '2.7', 'Mouser Part Number': '667-EVQ-P2P02W', 'Mouser Price/Stock': 'https://www.mouser.co.uk/ProductDetail/Panasonic/EVQ-P2P02W?qs=WwqriLBepZsQN7c1H1dlbA%3D%3D', 'Manufacturer_Name': 'Panasonic', 'Manufacturer_Part_Number': 'EVQ-P2P02W', 'part': 'EVQ-P2P02W'} (kibot - v5_sch.py:1726)
DEBUG:U1 (ESP32-S3-WROOM-2): 1 {'Reference': 'U1', 'Value': 'ESP32-S3-WROOM-2', 'Footprint': 'RF_Module:ESP32-S3-WROOM-2', 'Datasheet': 'https://www.espressif.com/sites/default/files/documentation/esp32-s3-wroom-2_datasheet_en.pdf', 'Description': 'RF Module, 2.4 GHz, Wi\xad-Fi, Bluetooth, BLE, ESP32\xad-S3R8V', 'part': 'ESP32-S3-WROOM-2'} (kibot - v5_sch.py:1726)
DEBUG:C5 (C 1u): 1 {'Reference': 'C5', 'Value': '1u', 'Footprint': 'Capacitor_SMD:C_0603_1608Metric_Pad1.08x0.95mm_HandSolder', 'Datasheet': '~', 'Description': 'Unpolarized capacitor', 'part': 'C'} (kibot - v5_sch.py:1726)
DEBUG:R3 (R 5.1k): 1 {'Reference': 'R3', 'Value': '5.1k', 'Footprint': 'Resistor_SMD:R_0603_1608Metric_Pad0.98x0.95mm_HandSolder', 'Datasheet': '~', 'Description': 'Resistor', 'part': 'R'} (kibot - v5_sch.py:1726)
DEBUG:R4 (R 5.1k): 1 {'Reference': 'R4', 'Value': '5.1k', 'Footprint': 'Resistor_SMD:R_0603_1608Metric_Pad0.98x0.95mm_HandSolder', 'Datasheet': '~', 'Description': 'Resistor', 'part': 'R'} (kibot - v5_sch.py:1726)
DEBUG:D1 (WS2812B-2020): 1 {'Reference': 'D1', 'Value': 'WS2812B-2020', 'Footprint': 'LED_SMD:LED_WS2812B-2020_PLCC4_2.0x2.0mm', 'Datasheet': 'https://cdn-shop.adafruit.com/product-files/4684/4684_WS2812B-2020_V1.3_EN.pdf', 'Description': 'RGB LED with integrated controller, 2.0 x 2.0 mm, 12 mA', 'part': 'WS2812B-2020'} (kibot - v5_sch.py:1726)
DEBUG:S2 (EVQ-P2P02W): 1 {'Reference': 'S2', 'Value': 'EVQ-P2P02W', 'Footprint': 'EVQ-P2P02W:EVQP2P02W', 'Datasheet': 'https://www.digikey.com/en/products/detail/panasonic-electronic-components/EVQ-P2P02W/593455?msockid=3bdc366bbe0663d83c1223c0bf3662a6', 'Description': 'Tactile Switches 4.7x3.5mm SMD Light Touch Switch', 'Height': '2.7', 'Mouser Part Number': '667-EVQ-P2P02W', 'Mouser Price/Stock': 'https://www.mouser.co.uk/ProductDetail/Panasonic/EVQ-P2P02W?qs=WwqriLBepZsQN7c1H1dlbA%3D%3D', 'Manufacturer_Name': 'Panasonic', 'Manufacturer_Part_Number': 'EVQ-P2P02W', 'part': 'EVQ-P2P02W'} (kibot - v5_sch.py:1726)
DEBUG:R1 (R 100k): 1 {'Reference': 'R1', 'Value': '100k', 'Footprint': 'Resistor_SMD:R_0603_1608Metric_Pad0.98x0.95mm_HandSolder', 'Datasheet': '~', 'Description': 'Resistor', 'part': 'R'} (kibot - v5_sch.py:1726)
DEBUG:J1 (10155435-00011LF): 1 {'Reference': 'J1', 'Value': '10155435-00011LF', 'Footprint': '10155435-00011LF:AMPHENOL_10155435-00011LF', 'Datasheet': '', 'Description': '', 'MF': 'Amphenol ICC (FCI)', 'MAXIMUM_PACKAGE_HEIGHT': '3.37 mm', 'Package': 'None', 'Price': 'None', 'Check_prices': 'https://www.snapeda.com/parts/10155435-00011LF/Amphenol+FCI/view-part/?ref=eda', 'STANDARD': 'Manufacturer Recommendations', 'PARTREV': 'C', 'SnapEDA_Link': 'https://www.snapeda.com/parts/10155435-00011LF/Amphenol+FCI/view-part/?ref=snap', 'MP': '10155435-00011LF', 'Description_1': 'USB Type C Receptacle SMT Single Row 16Pin', 'Availability': 'In Stock', 'MANUFACTURER': 'Amphenol', 'part': '10155435-00011LF'} (kibot - v5_sch.py:1726)
DEBUG:J3 (691382010006): 1 {'Reference': 'J3', 'Value': '691382010006', 'Footprint': '691382010006:691382010006', 'Datasheet': '', 'Description': '', 'MF': 'Würth Elektronik', 'Description_1': '6 Position Terminal Block Header, Male Pins, Shrouded (4 Side) 0.098 (2.50mm) 90°, Right Angle - Through Hole', 'Package': 'None', 'Price': 'None', 'SnapEDA_Link': 'https://www.snapeda.com/parts/691382010006/W%25C3%25BCrth+Elektronik+Midcom/view-part/?ref=snap', 'MP': '691382010006', 'Availability': 'In Stock', 'Check_prices': 'https://www.snapeda.com/parts/691382010006/W%25C3%25BCrth+Elektronik+Midcom/view-part/?ref=eda', 'part': '691382010006'} (kibot - v5_sch.py:1726)
DEBUG:C4 (C 0.1uF): 1 {'Reference': 'C4', 'Value': '0.1uF', 'Footprint': 'Capacitor_SMD:C_0603_1608Metric_Pad1.08x0.95mm_HandSolder', 'Datasheet': '~', 'Description': 'Unpolarized capacitor', 'part': 'C'} (kibot - v5_sch.py:1726)
DEBUG:R2 (R 100k): 1 {'Reference': 'R2', 'Value': '100k', 'Footprint': 'Resistor_SMD:R_0603_1608Metric_Pad0.98x0.95mm_HandSolder', 'Datasheet': '~', 'Description': 'Resistor', 'part': 'R'} (kibot - v5_sch.py:1726)
DEBUG:C1 (C 1uF): 1 {'Reference': 'C1', 'Value': '1uF', 'Footprint': 'Capacitor_SMD:C_0603_1608Metric_Pad1.08x0.95mm_HandSolder', 'Datasheet': '~', 'Description': 'Unpolarized capacitor', 'part': 'C'} (kibot - v5_sch.py:1726)
DEBUG:J7 (691382010006): 1 {'Reference': 'J7', 'Value': '691382010006', 'Footprint': '691382010006:691382010006', 'Datasheet': '', 'Description': '', 'MF': 'Würth Elektronik', 'Description_1': '6 Position Terminal Block Header, Male Pins, Shrouded (4 Side) 0.098 (2.50mm) 90°, Right Angle - Through Hole', 'Package': 'None', 'Price': 'None', 'SnapEDA_Link': 'https://www.snapeda.com/parts/691382010006/W%25C3%25BCrth+Elektronik+Midcom/view-part/?ref=snap', 'MP': '691382010006', 'Availability': 'In Stock', 'Check_prices': 'https://www.snapeda.com/parts/691382010006/W%25C3%25BCrth+Elektronik+Midcom/view-part/?ref=eda', 'part': '691382010006'} (kibot - v5_sch.py:1726)
DEBUG:C3 (C 1uF): 1 {'Reference': 'C3', 'Value': '1uF', 'Footprint': 'Capacitor_SMD:C_0603_1608Metric_Pad1.08x0.95mm_HandSolder', 'Datasheet': '~', 'Description': 'Unpolarized capacitor', 'part': 'C'} (kibot - v5_sch.py:1726)
DEBUG:After collapse: (kibot - v5_sch.py:1765)
DEBUG:H2 (MountingHole_Pad): 1 {'Reference': 'H2', 'Value': 'MountingHole_Pad', 'Footprint': 'MountingHole:MountingHole_3.2mm_M3_DIN965_Pad', 'Datasheet': '~', 'Description': 'Mounting Hole with connection', 'part': 'MountingHole_Pad'} (kibot - v5_sch.py:1768)
DEBUG:H4 (MountingHole_Pad): 1 {'Reference': 'H4', 'Value': 'MountingHole_Pad', 'Footprint': 'MountingHole:MountingHole_3.2mm_M3_DIN965_Pad', 'Datasheet': '~', 'Description': 'Mounting Hole with connection', 'part': 'MountingHole_Pad'} (kibot - v5_sch.py:1768)
DEBUG:H3 (MountingHole_Pad): 1 {'Reference': 'H3', 'Value': 'MountingHole_Pad', 'Footprint': 'MountingHole:MountingHole_3.2mm_M3_DIN965_Pad', 'Datasheet': '~', 'Description': 'Mounting Hole with connection', 'part': 'MountingHole_Pad'} (kibot - v5_sch.py:1768)
DEBUG:H1 (MountingHole_Pad): 1 {'Reference': 'H1', 'Value': 'MountingHole_Pad', 'Footprint': 'MountingHole:MountingHole_3.2mm_M3_DIN965_Pad', 'Datasheet': '~', 'Description': 'Mounting Hole with connection', 'part': 'MountingHole_Pad'} (kibot - v5_sch.py:1768)
DEBUG:C22 (C 1u): 1 {'Reference': 'C22', 'Value': '1u', 'Footprint': 'Capacitor_SMD:C_0603_1608Metric_Pad1.08x0.95mm_HandSolder', 'Datasheet': '~', 'Description': 'Unpolarized capacitor', 'part': 'C'} (kibot - v5_sch.py:1768)
DEBUG:U6 (DS3231MZ): 1 {'Reference': 'U6', 'Value': 'DS3231MZ', 'Footprint': 'Package_SO:SOIC-8_3.9x4.9mm_P1.27mm', 'Datasheet': 'http://datasheets.maximintegrated.com/en/ds/DS3231M.pdf', 'Description': '±5ppm, I2C Real-Time Clock SOIC-8', 'part': 'DS3231MZ'} (kibot - v5_sch.py:1768)
DEBUG:R11 (R 5.1k): 1 {'Reference': 'R11', 'Value': '5.1k', 'Footprint': 'Resistor_SMD:R_0603_1608Metric_Pad0.98x0.95mm_HandSolder', 'Datasheet': '~', 'Description': 'Resistor', 'part': 'R'} (kibot - v5_sch.py:1768)
DEBUG:BT1 (Battery_Cell CR2032): 1 {'Reference': 'BT1', 'Value': 'CR2032', 'Footprint': 'Battery:BatteryHolder_MYOUNG_BS-07-A1BJ001_CR2032', 'Datasheet': '~', 'Description': 'Single-cell battery', 'part': 'Battery_Cell'} (kibot - v5_sch.py:1768)
DEBUG:R9 (R 5.1k): 1 {'Reference': 'R9', 'Value': '5.1k', 'Footprint': 'Resistor_SMD:R_0603_1608Metric_Pad0.98x0.95mm_HandSolder', 'Datasheet': '~', 'Description': 'Resistor', 'part': 'R'} (kibot - v5_sch.py:1768)
DEBUG:C23 (C 1u): 1 {'Reference': 'C23', 'Value': '1u', 'Footprint': 'Capacitor_SMD:C_0603_1608Metric_Pad1.08x0.95mm_HandSolder', 'Datasheet': '~', 'Description': 'Unpolarized capacitor', 'part': 'C'} (kibot - v5_sch.py:1768)
DEBUG:R10 (R 5.1k): 1 {'Reference': 'R10', 'Value': '5.1k', 'Footprint': 'Resistor_SMD:R_0603_1608Metric_Pad0.98x0.95mm_HandSolder', 'Datasheet': '~', 'Description': 'Resistor', 'part': 'R'} (kibot - v5_sch.py:1768)
DEBUG:C19 (C 1uF): 1 {'Reference': 'C19', 'Value': '1uF', 'Footprint': 'Capacitor_SMD:C_0603_1608Metric_Pad1.08x0.95mm_HandSolder', 'Datasheet': '~', 'Description': 'Unpolarized capacitor', 'part': 'C'} (kibot - v5_sch.py:1768)
DEBUG:PS2 (RFM-0505S): 1 {'Reference': 'PS2', 'Value': 'RFM-0505S', 'Footprint': 'RFM-0505S:CONV_RFM-0505S', 'Datasheet': '', 'Description': '', 'MF': 'Recom Power', 'MAXIMUM_PACKAGE_HEIGHT': '10mm', 'Package': 'SIP-4 Recom Power', 'Price': 'None', 'Check_prices': 'https://www.snapeda.com/parts/RFM-0505S/Recom+Power/view-part/?ref=eda', 'STANDARD': 'Manufacturer Recommendations', 'PARTREV': '0', 'SnapEDA_Link': 'https://www.snapeda.com/parts/RFM-0505S/Recom+Power/view-part/?ref=snap', 'MP': 'RFM-0505S', 'Description_1': 'DC-DC Converter, SIP4, 1kV unreg, Single Output, 1W, 5V Out, RFM Series | RECOM Power Inc. RFM-0505S', 'Availability': 'In Stock', 'MANUFACTURER': 'Recom', 'part': 'RFM-0505S'} (kibot - v5_sch.py:1768)
DEBUG:U5 (TLV1117LV33DCYT): 1 {'Reference': 'U5', 'Value': 'TLV1117LV33DCYT', 'Footprint': 'TLV1117LV33DCYT:SOT230P700X180-4N', 'Datasheet': '', 'Description': '', 'MF': 'Texas Instruments', 'Description_1': '1-A, low-dropout voltage regulator', 'Package': 'SOT-223-4 Texas Instruments', 'Price': 'None', 'SnapEDA_Link': 'https://www.snapeda.com/parts/TLV1117LV33DCYT/Texas+Instruments/view-part/?ref=snap', 'MP': 'TLV1117LV33DCYT', 'Availability': 'In Stock', 'Check_prices': 'https://www.snapeda.com/parts/TLV1117LV33DCYT/Texas+Instruments/view-part/?ref=eda', 'part': 'TLV1117LV33DCYT'} (kibot - v5_sch.py:1768)
DEBUG:C15 (C 1uF): 1 {'Reference': 'C15', 'Value': '1uF', 'Footprint': 'Capacitor_SMD:C_0603_1608Metric_Pad1.08x0.95mm_HandSolder', 'Datasheet': '~', 'Description': 'Unpolarized capacitor', 'part': 'C'} (kibot - v5_sch.py:1768)
DEBUG:C17 (C 1uF): 1 {'Reference': 'C17', 'Value': '1uF', 'Footprint': 'Capacitor_SMD:C_0603_1608Metric_Pad1.08x0.95mm_HandSolder', 'Datasheet': '~', 'Description': 'Unpolarized capacitor', 'part': 'C'} (kibot - v5_sch.py:1768)
DEBUG:C16 (C 1uF): 1 {'Reference': 'C16', 'Value': '1uF', 'Footprint': 'Capacitor_SMD:C_0603_1608Metric_Pad1.08x0.95mm_HandSolder', 'Datasheet': '~', 'Description': 'Unpolarized capacitor', 'part': 'C'} (kibot - v5_sch.py:1768)
DEBUG:J4 (691313510002): 1 {'Reference': 'J4', 'Value': '691313510002', 'Footprint': '691313510002:691313510002', 'Datasheet': '', 'Description': '', 'MF': 'Würth Elektronik', 'Description_1': '313; 5.08mm Pitch Straight Pluggable Term Block, PCB Header, Through Hole, 2 Way | Wurth Electronics 691313510002', 'Package': 'None', 'Price': 'None', 'SnapEDA_Link': 'https://www.snapeda.com/parts/691313510002/W%25C3%25BCrth+Elektronik+Midcom/view-part/?ref=snap', 'MP': '691313510002', 'Availability': 'In Stock', 'Check_prices': 'https://www.snapeda.com/parts/691313510002/W%25C3%25BCrth+Elektronik+Midcom/view-part/?ref=eda', 'part': '691313510002'} (kibot - v5_sch.py:1768)
DEBUG:C18 (C 1uF): 1 {'Reference': 'C18', 'Value': '1uF', 'Footprint': 'Capacitor_SMD:C_0603_1608Metric_Pad1.08x0.95mm_HandSolder', 'Datasheet': '~', 'Description': 'Unpolarized capacitor', 'part': 'C'} (kibot - v5_sch.py:1768)
DEBUG:C21 (C 1uF): 1 {'Reference': 'C21', 'Value': '1uF', 'Footprint': 'Capacitor_SMD:C_0603_1608Metric_Pad1.08x0.95mm_HandSolder', 'Datasheet': '~', 'Description': 'Unpolarized capacitor', 'part': 'C'} (kibot - v5_sch.py:1768)
DEBUG:C20 (C 1uF): 1 {'Reference': 'C20', 'Value': '1uF', 'Footprint': 'Capacitor_SMD:C_0603_1608Metric_Pad1.08x0.95mm_HandSolder', 'Datasheet': '~', 'Description': 'Unpolarized capacitor', 'part': 'C'} (kibot - v5_sch.py:1768)
DEBUG:PS1 (RFM-0505S): 1 {'Reference': 'PS1', 'Value': 'RFM-0505S', 'Footprint': 'RFM-0505S:CONV_RFM-0505S', 'Datasheet': '', 'Description': '', 'MF': 'Recom Power', 'MAXIMUM_PACKAGE_HEIGHT': '10mm', 'Package': 'SIP-4 Recom Power', 'Price': 'None', 'Check_prices': 'https://www.snapeda.com/parts/RFM-0505S/Recom+Power/view-part/?ref=eda', 'STANDARD': 'Manufacturer Recommendations', 'PARTREV': '0', 'SnapEDA_Link': 'https://www.snapeda.com/parts/RFM-0505S/Recom+Power/view-part/?ref=snap', 'MP': 'RFM-0505S', 'Description_1': 'DC-DC Converter, SIP4, 1kV unreg, Single Output, 1W, 5V Out, RFM Series | RECOM Power Inc. RFM-0505S', 'Availability': 'In Stock', 'MANUFACTURER': 'Recom', 'part': 'RFM-0505S'} (kibot - v5_sch.py:1768)
DEBUG:U3 (ISO1050DUB): 1 {'Reference': 'U3', 'Value': 'ISO1050DUB', 'Footprint': 'Package_SO:SOP-8_6.62x9.15mm_P2.54mm', 'Datasheet': 'http://www.ti.com/lit/ds/symlink/iso1050.pdf', 'Description': 'Isolated CAN Transceiver, SOP-8', 'part': 'ISO1050DUB'} (kibot - v5_sch.py:1768)
DEBUG:C10 (C 4.7n): 1 {'Reference': 'C10', 'Value': '4.7n', 'Footprint': 'Capacitor_SMD:C_0603_1608Metric_Pad1.08x0.95mm_HandSolder', 'Datasheet': '~', 'Description': 'Unpolarized capacitor', 'part': 'C'} (kibot - v5_sch.py:1768)
DEBUG:C11 (C 1u): 1 {'Reference': 'C11', 'Value': '1u', 'Footprint': 'Capacitor_SMD:C_0603_1608Metric_Pad1.08x0.95mm_HandSolder', 'Datasheet': '~', 'Description': 'Unpolarized capacitor', 'part': 'C'} (kibot - v5_sch.py:1768)
DEBUG:C12 (C 1u): 1 {'Reference': 'C12', 'Value': '1u', 'Footprint': 'Capacitor_SMD:C_0603_1608Metric_Pad1.08x0.95mm_HandSolder', 'Datasheet': '~', 'Description': 'Unpolarized capacitor', 'part': 'C'} (kibot - v5_sch.py:1768)
DEBUG:J2 (Conn_01x04_Pin CAN1): 1 {'Reference': 'J2', 'Value': 'CAN1', 'Footprint': 'Connector_JST:JST_XH_S4B-XH-A_1x04_P2.50mm_Horizontal', 'Datasheet': '~', 'Description': 'Generic connector, single row, 01x04, script generated', 'part': 'Conn_01x04_Pin'} (kibot - v5_sch.py:1768)
DEBUG:J6 (Conn_01x04_Pin CAN1): 1 {'Reference': 'J6', 'Value': 'CAN1', 'Footprint': 'Connector_JST:JST_XH_S4B-XH-A_1x04_P2.50mm_Horizontal', 'Datasheet': '~', 'Description': 'Generic connector, single row, 01x04, script generated', 'part': 'Conn_01x04_Pin'} (kibot - v5_sch.py:1768)
DEBUG:J5 (RJHSE5380): 1 {'Reference': 'J5', 'Value': 'RJHSE5380', 'Footprint': 'RJHSE5380:AMPHENOL_RJHSE5380', 'Datasheet': '', 'Description': '', 'MF': 'Amphenol ICC (Commercial Products)', 'MAXIMUM_PACKAGE_HEIGHT': '13.46mm', 'Package': 'None', 'Price': 'None', 'Check_prices': 'https://www.snapeda.com/parts/RJHSE-5380/Amphenol/view-part/?ref=eda', 'STANDARD': 'Manufacturer Recommendations', 'PARTREV': 'B', 'SnapEDA_Link': 'https://www.snapeda.com/parts/RJHSE-5380/Amphenol/view-part/?ref=snap', 'MP': 'RJHSE-5380', 'Description_1': 'Connector mod jack rt angle pcb shielded led1-n led2-n single port rj-45 | Amphenol Commercial (Amphenol CS) RJHSE-5380', 'Availability': 'In Stock', 'MANUFACTURER': 'Amphenol', 'part': 'RJHSE5380'} (kibot - v5_sch.py:1768)
DEBUG:C7 (C 1u): 1 {'Reference': 'C7', 'Value': '1u', 'Footprint': 'Capacitor_SMD:C_0603_1608Metric_Pad1.08x0.95mm_HandSolder', 'Datasheet': '~', 'Description': 'Unpolarized capacitor', 'part': 'C'} (kibot - v5_sch.py:1768)
DEBUG:C8 (C 1u): 1 {'Reference': 'C8', 'Value': '1u', 'Footprint': 'Capacitor_SMD:C_0603_1608Metric_Pad1.08x0.95mm_HandSolder', 'Datasheet': '~', 'Description': 'Unpolarized capacitor', 'part': 'C'} (kibot - v5_sch.py:1768)
DEBUG:C13 (C 10p): 1 {'Reference': 'C13', 'Value': '10p', 'Footprint': 'Capacitor_SMD:C_0603_1608Metric_Pad1.08x0.95mm_HandSolder', 'Datasheet': '~', 'Description': 'Unpolarized capacitor', 'part': 'C'} (kibot - v5_sch.py:1768)
DEBUG:R7 (R 50R): 1 {'Reference': 'R7', 'Value': '50R', 'Footprint': 'Resistor_SMD:R_0603_1608Metric_Pad0.98x0.95mm_HandSolder', 'Datasheet': '~', 'Description': 'Resistor', 'part': 'R'} (kibot - v5_sch.py:1768)
DEBUG:R6 (R 50R): 1 {'Reference': 'R6', 'Value': '50R', 'Footprint': 'Resistor_SMD:R_0603_1608Metric_Pad0.98x0.95mm_HandSolder', 'Datasheet': '~', 'Description': 'Resistor', 'part': 'R'} (kibot - v5_sch.py:1768)
DEBUG:R8 (R 50R): 1 {'Reference': 'R8', 'Value': '50R', 'Footprint': 'Resistor_SMD:R_0603_1608Metric_Pad0.98x0.95mm_HandSolder', 'Datasheet': '~', 'Description': 'Resistor', 'part': 'R'} (kibot - v5_sch.py:1768)
DEBUG:C9 (C 4.7n): 1 {'Reference': 'C9', 'Value': '4.7n', 'Footprint': 'Capacitor_SMD:C_0603_1608Metric_Pad1.08x0.95mm_HandSolder', 'Datasheet': '~', 'Description': 'Unpolarized capacitor', 'part': 'C'} (kibot - v5_sch.py:1768)
DEBUG:C6 (C 1u): 1 {'Reference': 'C6', 'Value': '1u', 'Footprint': 'Capacitor_SMD:C_0603_1608Metric_Pad1.08x0.95mm_HandSolder', 'Datasheet': '~', 'Description': 'Unpolarized capacitor', 'part': 'C'} (kibot - v5_sch.py:1768)
DEBUG:Y1 (ABM3B-8.000MHZ-10-1-U-T): 1 {'Reference': 'Y1', 'Value': 'ABM3B-8.000MHZ-10-1-U-T', 'Footprint': 'ABM3B-8.000MHZ-10-1-U-T:ABM3B', 'Datasheet': 'https://abracon.com/Resonators/abm3b.pdf', 'Description': '8 MHz +/-10ppm Crystal 10pF 200 Ohms 4-SMD, No Lead', 'Height': '1.1', 'Mouser Part Number': '815-ABM3B8MHZ101UT', 'Mouser Price/Stock': 'https://www.mouser.co.uk/ProductDetail/ABRACON/ABM3B-8.000MHZ-10-1-U-T?qs=axzvp2Rdp5%252B1td01iPkwcw%3D%3D', 'Manufacturer_Name': 'ABRACON', 'Manufacturer_Part_Number': 'ABM3B-8.000MHZ-10-1-U-T', 'part': 'ABM3B-8.000MHZ-10-1-U-T'} (kibot - v5_sch.py:1768)
DEBUG:C14 (C 10p): 1 {'Reference': 'C14', 'Value': '10p', 'Footprint': 'Capacitor_SMD:C_0603_1608Metric_Pad1.08x0.95mm_HandSolder', 'Datasheet': '~', 'Description': 'Unpolarized capacitor', 'part': 'C'} (kibot - v5_sch.py:1768)
DEBUG:U2 (MCP2515-xST): 1 {'Reference': 'U2', 'Value': 'MCP2515-xST', 'Footprint': 'Package_SO:TSSOP-20_4.4x6.5mm_P0.65mm', 'Datasheet': 'http://ww1.microchip.com/downloads/en/DeviceDoc/21801e.pdf', 'Description': 'Stand-Alone CAN Controller with SPI Interface, TSSOP-20', 'part': 'MCP2515-xST'} (kibot - v5_sch.py:1768)
DEBUG:R5 (R 50R): 1 {'Reference': 'R5', 'Value': '50R', 'Footprint': 'Resistor_SMD:R_0603_1608Metric_Pad0.98x0.95mm_HandSolder', 'Datasheet': '~', 'Description': 'Resistor', 'part': 'R'} (kibot - v5_sch.py:1768)
DEBUG:U4 (ISO1050DUB): 1 {'Reference': 'U4', 'Value': 'ISO1050DUB', 'Footprint': 'Package_SO:SOP-8_6.62x9.15mm_P2.54mm', 'Datasheet': 'http://www.ti.com/lit/ds/symlink/iso1050.pdf', 'Description': 'Isolated CAN Transceiver, SOP-8', 'part': 'ISO1050DUB'} (kibot - v5_sch.py:1768)
DEBUG:C2 (C 0.1uF): 1 {'Reference': 'C2', 'Value': '0.1uF', 'Footprint': 'Capacitor_SMD:C_0603_1608Metric_Pad1.08x0.95mm_HandSolder', 'Datasheet': '~', 'Description': 'Unpolarized capacitor', 'part': 'C'} (kibot - v5_sch.py:1768)
DEBUG:S1 (EVQ-P2P02W): 1 {'Reference': 'S1', 'Value': 'EVQ-P2P02W', 'Footprint': 'EVQ-P2P02W:EVQP2P02W', 'Datasheet': 'https://www.digikey.com/en/products/detail/panasonic-electronic-components/EVQ-P2P02W/593455?msockid=3bdc366bbe0663d83c1223c0bf3662a6', 'Description': 'Tactile Switches 4.7x3.5mm SMD Light Touch Switch', 'Height': '2.7', 'Mouser Part Number': '667-EVQ-P2P02W', 'Mouser Price/Stock': 'https://www.mouser.co.uk/ProductDetail/Panasonic/EVQ-P2P02W?qs=WwqriLBepZsQN7c1H1dlbA%3D%3D', 'Manufacturer_Name': 'Panasonic', 'Manufacturer_Part_Number': 'EVQ-P2P02W', 'part': 'EVQ-P2P02W'} (kibot - v5_sch.py:1768)
DEBUG:U1 (ESP32-S3-WROOM-2): 1 {'Reference': 'U1', 'Value': 'ESP32-S3-WROOM-2', 'Footprint': 'RF_Module:ESP32-S3-WROOM-2', 'Datasheet': 'https://www.espressif.com/sites/default/files/documentation/esp32-s3-wroom-2_datasheet_en.pdf', 'Description': 'RF Module, 2.4 GHz, Wi\xad-Fi, Bluetooth, BLE, ESP32\xad-S3R8V', 'part': 'ESP32-S3-WROOM-2'} (kibot - v5_sch.py:1768)
DEBUG:C5 (C 1u): 1 {'Reference': 'C5', 'Value': '1u', 'Footprint': 'Capacitor_SMD:C_0603_1608Metric_Pad1.08x0.95mm_HandSolder', 'Datasheet': '~', 'Description': 'Unpolarized capacitor', 'part': 'C'} (kibot - v5_sch.py:1768)
DEBUG:R3 (R 5.1k): 1 {'Reference': 'R3', 'Value': '5.1k', 'Footprint': 'Resistor_SMD:R_0603_1608Metric_Pad0.98x0.95mm_HandSolder', 'Datasheet': '~', 'Description': 'Resistor', 'part': 'R'} (kibot - v5_sch.py:1768)
DEBUG:R4 (R 5.1k): 1 {'Reference': 'R4', 'Value': '5.1k', 'Footprint': 'Resistor_SMD:R_0603_1608Metric_Pad0.98x0.95mm_HandSolder', 'Datasheet': '~', 'Description': 'Resistor', 'part': 'R'} (kibot - v5_sch.py:1768)
DEBUG:D1 (WS2812B-2020): 1 {'Reference': 'D1', 'Value': 'WS2812B-2020', 'Footprint': 'LED_SMD:LED_WS2812B-2020_PLCC4_2.0x2.0mm', 'Datasheet': 'https://cdn-shop.adafruit.com/product-files/4684/4684_WS2812B-2020_V1.3_EN.pdf', 'Description': 'RGB LED with integrated controller, 2.0 x 2.0 mm, 12 mA', 'part': 'WS2812B-2020'} (kibot - v5_sch.py:1768)
DEBUG:S2 (EVQ-P2P02W): 1 {'Reference': 'S2', 'Value': 'EVQ-P2P02W', 'Footprint': 'EVQ-P2P02W:EVQP2P02W', 'Datasheet': 'https://www.digikey.com/en/products/detail/panasonic-electronic-components/EVQ-P2P02W/593455?msockid=3bdc366bbe0663d83c1223c0bf3662a6', 'Description': 'Tactile Switches 4.7x3.5mm SMD Light Touch Switch', 'Height': '2.7', 'Mouser Part Number': '667-EVQ-P2P02W', 'Mouser Price/Stock': 'https://www.mouser.co.uk/ProductDetail/Panasonic/EVQ-P2P02W?qs=WwqriLBepZsQN7c1H1dlbA%3D%3D', 'Manufacturer_Name': 'Panasonic', 'Manufacturer_Part_Number': 'EVQ-P2P02W', 'part': 'EVQ-P2P02W'} (kibot - v5_sch.py:1768)
DEBUG:R1 (R 100k): 1 {'Reference': 'R1', 'Value': '100k', 'Footprint': 'Resistor_SMD:R_0603_1608Metric_Pad0.98x0.95mm_HandSolder', 'Datasheet': '~', 'Description': 'Resistor', 'part': 'R'} (kibot - v5_sch.py:1768)
DEBUG:J1 (10155435-00011LF): 1 {'Reference': 'J1', 'Value': '10155435-00011LF', 'Footprint': '10155435-00011LF:AMPHENOL_10155435-00011LF', 'Datasheet': '', 'Description': '', 'MF': 'Amphenol ICC (FCI)', 'MAXIMUM_PACKAGE_HEIGHT': '3.37 mm', 'Package': 'None', 'Price': 'None', 'Check_prices': 'https://www.snapeda.com/parts/10155435-00011LF/Amphenol+FCI/view-part/?ref=eda', 'STANDARD': 'Manufacturer Recommendations', 'PARTREV': 'C', 'SnapEDA_Link': 'https://www.snapeda.com/parts/10155435-00011LF/Amphenol+FCI/view-part/?ref=snap', 'MP': '10155435-00011LF', 'Description_1': 'USB Type C Receptacle SMT Single Row 16Pin', 'Availability': 'In Stock', 'MANUFACTURER': 'Amphenol', 'part': '10155435-00011LF'} (kibot - v5_sch.py:1768)
DEBUG:J3 (691382010006): 1 {'Reference': 'J3', 'Value': '691382010006', 'Footprint': '691382010006:691382010006', 'Datasheet': '', 'Description': '', 'MF': 'Würth Elektronik', 'Description_1': '6 Position Terminal Block Header, Male Pins, Shrouded (4 Side) 0.098 (2.50mm) 90°, Right Angle - Through Hole', 'Package': 'None', 'Price': 'None', 'SnapEDA_Link': 'https://www.snapeda.com/parts/691382010006/W%25C3%25BCrth+Elektronik+Midcom/view-part/?ref=snap', 'MP': '691382010006', 'Availability': 'In Stock', 'Check_prices': 'https://www.snapeda.com/parts/691382010006/W%25C3%25BCrth+Elektronik+Midcom/view-part/?ref=eda', 'part': '691382010006'} (kibot - v5_sch.py:1768)
DEBUG:C4 (C 0.1uF): 1 {'Reference': 'C4', 'Value': '0.1uF', 'Footprint': 'Capacitor_SMD:C_0603_1608Metric_Pad1.08x0.95mm_HandSolder', 'Datasheet': '~', 'Description': 'Unpolarized capacitor', 'part': 'C'} (kibot - v5_sch.py:1768)
DEBUG:R2 (R 100k): 1 {'Reference': 'R2', 'Value': '100k', 'Footprint': 'Resistor_SMD:R_0603_1608Metric_Pad0.98x0.95mm_HandSolder', 'Datasheet': '~', 'Description': 'Resistor', 'part': 'R'} (kibot - v5_sch.py:1768)
DEBUG:C1 (C 1uF): 1 {'Reference': 'C1', 'Value': '1uF', 'Footprint': 'Capacitor_SMD:C_0603_1608Metric_Pad1.08x0.95mm_HandSolder', 'Datasheet': '~', 'Description': 'Unpolarized capacitor', 'part': 'C'} (kibot - v5_sch.py:1768)
DEBUG:J7 (691382010006): 1 {'Reference': 'J7', 'Value': '691382010006', 'Footprint': '691382010006:691382010006', 'Datasheet': '', 'Description': '', 'MF': 'Würth Elektronik', 'Description_1': '6 Position Terminal Block Header, Male Pins, Shrouded (4 Side) 0.098 (2.50mm) 90°, Right Angle - Through Hole', 'Package': 'None', 'Price': 'None', 'SnapEDA_Link': 'https://www.snapeda.com/parts/691382010006/W%25C3%25BCrth+Elektronik+Midcom/view-part/?ref=snap', 'MP': '691382010006', 'Availability': 'In Stock', 'Check_prices': 'https://www.snapeda.com/parts/691382010006/W%25C3%25BCrth+Elektronik+Midcom/view-part/?ref=eda', 'part': '691382010006'} (kibot - v5_sch.py:1768)
DEBUG:C3 (C 1uF): 1 {'Reference': 'C3', 'Value': '1uF', 'Footprint': 'Capacitor_SMD:C_0603_1608Metric_Pad1.08x0.95mm_HandSolder', 'Datasheet': '~', 'Description': 'Unpolarized capacitor', 'part': 'C'} (kibot - v5_sch.py:1768)
DEBUG:Reading KiCad config from `/github/home/.config/kicad/9.0/kicad_common.json` (kibot - config.py:458)
DEBUG:Filtered warning: (W009) KiCad config without environment.vars section (kibot - log.py:130)
DEBUG:Using KICAD9_SYMBOL_DIR="/usr/share/kicad/symbols" (guessed) (kibot - config.py:433)
DEBUG:Using KICAD9_TEMPLATE_DIR="/usr/share/kicad/template" (guessed) (kibot - config.py:433)
DEBUG:Filtered warning: (W010) Unable to find KiCad user templates (kibot - log.py:130)
DEBUG:Using KICAD9_FOOTPRINT_DIR="/usr/share/kicad/footprints" (guessed) (kibot - config.py:433)
DEBUG:Filtered warning: (W010) Unable to find KiCad 3D models (kibot - log.py:130)
DEBUG:Using KICAD9_3RD_PARTY="/github/home/.local/share/kicad/9.0/3rdparty" (guessed) (kibot - config.py:433)
DEBUG:Exporting KIPRJMOD="/github/workspace" (kibot - config.py:479)
DEBUG:Also exporting KICAD6_SYMBOL_DIR="/usr/share/kicad/symbols" (kibot - config.py:487)
DEBUG:Also exporting KICAD7_SYMBOL_DIR="/usr/share/kicad/symbols" (kibot - config.py:487)
DEBUG:Also exporting KICAD8_SYMBOL_DIR="/usr/share/kicad/symbols" (kibot - config.py:487)
DEBUG:Also exporting KICAD6_TEMPLATE_DIR="/usr/share/kicad/template" (kibot - config.py:487)
DEBUG:Also exporting KICAD7_TEMPLATE_DIR="/usr/share/kicad/template" (kibot - config.py:487)
DEBUG:Also exporting KICAD8_TEMPLATE_DIR="/usr/share/kicad/template" (kibot - config.py:487)
DEBUG:Also exporting KICAD6_FOOTPRINT_DIR="/usr/share/kicad/footprints" (kibot - config.py:487)
DEBUG:Also exporting KICAD7_FOOTPRINT_DIR="/usr/share/kicad/footprints" (kibot - config.py:487)
DEBUG:Also exporting KICAD8_FOOTPRINT_DIR="/usr/share/kicad/footprints" (kibot - config.py:487)
DEBUG:Also exporting KICAD6_3RD_PARTY="/github/home/.local/share/kicad/9.0/3rdparty" (kibot - config.py:487)
DEBUG:Also exporting KICAD7_3RD_PARTY="/github/home/.local/share/kicad/9.0/3rdparty" (kibot - config.py:487)
DEBUG:Also exporting KICAD8_3RD_PARTY="/github/home/.local/share/kicad/9.0/3rdparty" (kibot - config.py:487)
DEBUG:No 3D aliases (/github/home/.config/kicad/9.0/3d/3Dresolver.cfg) (kibot - config.py:638)
DEBUG:Adding Description field to G*** () (kibot - kiplot.py:428)
DEBUG:Filtered warning: (W147) Not including component `G***` in filters because it has a malformed reference @ PCB (137.65, 89.55) mm (kibot - log.py:130)
DEBUG:Filters reset (kibot - fil_base.py:196)
DEBUG:Applying filter `_mechanical` to exclude (kibot - fil_base.py:187)
DEBUG:- H1 excluded (kibot - fil_base.py:192)
DEBUG:- H2 excluded (kibot - fil_base.py:192)
DEBUG:- H3 excluded (kibot - fil_base.py:192)
DEBUG:- H4 excluded (kibot - fil_base.py:192)
DEBUG:Applying filter `_kibom_dnf_Config` to fitted (kibot - fil_base.py:216)
DEBUG:Applying filter `_kibom_dnc_Config` to fixed (kibot - fil_base.py:226)
DEBUG:Applying KiBoM style variants `CHECKED` (kibot - var_kibom.py:91)
DEBUG:Crossing modules (kibot - out_base.py:370)
DEBUG:Removing paste, mask and/or glue (kibot - out_base.py:451)
DEBUG:Eurocircuits Pattern class for `minimum` is 4 because the clearance is 0.2, track is 0.2 and OAR is 0.15 (kibot - out_report.py:101)
DEBUG:Eurocircuits Pattern class for `measured` is 4 because the clearance is 0.2, track is 0.2 and OAR is 0.15 (kibot - out_report.py:101)
DEBUG:Eurocircuits Pattern class for `defined` is 4 because the clearance is 0.2, track is 0.2 and OAR is 0.15 (kibot - out_report.py:101)
DEBUG:Eurocircuits Drill class for `minimum` is F because the drill is 0.15 (kibot - out_report.py:114)
DEBUG:Eurocircuits Drill class for `measured` is D because the drill is 0.25 (kibot - out_report.py:114)
DEBUG:Eurocircuits Drill class for `defined` is F because the drill is 0.15 (kibot - out_report.py:114)
DEBUG:Restoring paste, mask and/or glue (kibot - out_base.py:538)
DEBUG:Using global `output`=`%f-%i%I%v.%x` (kibot - optionable.py:58)
DEBUG:Using global `variant`=`CHECKED` (kibot - optionable.py:58)
DEBUG:Configuring from default: pre_transform -> _null (kibot - optionable.py:377)
DEBUG:Configuring from default: exclude_filter -> _null (kibot - optionable.py:377)
DEBUG:Configuring from default: dnf_filter -> _null (kibot - optionable.py:377)
DEBUG:Configuring from default: groups -> [] (kibot - optionable.py:377)
DEBUG:Expanding `/github/workspace/./Schematic` in SCH context for <kibot.out_pdf_sch_print.PDF_SCH_PrintOptions object at 0x7f56b8a778c0> parent: 'Schematic in PDF format' (pdf_schematic) [pdf_sch_print] (kibot - optionable.py:508)
DEBUG:Expanded `/github/workspace/./Schematic` (kibot - optionable.py:554)
DEBUG:Expanding `%f-%i%I%v.%x` in SCH context for <kibot.out_pdf_sch_print.PDF_SCH_PrintOptions object at 0x7f56b8a778c0> parent: 'Schematic in PDF format' (pdf_schematic) [pdf_sch_print] (kibot - optionable.py:508)
DEBUG:Expanded `LE_BMS_A_V2-schematic.pdf` (kibot - optionable.py:554)
ERROR:/github/workspace/Schematic/LE_BMS_A_V2-schematic-1.pdf (kibot - create_pdf.py:57)
ERROR:/github/workspace/Schematic/LE_BMS_A_V2-schematic-2.pdf (kibot - create_pdf.py:57)
ERROR:/github/workspace/Schematic/LE_BMS_A_V2-schematic-3.pdf (kibot - create_pdf.py:57)
ERROR:/github/workspace/Schematic/LE_BMS_A_V2-schematic-4.pdf (kibot - create_pdf.py:57)
ERROR:/github/workspace/Schematic/LE_BMS_A_V2-schematic-5.pdf (kibot - create_pdf.py:57)
ERROR:/github/workspace/Schematic/LE_BMS_A_V2-schematic-6.pdf (kibot - create_pdf.py:57)
ERROR:/github/workspace/Schematic/LE_BMS_A_V2-schematic-7.pdf (kibot - create_pdf.py:57)
ERROR:/github/workspace/Schematic/LE_BMS_A_V2-schematic-8.pdf (kibot - create_pdf.py:57)
DEBUG:Using global `output`=`%f-%i%I%v.%x` (kibot - optionable.py:58)
DEBUG:Using global `variant`=`CHECKED` (kibot - optionable.py:58)
DEBUG:Configuring from default: exclude_filter -> _null (kibot - optionable.py:377)
DEBUG:Configuring from default: exclude_filter -> _null (kibot - optionable.py:377)
DEBUG:Configuring from default: exclude_filter -> _null (kibot - optionable.py:377)
DEBUG:Configuring from default: exclude_filter -> _null (kibot - optionable.py:377)
DEBUG:Configuring from default: exclude_filter -> _null (kibot - optionable.py:377)
DEBUG:Configuring from default: exclude_filter -> _null (kibot - optionable.py:377)
DEBUG:Configuring from default: exclude_filter -> _null (kibot - optionable.py:377)
DEBUG:Configuring from default: repeat_layers -> ['inners'] (kibot - optionable.py:377)
DEBUG:Configuring from default: exclude_filter -> _null (kibot - optionable.py:377)
DEBUG:Configuring from default: exclude_filter -> _null (kibot - optionable.py:377)
DEBUG:Configuring from default: exclude_filter -> _null (kibot - optionable.py:377)
DEBUG:Configuring from default: exclude_filter -> _null (kibot - optionable.py:377)
DEBUG:Configuring from default: exclude_filter -> _null (kibot - optionable.py:377)
DEBUG:Configuring from default: exclude_filter -> _null (kibot - optionable.py:377)
DEBUG:Configuring from default: exclude_filter -> _null (kibot - optionable.py:377)
DEBUG:Configuring from default: repeat_layers -> ['inners'] (kibot - optionable.py:377)
DEBUG:Configuring from default: exclude_filter -> _null (kibot - optionable.py:377)
DEBUG:Configuring from default: exclude_filter -> _null (kibot - optionable.py:377)
DEBUG:Configuring from default: exclude_filter -> _null (kibot - optionable.py:377)
DEBUG:Configuring from default: exclude_filter -> _null (kibot - optionable.py:377)
DEBUG:Configuring from default: exclude_filter -> _null (kibot - optionable.py:377)
DEBUG:Configuring from default: exclude_filter -> _null (kibot - optionable.py:377)
DEBUG:Configuring from default: exclude_filter -> _null (kibot - optionable.py:377)
DEBUG:Configuring from default: exclude_filter -> _null (kibot - optionable.py:377)
DEBUG:Configuring from default: repeat_layers -> ['inners'] (kibot - optionable.py:377)
DEBUG:Configuring from default: exclude_filter -> _null (kibot - optionable.py:377)
DEBUG:Configuring from default: exclude_filter -> _null (kibot - optionable.py:377)
DEBUG:Configuring from default: exclude_filter -> _null (kibot - optionable.py:377)
DEBUG:Configuring from default: exclude_filter -> _null (kibot - optionable.py:377)
DEBUG:Configuring from default: exclude_filter -> _null (kibot - optionable.py:377)
DEBUG:Configuring from default: exclude_filter -> _null (kibot - optionable.py:377)
DEBUG:Configuring from default: repeat_layers -> ['inners'] (kibot - optionable.py:377)
DEBUG:Configuring from default: exclude_filter -> _null (kibot - optionable.py:377)
DEBUG:Configuring from default: pre_transform -> _null (kibot - optionable.py:377)
DEBUG:Configuring from default: exclude_filter -> _null (kibot - optionable.py:377)
DEBUG:Expanding `Top Fabrication (Scale 1:1)` in PCB context for Top Fabrication (Scale 1:1) [Edge.Cuts, F.Cu, F.Mask, F.Paste, F.Silkscreen, F.Fab and F.Dimensions] parent: <kibot.out_pcb_print.PCB_PrintOptions object at 0x7f56b8a76f90> (kibot - optionable.py:508)
DEBUG:Expanded `Top Fabrication (Scale 1:1)` (kibot - optionable.py:554)
DEBUG:Expanding `Top Fabrication (Scale 1:1)` in PCB context for Top Fabrication (Scale 1:1) [Edge.Cuts, F.Cu, F.Mask, F.Paste, F.Silkscreen, F.Fab and F.Dimensions] parent: <kibot.out_pcb_print.PCB_PrintOptions object at 0x7f56b8a76f90> (kibot - optionable.py:508)
DEBUG:Expanded `Top Fabrication (Scale 1:1)` (kibot - optionable.py:554)
DEBUG:Expanding `Bottom Fabrication (Scale 1:1)` in PCB context for Bottom Fabrication (Scale 1:1) [Edge.Cuts, B.Cu, B.Mask, B.Paste, B.Silkscreen, B.Fab and B.Dimensions] mirror parent: <kibot.out_pcb_print.PCB_PrintOptions object at 0x7f56b8a76f90> (kibot - optionable.py:508)
DEBUG:Expanded `Bottom Fabrication (Scale 1:1)` (kibot - optionable.py:554)
DEBUG:Expanding `Bottom Fabrication (Scale 1:1)` in PCB context for Bottom Fabrication (Scale 1:1) [Edge.Cuts, B.Cu, B.Mask, B.Paste, B.Silkscreen, B.Fab and B.Dimensions] mirror parent: <kibot.out_pcb_print.PCB_PrintOptions object at 0x7f56b8a76f90> (kibot - optionable.py:508)
DEBUG:Expanded `Bottom Fabrication (Scale 1:1)` (kibot - optionable.py:554)
DEBUG:Expanding `Drill Drawing (L1 - L4)` in PCB context for Drill Drawing (%lp) [DrillMap and Edge.Cuts] parent: <kibot.out_pcb_print.PCB_PrintOptions object at 0x7f56b696e710> (kibot - optionable.py:508)
DEBUG:Expanded `Drill Drawing (L1 - L4)` (kibot - optionable.py:554)
DEBUG:Expanding `Drill Drawing L1 - L4 (Scale 1:1)` in PCB context for Drill Drawing (L1 - L4) [DrillMap and Edge.Cuts] parent: <kibot.out_pcb_print.PCB_PrintOptions object at 0x7f56b696e710> (kibot - optionable.py:508)
DEBUG:Expanded `Drill Drawing L1 - L4 (Scale 1:1)` (kibot - optionable.py:554)
DEBUG:Expanding `Drill Drawing (L1 - L4)` in PCB context for Drill Drawing (%lp) [DrillMap and Edge.Cuts] parent: <kibot.out_pcb_print.PCB_PrintOptions object at 0x7f56b6972c10> (kibot - optionable.py:508)
DEBUG:Expanded `Drill Drawing (L1 - L4)` (kibot - optionable.py:554)
DEBUG:Expanding `Drill Drawing L1 - L4 (Scale 1:1)` in PCB context for Drill Drawing (L1 - L4) [DrillMap and Edge.Cuts] parent: <kibot.out_pcb_print.PCB_PrintOptions object at 0x7f56b6972c10> (kibot - optionable.py:508)
DEBUG:Expanded `Drill Drawing L1 - L4 (Scale 1:1)` (kibot - optionable.py:554)
DEBUG:Expanding `Top Test Points (Scale 1:1)` in PCB context for Top Test Points (Scale 1:1) [Edge.Cuts, F.Cu, F.Mask, F.Paste, F.Silkscreen, F.Fab and F.TestPointList] parent: <kibot.out_pcb_print.PCB_PrintOptions object at 0x7f56b8a76f90> (kibot - optionable.py:508)
DEBUG:Expanded `Top Test Points (Scale 1:1)` (kibot - optionable.py:554)
DEBUG:Expanding `Top Test Points (Scale 1:1)` in PCB context for Top Test Points (Scale 1:1) [Edge.Cuts, F.Cu, F.Mask, F.Paste, F.Silkscreen, F.Fab and F.TestPointList] parent: <kibot.out_pcb_print.PCB_PrintOptions object at 0x7f56b8a76f90> (kibot - optionable.py:508)
DEBUG:Expanded `Top Test Points (Scale 1:1)` (kibot - optionable.py:554)
DEBUG:Expanding `Bottom Test Points (Scale 1:1)` in PCB context for Bottom Test Points (Scale 1:1) [Edge.Cuts, B.Cu, B.Mask, B.Paste, B.Silkscreen, B.Fab and B.TestPointList] mirror parent: <kibot.out_pcb_print.PCB_PrintOptions object at 0x7f56b8a76f90> (kibot - optionable.py:508)
DEBUG:Expanded `Bottom Test Points (Scale 1:1)` (kibot - optionable.py:554)
DEBUG:Expanding `Bottom Test Points (Scale 1:1)` in PCB context for Bottom Test Points (Scale 1:1) [Edge.Cuts, B.Cu, B.Mask, B.Paste, B.Silkscreen, B.Fab and B.TestPointList] mirror parent: <kibot.out_pcb_print.PCB_PrintOptions object at 0x7f56b8a76f90> (kibot - optionable.py:508)
DEBUG:Expanded `Bottom Test Points (Scale 1:1)` (kibot - optionable.py:554)
DEBUG:Expanding `L1 (Sig, PWR) (Scale 1:1)` in PCB context for %ln (Scale 1:1) [L1 (Sig, PWR)] parent: <kibot.out_pcb_print.PCB_PrintOptions object at 0x7f56b6976fd0> (kibot - optionable.py:508)
DEBUG:Expanded `L1 (Sig, PWR) (Scale 1:1)` (kibot - optionable.py:554)
DEBUG:Expanding `L1 (Sig, PWR) (Scale 1:1)` in PCB context for L1 (Sig, PWR) (Scale 1:1) [L1 (Sig, PWR)] parent: <kibot.out_pcb_print.PCB_PrintOptions object at 0x7f56b6976fd0> (kibot - optionable.py:508)
DEBUG:Expanded `L1 (Sig, PWR) (Scale 1:1)` (kibot - optionable.py:554)
DEBUG:Expanding `L2 (GND) (Scale 1:1)` in PCB context for %ln (Scale 1:1) [L2 (GND)] parent: <kibot.out_pcb_print.PCB_PrintOptions object at 0x7f56b697b250> (kibot - optionable.py:508)
DEBUG:Expanded `L2 (GND) (Scale 1:1)` (kibot - optionable.py:554)
DEBUG:Expanding `L2 (GND) (Scale 1:1)` in PCB context for L2 (GND) (Scale 1:1) [L2 (GND)] parent: <kibot.out_pcb_print.PCB_PrintOptions object at 0x7f56b697b250> (kibot - optionable.py:508)
DEBUG:Expanded `L2 (GND) (Scale 1:1)` (kibot - optionable.py:554)
DEBUG:Expanding `L3 (Sig, PWR) (Scale 1:1)` in PCB context for %ln (Scale 1:1) [L3 (Sig, PWR)] parent: <kibot.out_pcb_print.PCB_PrintOptions object at 0x7f56b697f4d0> (kibot - optionable.py:508)
DEBUG:Expanded `L3 (Sig, PWR) (Scale 1:1)` (kibot - optionable.py:554)
DEBUG:Expanding `L3 (Sig, PWR) (Scale 1:1)` in PCB context for L3 (Sig, PWR) (Scale 1:1) [L3 (Sig, PWR)] parent: <kibot.out_pcb_print.PCB_PrintOptions object at 0x7f56b697f4d0> (kibot - optionable.py:508)
DEBUG:Expanded `L3 (Sig, PWR) (Scale 1:1)` (kibot - optionable.py:554)
DEBUG:Expanding `L6 (Sig, PWR) (Scale 1:1)` in PCB context for %ln (Scale 1:1) [L6 (Sig, PWR)] parent: <kibot.out_pcb_print.PCB_PrintOptions object at 0x7f56b698b750> (kibot - optionable.py:508)
DEBUG:Expanded `L6 (Sig, PWR) (Scale 1:1)` (kibot - optionable.py:554)
DEBUG:Expanding `L6 (Sig, PWR) (Scale 1:1)` in PCB context for L6 (Sig, PWR) (Scale 1:1) [L6 (Sig, PWR)] parent: <kibot.out_pcb_print.PCB_PrintOptions object at 0x7f56b698b750> (kibot - optionable.py:508)
DEBUG:Expanded `L6 (Sig, PWR) (Scale 1:1)` (kibot - optionable.py:554)
DEBUG:Looking for color theme `Altium_Theme` (kibot - color_theme.py:60)
DEBUG:- Color for layer F.Cu (0): #C83434 (kibot - color_theme.py:110)
DEBUG:- Color for layer F.Mask (1): #D864FF66 (kibot - color_theme.py:110)
DEBUG:- Color for layer B.Cu (2): #4D7FC4 (kibot - color_theme.py:110)
DEBUG:- Color for layer B.Mask (3): #02FFEE66 (kibot - color_theme.py:110)
DEBUG:- Color for layer In1.Cu (4): #7FC87F (kibot - color_theme.py:110)
DEBUG:- Color for layer F.Silkscreen (5): #F2EDA1 (kibot - color_theme.py:110)
DEBUG:- Color for layer In2.Cu (6): #CE7D2C (kibot - color_theme.py:110)
DEBUG:- Color for layer B.Silkscreen (7): #E8B2A7 (kibot - color_theme.py:110)
DEBUG:- Color for layer In3.Cu (8): #4FCBCB (kibot - color_theme.py:110)
DEBUG:- Color for layer F.Adhesive (9): #840084 (kibot - color_theme.py:110)
DEBUG:- Color for layer In4.Cu (10): #DB628B (kibot - color_theme.py:110)
DEBUG:- Color for layer B.Adhesive (11): #000084 (kibot - color_theme.py:110)
DEBUG:- Color for layer In5.Cu (12): #A7A5C6 (kibot - color_theme.py:110)
DEBUG:- Color for layer F.Paste (13): #B4A09AE6 (kibot - color_theme.py:110)
DEBUG:- Color for layer In6.Cu (14): #28CCD9 (kibot - color_theme.py:110)
DEBUG:- Color for layer B.Paste (15): #00C2C2E6 (kibot - color_theme.py:110)
DEBUG:- Color for layer In7.Cu (16): #E8B2A7 (kibot - color_theme.py:110)
DEBUG:- Color for layer User.Drawings (17): #C2C2C2 (kibot - color_theme.py:110)
DEBUG:- Color for layer In8.Cu (18): #F2EDA1 (kibot - color_theme.py:110)
DEBUG:- Color for layer User.Comments (19): #5994DC (kibot - color_theme.py:110)
DEBUG:- Color for layer In9.Cu (20): #8DCB81 (kibot - color_theme.py:110)
DEBUG:- Color for layer User.Eco1 (21): #B4DBD2 (kibot - color_theme.py:110)
DEBUG:- Color for layer In10.Cu (22): #ED7C33 (kibot - color_theme.py:110)
DEBUG:- Color for layer User.Eco2 (23): #D8C852 (kibot - color_theme.py:110)
DEBUG:- Color for layer In11.Cu (24): #5BC3EB (kibot - color_theme.py:110)
DEBUG:- Color for layer Edge.Cuts (25): #D0D2CD (kibot - color_theme.py:110)
DEBUG:- Color for layer In12.Cu (26): #F76F8E (kibot - color_theme.py:110)
DEBUG:- Color for layer Margin (27): #FF26E2 (kibot - color_theme.py:110)
DEBUG:- Color for layer In13.Cu (28): #A7A5C6 (kibot - color_theme.py:110)
DEBUG:- Color for layer B.Courtyard (29): #26E9FF (kibot - color_theme.py:110)
DEBUG:- Color for layer In14.Cu (30): #28CCD9 (kibot - color_theme.py:110)
DEBUG:- Color for layer F.Courtyard (31): #FF26E2 (kibot - color_theme.py:110)
DEBUG:- Color for layer In15.Cu (32): #E8B2A7 (kibot - color_theme.py:110)
DEBUG:- Color for layer B.Fab (33): #585D84 (kibot - color_theme.py:110)
DEBUG:- Color for layer In16.Cu (34): #F2EDA1 (kibot - color_theme.py:110)
DEBUG:- Color for layer F.Fab (35): #AFAFAF (kibot - color_theme.py:110)
DEBUG:- Color for layer In17.Cu (36): #ED7C33 (kibot - color_theme.py:110)
DEBUG:- Color for layer In18.Cu (38): #5BC3EB (kibot - color_theme.py:110)
DEBUG:- Color for layer User.1 (39): #C2C2C2 (kibot - color_theme.py:110)
DEBUG:- Color for layer In19.Cu (40): #F76F8E (kibot - color_theme.py:110)
DEBUG:- Color for layer User.2 (41): #5994DC (kibot - color_theme.py:110)
DEBUG:- Color for layer In20.Cu (42): #A7A5C6 (kibot - color_theme.py:110)
DEBUG:- Color for layer User.3 (43): #B4DBD2 (kibot - color_theme.py:110)
DEBUG:- Color for layer In21.Cu (44): #28CCD9 (kibot - color_theme.py:110)
DEBUG:- Color for layer User.4 (45): #D8C852 (kibot - color_theme.py:110)
DEBUG:- Color for layer In22.Cu (46): #E8B2A7 (kibot - color_theme.py:110)
DEBUG:- Color for layer User.5 (47): #C2C2C2 (kibot - color_theme.py:110)
DEBUG:- Color for layer In23.Cu (48): #F2EDA1 (kibot - color_theme.py:110)
DEBUG:- Color for layer User.6 (49): #5994DC (kibot - color_theme.py:110)
DEBUG:- Color for layer In24.Cu (50): #ED7C33 (kibot - color_theme.py:110)
DEBUG:- Color for layer User.7 (51): #B4DBD2 (kibot - color_theme.py:110)
DEBUG:- Color for layer In25.Cu (52): #5BC3EB (kibot - color_theme.py:110)
DEBUG:- Color for layer User.8 (53): #D8C852 (kibot - color_theme.py:110)
DEBUG:- Color for layer In26.Cu (54): #F76F8E (kibot - color_theme.py:110)
DEBUG:- Color for layer User.9 (55): #E8B2A7 (kibot - color_theme.py:110)
DEBUG:- Color for layer In27.Cu (56): #A7A5C6 (kibot - color_theme.py:110)
DEBUG:- Color for layer User.10 (57): #5994DC (kibot - color_theme.py:110)
DEBUG:- Color for layer In28.Cu (58): #28CCD9 (kibot - color_theme.py:110)
DEBUG:- Color for layer User.11 (59): #B4DBD2 (kibot - color_theme.py:110)
DEBUG:- Color for layer In29.Cu (60): #E8B2A7 (kibot - color_theme.py:110)
DEBUG:- Color for layer User.12 (61): #D8C852 (kibot - color_theme.py:110)
DEBUG:- Color for layer In30.Cu (62): #F2EDA1 (kibot - color_theme.py:110)
DEBUG:- Color for layer User.13 (63): #C2C2C2 (kibot - color_theme.py:110)
DEBUG:- Color for layer In31.Cu (64): #000000 (kibot - color_theme.py:110)
DEBUG:- Color for layer User.14 (65): #5994DC (kibot - color_theme.py:110)
DEBUG:- Color for layer In32.Cu (66): #000000 (kibot - color_theme.py:110)
DEBUG:- Color for layer User.15 (67): #B4DBD2 (kibot - color_theme.py:110)
DEBUG:- Color for layer In33.Cu (68): #000000 (kibot - color_theme.py:110)
DEBUG:- Color for layer User.16 (69): #D8C852 (kibot - color_theme.py:110)
DEBUG:- Color for layer In34.Cu (70): #000000 (kibot - color_theme.py:110)
DEBUG:- Color for layer User.17 (71): #C2C2C2 (kibot - color_theme.py:110)
DEBUG:- Color for layer In35.Cu (72): #000000 (kibot - color_theme.py:110)
DEBUG:- Color for layer User.18 (73): #5994DC (kibot - color_theme.py:110)
DEBUG:- Color for layer In36.Cu (74): #000000 (kibot - color_theme.py:110)
DEBUG:- Color for layer User.19 (75): #B4DBD2 (kibot - color_theme.py:110)
DEBUG:- Color for layer In37.Cu (76): #000000 (kibot - color_theme.py:110)
DEBUG:- Color for layer User.20 (77): #D8C852 (kibot - color_theme.py:110)
DEBUG:- Color for layer In38.Cu (78): #000000 (kibot - color_theme.py:110)
DEBUG:- Color for layer User.21 (79): #C2C2C2 (kibot - color_theme.py:110)
DEBUG:- Color for layer In39.Cu (80): #000000 (kibot - color_theme.py:110)
DEBUG:- Color for layer User.22 (81): #5994DC (kibot - color_theme.py:110)
DEBUG:- Color for layer In40.Cu (82): #000000 (kibot - color_theme.py:110)
DEBUG:- Color for layer User.23 (83): #B4DBD2 (kibot - color_theme.py:110)
DEBUG:- Color for layer In41.Cu (84): #000000 (kibot - color_theme.py:110)
DEBUG:- Color for layer User.24 (85): #D8C852 (kibot - color_theme.py:110)
DEBUG:- Color for layer In42.Cu (86): #000000 (kibot - color_theme.py:110)
DEBUG:- Color for layer User.25 (87): #C2C2C2 (kibot - color_theme.py:110)
DEBUG:- Color for layer In43.Cu (88): #000000 (kibot - color_theme.py:110)
DEBUG:- Color for layer User.26 (89): #5994DC (kibot - color_theme.py:110)
DEBUG:- Color for layer In44.Cu (90): #000000 (kibot - color_theme.py:110)
DEBUG:- Color for layer User.27 (91): #B4DBD2 (kibot - color_theme.py:110)
DEBUG:- Color for layer In45.Cu (92): #000000 (kibot - color_theme.py:110)
DEBUG:- Color for layer User.28 (93): #D8C852 (kibot - color_theme.py:110)
DEBUG:- Color for layer In46.Cu (94): #000000 (kibot - color_theme.py:110)
DEBUG:- Color for layer User.29 (95): #C2C2C2 (kibot - color_theme.py:110)
DEBUG:- Color for layer In47.Cu (96): #000000 (kibot - color_theme.py:110)
DEBUG:- Color for layer User.30 (97): #5994DC (kibot - color_theme.py:110)
DEBUG:- Color for layer In48.Cu (98): #000000 (kibot - color_theme.py:110)
DEBUG:- Color for layer User.31 (99): #B4DBD2 (kibot - color_theme.py:110)
DEBUG:- Color for layer In49.Cu (100): #000000 (kibot - color_theme.py:110)
DEBUG:- Color for layer User.32 (101): #D8C852 (kibot - color_theme.py:110)
DEBUG:- Color for layer In50.Cu (102): #000000 (kibot - color_theme.py:110)
DEBUG:- Color for layer User.33 (103): #C2C2C2 (kibot - color_theme.py:110)
DEBUG:- Color for layer In51.Cu (104): #000000 (kibot - color_theme.py:110)
DEBUG:- Color for layer User.34 (105): #5994DC (kibot - color_theme.py:110)
DEBUG:- Color for layer In52.Cu (106): #000000 (kibot - color_theme.py:110)
DEBUG:- Color for layer User.35 (107): #B4DBD2 (kibot - color_theme.py:110)
DEBUG:- Color for layer In53.Cu (108): #000000 (kibot - color_theme.py:110)
DEBUG:- Color for layer User.36 (109): #D8C852 (kibot - color_theme.py:110)
DEBUG:- Color for layer In54.Cu (110): #000000 (kibot - color_theme.py:110)
DEBUG:- Color for layer User.37 (111): #C2C2C2 (kibot - color_theme.py:110)
DEBUG:- Color for layer In55.Cu (112): #000000 (kibot - color_theme.py:110)
DEBUG:- Color for layer User.38 (113): #5994DC (kibot - color_theme.py:110)
DEBUG:- Color for layer In56.Cu (114): #000000 (kibot - color_theme.py:110)
DEBUG:- Color for layer User.39 (115): #B4DBD2 (kibot - color_theme.py:110)
DEBUG:- Color for layer In57.Cu (116): #000000 (kibot - color_theme.py:110)
DEBUG:- Color for layer User.40 (117): #D8C852 (kibot - color_theme.py:110)
DEBUG:- Color for layer In58.Cu (118): #000000 (kibot - color_theme.py:110)
DEBUG:- Color for layer User.41 (119): #C2C2C2 (kibot - color_theme.py:110)
DEBUG:- Color for layer In59.Cu (120): #000000 (kibot - color_theme.py:110)
DEBUG:- Color for layer User.42 (121): #5994DC (kibot - color_theme.py:110)
DEBUG:- Color for layer In60.Cu (122): #000000 (kibot - color_theme.py:110)
DEBUG:- Color for layer User.43 (123): #B4DBD2 (kibot - color_theme.py:110)
DEBUG:- Color for layer In61.Cu (124): #000000 (kibot - color_theme.py:110)
DEBUG:- Color for layer User.44 (125): #D8C852 (kibot - color_theme.py:110)
DEBUG:- Color for layer In62.Cu (126): #000000 (kibot - color_theme.py:110)
DEBUG:- Color for layer User.45 (127): #C2C2C2 (kibot - color_theme.py:110)
DEBUG:Configuring from default: groups -> [] (kibot - optionable.py:377)
DEBUG:Expanding `/github/workspace/./Manufacturing/Fabrication` in PCB context for <kibot.out_pcb_print.PCB_PrintOptions object at 0x7f56b8a76f90> parent: 'Fabrication document in PDF format' (pdf_fabrication) [pcb_print] (kibot - optionable.py:508)
DEBUG:Expanded `/github/workspace/./Manufacturing/Fabrication` (kibot - optionable.py:554)
DEBUG:Expanding `%f-fabrication%I%v.%x` in PCB context for <kibot.out_pcb_print.PCB_PrintOptions object at 0x7f56b8a76f90> parent: 'Fabrication document in PDF format' (pdf_fabrication) [pcb_print] (kibot - optionable.py:508)
DEBUG:Expanded `LE_BMS_A_V2-fabrication.pdf` (kibot - optionable.py:554)
ERROR:/github/workspace/Manufacturing/Fabrication/LE_BMS_A_V2-fabrication-1.pdf (kibot - create_pdf.py:57)
ERROR:/github/workspace/Manufacturing/Fabrication/LE_BMS_A_V2-fabrication-2.pdf (kibot - create_pdf.py:57)
ERROR:/github/workspace/Manufacturing/Fabrication/LE_BMS_A_V2-fabrication-3.pdf (kibot - create_pdf.py:57)
ERROR:/github/workspace/Manufacturing/Fabrication/LE_BMS_A_V2-fabrication-4.pdf (kibot - create_pdf.py:57)
ERROR:/github/workspace/Manufacturing/Fabrication/LE_BMS_A_V2-fabrication-5.pdf (kibot - create_pdf.py:57)
ERROR:/github/workspace/Manufacturing/Fabrication/LE_BMS_A_V2-fabrication-6.pdf (kibot - create_pdf.py:57)
ERROR:/github/workspace/Manufacturing/Fabrication/LE_BMS_A_V2-fabrication-7.pdf (kibot - create_pdf.py:57)
ERROR:/github/workspace/Manufacturing/Fabrication/LE_BMS_A_V2-fabrication-8.pdf (kibot - create_pdf.py:57)
ERROR:/github/workspace/Manufacturing/Fabrication/LE_BMS_A_V2-fabrication-9.pdf (kibot - create_pdf.py:57)
ERROR:/github/workspace/Manufacturing/Fabrication/LE_BMS_A_V2-fabrication-10.pdf (kibot - create_pdf.py:57)
DEBUG:Using global `output`=`%f-%i%I%v.%x` (kibot - optionable.py:58)
DEBUG:Using global `variant`=`CHECKED` (kibot - optionable.py:58)
DEBUG:Configuring from default: exclude_filter -> _null (kibot - optionable.py:377)
DEBUG:Configuring from default: repeat_layers -> ['inners'] (kibot - optionable.py:377)
DEBUG:Configuring from default: exclude_filter -> _null (kibot - optionable.py:377)
DEBUG:Configuring from default: exclude_filter -> _null (kibot - optionable.py:377)
DEBUG:Configuring from default: exclude_filter -> _null (kibot - optionable.py:377)
DEBUG:Configuring from default: exclude_filter -> _null (kibot - optionable.py:377)
DEBUG:Configuring from default: exclude_filter -> _null (kibot - optionable.py:377)
DEBUG:Configuring from default: exclude_filter -> _null (kibot - optionable.py:377)
DEBUG:Configuring from default: exclude_filter -> _null (kibot - optionable.py:377)
DEBUG:Configuring from default: repeat_layers -> ['inners'] (kibot - optionable.py:377)
DEBUG:Configuring from default: exclude_filter -> _null (kibot - optionable.py:377)
DEBUG:Configuring from default: exclude_filter -> _null (kibot - optionable.py:377)
DEBUG:Configuring from default: exclude_filter -> _null (kibot - optionable.py:377)
DEBUG:Configuring from default: exclude_filter -> _null (kibot - optionable.py:377)
DEBUG:Configuring from default: exclude_filter -> _null (kibot - optionable.py:377)
DEBUG:Configuring from default: exclude_filter -> _null (kibot - optionable.py:377)
DEBUG:Configuring from default: exclude_filter -> _null (kibot - optionable.py:377)
DEBUG:Configuring from default: repeat_layers -> ['inners'] (kibot - optionable.py:377)
DEBUG:Configuring from default: drill -> False (kibot - optionable.py:377)
DEBUG:Configuring from default: pre_transform -> _null (kibot - optionable.py:377)
DEBUG:Configuring from default: exclude_filter -> _null (kibot - optionable.py:377)
DEBUG:Expanding `Top/Bottom View` in PCB context for Top/Bottom View [TitlePage] parent: <kibot.out_pcb_print.PCB_PrintOptions object at 0x7f56b686a5d0> (kibot - optionable.py:508)
DEBUG:Expanded `Top/Bottom View` (kibot - optionable.py:554)
DEBUG:Expanding `` in PCB context for Top/Bottom View [TitlePage] parent: <kibot.out_pcb_print.PCB_PrintOptions object at 0x7f56b686a5d0> (kibot - optionable.py:508)
DEBUG:Expanded `` (kibot - optionable.py:554)
DEBUG:Expanding `Top Assembly (Scale 1:1)` in PCB context for Top Assembly (Scale 1:1) [Edge.Cuts, F.Cu, F.Mask, F.Paste, F.Silkscreen, F.Fab, F.AssemblyText and F.DNP] parent: <kibot.out_pcb_print.PCB_PrintOptions object at 0x7f56b686a5d0> (kibot - optionable.py:508)
DEBUG:Expanded `Top Assembly (Scale 1:1)` (kibot - optionable.py:554)
DEBUG:Expanding `Top Assembly (Scale 1:1)` in PCB context for Top Assembly (Scale 1:1) [Edge.Cuts, F.Cu, F.Mask, F.Paste, F.Silkscreen, F.Fab, F.AssemblyText and F.DNP] parent: <kibot.out_pcb_print.PCB_PrintOptions object at 0x7f56b686a5d0> (kibot - optionable.py:508)
DEBUG:Expanded `Top Assembly (Scale 1:1)` (kibot - optionable.py:554)
DEBUG:Expanding `Bottom Assembly (Scale 1:1)` in PCB context for Bottom Assembly (Scale 1:1) [Edge.Cuts, B.Cu, B.Mask, B.Paste, B.Silkscreen, B.Fab, B.AssemblyText and B.DNP] mirror parent: <kibot.out_pcb_print.PCB_PrintOptions object at 0x7f56b686a5d0> (kibot - optionable.py:508)
DEBUG:Expanded `Bottom Assembly (Scale 1:1)` (kibot - optionable.py:554)
DEBUG:Expanding `Bottom Assembly (Scale 1:1)` in PCB context for Bottom Assembly (Scale 1:1) [Edge.Cuts, B.Cu, B.Mask, B.Paste, B.Silkscreen, B.Fab, B.AssemblyText and B.DNP] mirror parent: <kibot.out_pcb_print.PCB_PrintOptions object at 0x7f56b686a5d0> (kibot - optionable.py:508)
DEBUG:Expanded `Bottom Assembly (Scale 1:1)` (kibot - optionable.py:554)
DEBUG:Looking for color theme `Altium_Theme` (kibot - color_theme.py:60)
DEBUG:Configuring from default: groups -> [] (kibot - optionable.py:377)
DEBUG:Expanding `/github/workspace/./Manufacturing/Assembly` in PCB context for <kibot.out_pcb_print.PCB_PrintOptions object at 0x7f56b686a5d0> parent: 'Assembly document in PDF format' (pdf_assembly) [pcb_print] (kibot - optionable.py:508)
DEBUG:Expanded `/github/workspace/./Manufacturing/Assembly` (kibot - optionable.py:554)
DEBUG:Expanding `%f-assembly%I%v.%x` in PCB context for <kibot.out_pcb_print.PCB_PrintOptions object at 0x7f56b686a5d0> parent: 'Assembly document in PDF format' (pdf_assembly) [pcb_print] (kibot - optionable.py:508)
DEBUG:Expanded `LE_BMS_A_V2-assembly.pdf` (kibot - optionable.py:554)
ERROR:/github/workspace/Manufacturing/Assembly/LE_BMS_A_V2-assembly-1.pdf (kibot - create_pdf.py:57)
ERROR:/github/workspace/Manufacturing/Assembly/LE_BMS_A_V2-assembly-2.pdf (kibot - create_pdf.py:57)
ERROR:/github/workspace/Manufacturing/Assembly/LE_BMS_A_V2-assembly-3.pdf (kibot - create_pdf.py:57)
DEBUG:Report template: `kibot_resources/templates/fabrication_notes.txt` (kibot - out_report.py:1095)
DEBUG:- Evaluating `stackup and impedance_controlled` (kibot - out_report.py:1072)
DEBUG:- Result `True` (kibot - out_report.py:1077)
DEBUG:- Evaluating `stackup and impedance_controlled` (kibot - out_report.py:1072)
DEBUG:- Result `True` (kibot - out_report.py:1077)
DEBUG:- Evaluating `stackup and impedance_controlled` (kibot - out_report.py:1072)
DEBUG:- Result `True` (kibot - out_report.py:1077)
DEBUG:- Evaluating `stackup and impedance_controlled` (kibot - out_report.py:1072)
DEBUG:- Result `True` (kibot - out_report.py:1077)
DEBUG:Report output: `/github/workspace/Manufacturing/Fabrication/LE_BMS_A_V2-fabrication_notes.txt` (kibot - out_report.py:1128)
DEBUG:Using global `output`=`%f-%i%I%v.%x` (kibot - optionable.py:58)
DEBUG:Using global `variant`=`CHECKED` (kibot - optionable.py:58)
DEBUG:Configuring from default: pre_transform -> _null (kibot - optionable.py:377)
DEBUG:Configuring from default: dnf_filter -> _null (kibot - optionable.py:377)
DEBUG:Configuring from default: groups -> [] (kibot - optionable.py:377)
- 'Assembly notes in TXT format' (txt_assembly_notes) [report]
DEBUG:Expanding `/github/workspace/./Manufacturing/Assembly` in PCB context for <kibot.out_report.ReportOptions object at 0x7f56b69111d0> parent: 'Assembly notes in TXT format' (txt_assembly_notes) [report] (kibot - optionable.py:508)
DEBUG:Expanded `/github/workspace/./Manufacturing/Assembly` (kibot - optionable.py:554)
DEBUG:Output destination: /github/workspace/Manufacturing/Assembly (kibot - kiplot.py:646)
DEBUG:Expanding `%f-%I%v.txt` in PCB context for <kibot.out_report.ReportOptions object at 0x7f56b69111d0> parent: 'Assembly notes in TXT format' (txt_assembly_notes) [report] (kibot - optionable.py:508)
DEBUG:Expanded `LE_BMS_A_V2-assembly_notes.txt` (kibot - optionable.py:554)
DEBUG:Before collapse: (kibot - v5_sch.py:1723)
DEBUG:After collapse: (kibot - v5_sch.py:1765)
DEBUG:Before collapse: (kibot - v5_sch.py:1723)
DEBUG:After collapse: (kibot - v5_sch.py:1765)
DEBUG:Before collapse: (kibot - v5_sch.py:1723)
DEBUG:After collapse: (kibot - v5_sch.py:1765)
DEBUG:Before collapse: (kibot - v5_sch.py:1723)
DEBUG:After collapse: (kibot - v5_sch.py:1765)
DEBUG:Before collapse: (kibot - v5_sch.py:1723)
DEBUG:After collapse: (kibot - v5_sch.py:1765)
DEBUG:Before collapse: (kibot - v5_sch.py:1723)
DEBUG:After collapse: (kibot - v5_sch.py:1765)
DEBUG:Before collapse: (kibot - v5_sch.py:1723)
DEBUG:After collapse: (kibot - v5_sch.py:1765)
DEBUG:Before collapse: (kibot - v5_sch.py:1723)
DEBUG:After collapse: (kibot - v5_sch.py:1765)
DEBUG:Before collapse: (kibot - v5_sch.py:1723)
DEBUG:H2 (MountingHole_Pad): 1 {'Reference': 'H2', 'Value': 'MountingHole_Pad', 'Footprint': 'MountingHole:MountingHole_3.2mm_M3_DIN965_Pad', 'Datasheet': '~', 'Description': 'Mounting Hole with connection', 'part': 'MountingHole_Pad'} (kibot - v5_sch.py:1726)
DEBUG:H4 (MountingHole_Pad): 1 {'Reference': 'H4', 'Value': 'MountingHole_Pad', 'Footprint': 'MountingHole:MountingHole_3.2mm_M3_DIN965_Pad', 'Datasheet': '~', 'Description': 'Mounting Hole with connection', 'part': 'MountingHole_Pad'} (kibot - v5_sch.py:1726)
DEBUG:H3 (MountingHole_Pad): 1 {'Reference': 'H3', 'Value': 'MountingHole_Pad', 'Footprint': 'MountingHole:MountingHole_3.2mm_M3_DIN965_Pad', 'Datasheet': '~', 'Description': 'Mounting Hole with connection', 'part': 'MountingHole_Pad'} (kibot - v5_sch.py:1726)
DEBUG:H1 (MountingHole_Pad): 1 {'Reference': 'H1', 'Value': 'MountingHole_Pad', 'Footprint': 'MountingHole:MountingHole_3.2mm_M3_DIN965_Pad', 'Datasheet': '~', 'Description': 'Mounting Hole with connection', 'part': 'MountingHole_Pad'} (kibot - v5_sch.py:1726)
DEBUG:C22 (C 1u): 1 {'Reference': 'C22', 'Value': '1u', 'Footprint': 'Capacitor_SMD:C_0603_1608Metric_Pad1.08x0.95mm_HandSolder', 'Datasheet': '~', 'Description': 'Unpolarized capacitor', 'part': 'C'} (kibot - v5_sch.py:1726)
DEBUG:U6 (DS3231MZ): 1 {'Reference': 'U6', 'Value': 'DS3231MZ', 'Footprint': 'Package_SO:SOIC-8_3.9x4.9mm_P1.27mm', 'Datasheet': 'http://datasheets.maximintegrated.com/en/ds/DS3231M.pdf', 'Description': '±5ppm, I2C Real-Time Clock SOIC-8', 'part': 'DS3231MZ'} (kibot - v5_sch.py:1726)
DEBUG:R11 (R 5.1k): 1 {'Reference': 'R11', 'Value': '5.1k', 'Footprint': 'Resistor_SMD:R_0603_1608Metric_Pad0.98x0.95mm_HandSolder', 'Datasheet': '~', 'Description': 'Resistor', 'part': 'R'} (kibot - v5_sch.py:1726)
DEBUG:BT1 (Battery_Cell CR2032): 1 {'Reference': 'BT1', 'Value': 'CR2032', 'Footprint': 'Battery:BatteryHolder_MYOUNG_BS-07-A1BJ001_CR2032', 'Datasheet': '~', 'Description': 'Single-cell battery', 'part': 'Battery_Cell'} (kibot - v5_sch.py:1726)
DEBUG:R9 (R 5.1k): 1 {'Reference': 'R9', 'Value': '5.1k', 'Footprint': 'Resistor_SMD:R_0603_1608Metric_Pad0.98x0.95mm_HandSolder', 'Datasheet': '~', 'Description': 'Resistor', 'part': 'R'} (kibot - v5_sch.py:1726)
DEBUG:C23 (C 1u): 1 {'Reference': 'C23', 'Value': '1u', 'Footprint': 'Capacitor_SMD:C_0603_1608Metric_Pad1.08x0.95mm_HandSolder', 'Datasheet': '~', 'Description': 'Unpolarized capacitor', 'part': 'C'} (kibot - v5_sch.py:1726)
DEBUG:R10 (R 5.1k): 1 {'Reference': 'R10', 'Value': '5.1k', 'Footprint': 'Resistor_SMD:R_0603_1608Metric_Pad0.98x0.95mm_HandSolder', 'Datasheet': '~', 'Description': 'Resistor', 'part': 'R'} (kibot - v5_sch.py:1726)
DEBUG:C19 (C 1uF): 1 {'Reference': 'C19', 'Value': '1uF', 'Footprint': 'Capacitor_SMD:C_0603_1608Metric_Pad1.08x0.95mm_HandSolder', 'Datasheet': '~', 'Description': 'Unpolarized capacitor', 'part': 'C'} (kibot - v5_sch.py:1726)
DEBUG:PS2 (RFM-0505S): 1 {'Reference': 'PS2', 'Value': 'RFM-0505S', 'Footprint': 'RFM-0505S:CONV_RFM-0505S', 'Datasheet': '', 'Description': '', 'MF': 'Recom Power', 'MAXIMUM_PACKAGE_HEIGHT': '10mm', 'Package': 'SIP-4 Recom Power', 'Price': 'None', 'Check_prices': 'https://www.snapeda.com/parts/RFM-0505S/Recom+Power/view-part/?ref=eda', 'STANDARD': 'Manufacturer Recommendations', 'PARTREV': '0', 'SnapEDA_Link': 'https://www.snapeda.com/parts/RFM-0505S/Recom+Power/view-part/?ref=snap', 'MP': 'RFM-0505S', 'Description_1': 'DC-DC Converter, SIP4, 1kV unreg, Single Output, 1W, 5V Out, RFM Series | RECOM Power Inc. RFM-0505S', 'Availability': 'In Stock', 'MANUFACTURER': 'Recom', 'part': 'RFM-0505S'} (kibot - v5_sch.py:1726)
DEBUG:U5 (TLV1117LV33DCYT): 1 {'Reference': 'U5', 'Value': 'TLV1117LV33DCYT', 'Footprint': 'TLV1117LV33DCYT:SOT230P700X180-4N', 'Datasheet': '', 'Description': '', 'MF': 'Texas Instruments', 'Description_1': '1-A, low-dropout voltage regulator', 'Package': 'SOT-223-4 Texas Instruments', 'Price': 'None', 'SnapEDA_Link': 'https://www.snapeda.com/parts/TLV1117LV33DCYT/Texas+Instruments/view-part/?ref=snap', 'MP': 'TLV1117LV33DCYT', 'Availability': 'In Stock', 'Check_prices': 'https://www.snapeda.com/parts/TLV1117LV33DCYT/Texas+Instruments/view-part/?ref=eda', 'part': 'TLV1117LV33DCYT'} (kibot - v5_sch.py:1726)
DEBUG:C15 (C 1uF): 1 {'Reference': 'C15', 'Value': '1uF', 'Footprint': 'Capacitor_SMD:C_0603_1608Metric_Pad1.08x0.95mm_HandSolder', 'Datasheet': '~', 'Description': 'Unpolarized capacitor', 'part': 'C'} (kibot - v5_sch.py:1726)
DEBUG:C17 (C 1uF): 1 {'Reference': 'C17', 'Value': '1uF', 'Footprint': 'Capacitor_SMD:C_0603_1608Metric_Pad1.08x0.95mm_HandSolder', 'Datasheet': '~', 'Description': 'Unpolarized capacitor', 'part': 'C'} (kibot - v5_sch.py:1726)
DEBUG:C16 (C 1uF): 1 {'Reference': 'C16', 'Value': '1uF', 'Footprint': 'Capacitor_SMD:C_0603_1608Metric_Pad1.08x0.95mm_HandSolder', 'Datasheet': '~', 'Description': 'Unpolarized capacitor', 'part': 'C'} (kibot - v5_sch.py:1726)
DEBUG:J4 (691313510002): 1 {'Reference': 'J4', 'Value': '691313510002', 'Footprint': '691313510002:691313510002', 'Datasheet': '', 'Description': '', 'MF': 'Würth Elektronik', 'Description_1': '313; 5.08mm Pitch Straight Pluggable Term Block, PCB Header, Through Hole, 2 Way | Wurth Electronics 691313510002', 'Package': 'None', 'Price': 'None', 'SnapEDA_Link': 'https://www.snapeda.com/parts/691313510002/W%25C3%25BCrth+Elektronik+Midcom/view-part/?ref=snap', 'MP': '691313510002', 'Availability': 'In Stock', 'Check_prices': 'https://www.snapeda.com/parts/691313510002/W%25C3%25BCrth+Elektronik+Midcom/view-part/?ref=eda', 'part': '691313510002'} (kibot - v5_sch.py:1726)
DEBUG:C18 (C 1uF): 1 {'Reference': 'C18', 'Value': '1uF', 'Footprint': 'Capacitor_SMD:C_0603_1608Metric_Pad1.08x0.95mm_HandSolder', 'Datasheet': '~', 'Description': 'Unpolarized capacitor', 'part': 'C'} (kibot - v5_sch.py:1726)
DEBUG:C21 (C 1uF): 1 {'Reference': 'C21', 'Value': '1uF', 'Footprint': 'Capacitor_SMD:C_0603_1608Metric_Pad1.08x0.95mm_HandSolder', 'Datasheet': '~', 'Description': 'Unpolarized capacitor', 'part': 'C'} (kibot - v5_sch.py:1726)
DEBUG:C20 (C 1uF): 1 {'Reference': 'C20', 'Value': '1uF', 'Footprint': 'Capacitor_SMD:C_0603_1608Metric_Pad1.08x0.95mm_HandSolder', 'Datasheet': '~', 'Description': 'Unpolarized capacitor', 'part': 'C'} (kibot - v5_sch.py:1726)
DEBUG:PS1 (RFM-0505S): 1 {'Reference': 'PS1', 'Value': 'RFM-0505S', 'Footprint': 'RFM-0505S:CONV_RFM-0505S', 'Datasheet': '', 'Description': '', 'MF': 'Recom Power', 'MAXIMUM_PACKAGE_HEIGHT': '10mm', 'Package': 'SIP-4 Recom Power', 'Price': 'None', 'Check_prices': 'https://www.snapeda.com/parts/RFM-0505S/Recom+Power/view-part/?ref=eda', 'STANDARD': 'Manufacturer Recommendations', 'PARTREV': '0', 'SnapEDA_Link': 'https://www.snapeda.com/parts/RFM-0505S/Recom+Power/view-part/?ref=snap', 'MP': 'RFM-0505S', 'Description_1': 'DC-DC Converter, SIP4, 1kV unreg, Single Output, 1W, 5V Out, RFM Series | RECOM Power Inc. RFM-0505S', 'Availability': 'In Stock', 'MANUFACTURER': 'Recom', 'part': 'RFM-0505S'} (kibot - v5_sch.py:1726)
DEBUG:U3 (ISO1050DUB): 1 {'Reference': 'U3', 'Value': 'ISO1050DUB', 'Footprint': 'Package_SO:SOP-8_6.62x9.15mm_P2.54mm', 'Datasheet': 'http://www.ti.com/lit/ds/symlink/iso1050.pdf', 'Description': 'Isolated CAN Transceiver, SOP-8', 'part': 'ISO1050DUB'} (kibot - v5_sch.py:1726)
DEBUG:C10 (C 4.7n): 1 {'Reference': 'C10', 'Value': '4.7n', 'Footprint': 'Capacitor_SMD:C_0603_1608Metric_Pad1.08x0.95mm_HandSolder', 'Datasheet': '~', 'Description': 'Unpolarized capacitor', 'part': 'C'} (kibot - v5_sch.py:1726)
DEBUG:C11 (C 1u): 1 {'Reference': 'C11', 'Value': '1u', 'Footprint': 'Capacitor_SMD:C_0603_1608Metric_Pad1.08x0.95mm_HandSolder', 'Datasheet': '~', 'Description': 'Unpolarized capacitor', 'part': 'C'} (kibot - v5_sch.py:1726)
DEBUG:C12 (C 1u): 1 {'Reference': 'C12', 'Value': '1u', 'Footprint': 'Capacitor_SMD:C_0603_1608Metric_Pad1.08x0.95mm_HandSolder', 'Datasheet': '~', 'Description': 'Unpolarized capacitor', 'part': 'C'} (kibot - v5_sch.py:1726)
DEBUG:J2 (Conn_01x04_Pin CAN1): 1 {'Reference': 'J2', 'Value': 'CAN1', 'Footprint': 'Connector_JST:JST_XH_S4B-XH-A_1x04_P2.50mm_Horizontal', 'Datasheet': '~', 'Description': 'Generic connector, single row, 01x04, script generated', 'part': 'Conn_01x04_Pin'} (kibot - v5_sch.py:1726)
DEBUG:J6 (Conn_01x04_Pin CAN1): 1 {'Reference': 'J6', 'Value': 'CAN1', 'Footprint': 'Connector_JST:JST_XH_S4B-XH-A_1x04_P2.50mm_Horizontal', 'Datasheet': '~', 'Description': 'Generic connector, single row, 01x04, script generated', 'part': 'Conn_01x04_Pin'} (kibot - v5_sch.py:1726)
DEBUG:J5 (RJHSE5380): 1 {'Reference': 'J5', 'Value': 'RJHSE5380', 'Footprint': 'RJHSE5380:AMPHENOL_RJHSE5380', 'Datasheet': '', 'Description': '', 'MF': 'Amphenol ICC (Commercial Products)', 'MAXIMUM_PACKAGE_HEIGHT': '13.46mm', 'Package': 'None', 'Price': 'None', 'Check_prices': 'https://www.snapeda.com/parts/RJHSE-5380/Amphenol/view-part/?ref=eda', 'STANDARD': 'Manufacturer Recommendations', 'PARTREV': 'B', 'SnapEDA_Link': 'https://www.snapeda.com/parts/RJHSE-5380/Amphenol/view-part/?ref=snap', 'MP': 'RJHSE-5380', 'Description_1': 'Connector mod jack rt angle pcb shielded led1-n led2-n single port rj-45 | Amphenol Commercial (Amphenol CS) RJHSE-5380', 'Availability': 'In Stock', 'MANUFACTURER': 'Amphenol', 'part': 'RJHSE5380'} (kibot - v5_sch.py:1726)
DEBUG:C7 (C 1u): 1 {'Reference': 'C7', 'Value': '1u', 'Footprint': 'Capacitor_SMD:C_0603_1608Metric_Pad1.08x0.95mm_HandSolder', 'Datasheet': '~', 'Description': 'Unpolarized capacitor', 'part': 'C'} (kibot - v5_sch.py:1726)
DEBUG:C8 (C 1u): 1 {'Reference': 'C8', 'Value': '1u', 'Footprint': 'Capacitor_SMD:C_0603_1608Metric_Pad1.08x0.95mm_HandSolder', 'Datasheet': '~', 'Description': 'Unpolarized capacitor', 'part': 'C'} (kibot - v5_sch.py:1726)
DEBUG:C13 (C 10p): 1 {'Reference': 'C13', 'Value': '10p', 'Footprint': 'Capacitor_SMD:C_0603_1608Metric_Pad1.08x0.95mm_HandSolder', 'Datasheet': '~', 'Description': 'Unpolarized capacitor', 'part': 'C'} (kibot - v5_sch.py:1726)
DEBUG:R7 (R 50R): 1 {'Reference': 'R7', 'Value': '50R', 'Footprint': 'Resistor_SMD:R_0603_1608Metric_Pad0.98x0.95mm_HandSolder', 'Datasheet': '~', 'Description': 'Resistor', 'part': 'R'} (kibot - v5_sch.py:1726)
DEBUG:R6 (R 50R): 1 {'Reference': 'R6', 'Value': '50R', 'Footprint': 'Resistor_SMD:R_0603_1608Metric_Pad0.98x0.95mm_HandSolder', 'Datasheet': '~', 'Description': 'Resistor', 'part': 'R'} (kibot - v5_sch.py:1726)
DEBUG:R8 (R 50R): 1 {'Reference': 'R8', 'Value': '50R', 'Footprint': 'Resistor_SMD:R_0603_1608Metric_Pad0.98x0.95mm_HandSolder', 'Datasheet': '~', 'Description': 'Resistor', 'part': 'R'} (kibot - v5_sch.py:1726)
DEBUG:C9 (C 4.7n): 1 {'Reference': 'C9', 'Value': '4.7n', 'Footprint': 'Capacitor_SMD:C_0603_1608Metric_Pad1.08x0.95mm_HandSolder', 'Datasheet': '~', 'Description': 'Unpolarized capacitor', 'part': 'C'} (kibot - v5_sch.py:1726)
DEBUG:C6 (C 1u): 1 {'Reference': 'C6', 'Value': '1u', 'Footprint': 'Capacitor_SMD:C_0603_1608Metric_Pad1.08x0.95mm_HandSolder', 'Datasheet': '~', 'Description': 'Unpolarized capacitor', 'part': 'C'} (kibot - v5_sch.py:1726)
DEBUG:Y1 (ABM3B-8.000MHZ-10-1-U-T): 1 {'Reference': 'Y1', 'Value': 'ABM3B-8.000MHZ-10-1-U-T', 'Footprint': 'ABM3B-8.000MHZ-10-1-U-T:ABM3B', 'Datasheet': 'https://abracon.com/Resonators/abm3b.pdf', 'Description': '8 MHz +/-10ppm Crystal 10pF 200 Ohms 4-SMD, No Lead', 'Height': '1.1', 'Mouser Part Number': '815-ABM3B8MHZ101UT', 'Mouser Price/Stock': 'https://www.mouser.co.uk/ProductDetail/ABRACON/ABM3B-8.000MHZ-10-1-U-T?qs=axzvp2Rdp5%252B1td01iPkwcw%3D%3D', 'Manufacturer_Name': 'ABRACON', 'Manufacturer_Part_Number': 'ABM3B-8.000MHZ-10-1-U-T', 'part': 'ABM3B-8.000MHZ-10-1-U-T'} (kibot - v5_sch.py:1726)
DEBUG:C14 (C 10p): 1 {'Reference': 'C14', 'Value': '10p', 'Footprint': 'Capacitor_SMD:C_0603_1608Metric_Pad1.08x0.95mm_HandSolder', 'Datasheet': '~', 'Description': 'Unpolarized capacitor', 'part': 'C'} (kibot - v5_sch.py:1726)
DEBUG:U2 (MCP2515-xST): 1 {'Reference': 'U2', 'Value': 'MCP2515-xST', 'Footprint': 'Package_SO:TSSOP-20_4.4x6.5mm_P0.65mm', 'Datasheet': 'http://ww1.microchip.com/downloads/en/DeviceDoc/21801e.pdf', 'Description': 'Stand-Alone CAN Controller with SPI Interface, TSSOP-20', 'part': 'MCP2515-xST'} (kibot - v5_sch.py:1726)
DEBUG:R5 (R 50R): 1 {'Reference': 'R5', 'Value': '50R', 'Footprint': 'Resistor_SMD:R_0603_1608Metric_Pad0.98x0.95mm_HandSolder', 'Datasheet': '~', 'Description': 'Resistor', 'part': 'R'} (kibot - v5_sch.py:1726)
DEBUG:U4 (ISO1050DUB): 1 {'Reference': 'U4', 'Value': 'ISO1050DUB', 'Footprint': 'Package_SO:SOP-8_6.62x9.15mm_P2.54mm', 'Datasheet': 'http://www.ti.com/lit/ds/symlink/iso1050.pdf', 'Description': 'Isolated CAN Transceiver, SOP-8', 'part': 'ISO1050DUB'} (kibot - v5_sch.py:1726)
DEBUG:C2 (C 0.1uF): 1 {'Reference': 'C2', 'Value': '0.1uF', 'Footprint': 'Capacitor_SMD:C_0603_1608Metric_Pad1.08x0.95mm_HandSolder', 'Datasheet': '~', 'Description': 'Unpolarized capacitor', 'part': 'C'} (kibot - v5_sch.py:1726)
DEBUG:S1 (EVQ-P2P02W): 1 {'Reference': 'S1', 'Value': 'EVQ-P2P02W', 'Footprint': 'EVQ-P2P02W:EVQP2P02W', 'Datasheet': 'https://www.digikey.com/en/products/detail/panasonic-electronic-components/EVQ-P2P02W/593455?msockid=3bdc366bbe0663d83c1223c0bf3662a6', 'Description': 'Tactile Switches 4.7x3.5mm SMD Light Touch Switch', 'Height': '2.7', 'Mouser Part Number': '667-EVQ-P2P02W', 'Mouser Price/Stock': 'https://www.mouser.co.uk/ProductDetail/Panasonic/EVQ-P2P02W?qs=WwqriLBepZsQN7c1H1dlbA%3D%3D', 'Manufacturer_Name': 'Panasonic', 'Manufacturer_Part_Number': 'EVQ-P2P02W', 'part': 'EVQ-P2P02W'} (kibot - v5_sch.py:1726)
DEBUG:U1 (ESP32-S3-WROOM-2): 1 {'Reference': 'U1', 'Value': 'ESP32-S3-WROOM-2', 'Footprint': 'RF_Module:ESP32-S3-WROOM-2', 'Datasheet': 'https://www.espressif.com/sites/default/files/documentation/esp32-s3-wroom-2_datasheet_en.pdf', 'Description': 'RF Module, 2.4 GHz, Wi\xad-Fi, Bluetooth, BLE, ESP32\xad-S3R8V', 'part': 'ESP32-S3-WROOM-2'} (kibot - v5_sch.py:1726)
DEBUG:C5 (C 1u): 1 {'Reference': 'C5', 'Value': '1u', 'Footprint': 'Capacitor_SMD:C_0603_1608Metric_Pad1.08x0.95mm_HandSolder', 'Datasheet': '~', 'Description': 'Unpolarized capacitor', 'part': 'C'} (kibot - v5_sch.py:1726)
DEBUG:R3 (R 5.1k): 1 {'Reference': 'R3', 'Value': '5.1k', 'Footprint': 'Resistor_SMD:R_0603_1608Metric_Pad0.98x0.95mm_HandSolder', 'Datasheet': '~', 'Description': 'Resistor', 'part': 'R'} (kibot - v5_sch.py:1726)
DEBUG:R4 (R 5.1k): 1 {'Reference': 'R4', 'Value': '5.1k', 'Footprint': 'Resistor_SMD:R_0603_1608Metric_Pad0.98x0.95mm_HandSolder', 'Datasheet': '~', 'Description': 'Resistor', 'part': 'R'} (kibot - v5_sch.py:1726)
DEBUG:D1 (WS2812B-2020): 1 {'Reference': 'D1', 'Value': 'WS2812B-2020', 'Footprint': 'LED_SMD:LED_WS2812B-2020_PLCC4_2.0x2.0mm', 'Datasheet': 'https://cdn-shop.adafruit.com/product-files/4684/4684_WS2812B-2020_V1.3_EN.pdf', 'Description': 'RGB LED with integrated controller, 2.0 x 2.0 mm, 12 mA', 'part': 'WS2812B-2020'} (kibot - v5_sch.py:1726)
DEBUG:S2 (EVQ-P2P02W): 1 {'Reference': 'S2', 'Value': 'EVQ-P2P02W', 'Footprint': 'EVQ-P2P02W:EVQP2P02W', 'Datasheet': 'https://www.digikey.com/en/products/detail/panasonic-electronic-components/EVQ-P2P02W/593455?msockid=3bdc366bbe0663d83c1223c0bf3662a6', 'Description': 'Tactile Switches 4.7x3.5mm SMD Light Touch Switch', 'Height': '2.7', 'Mouser Part Number': '667-EVQ-P2P02W', 'Mouser Price/Stock': 'https://www.mouser.co.uk/ProductDetail/Panasonic/EVQ-P2P02W?qs=WwqriLBepZsQN7c1H1dlbA%3D%3D', 'Manufacturer_Name': 'Panasonic', 'Manufacturer_Part_Number': 'EVQ-P2P02W', 'part': 'EVQ-P2P02W'} (kibot - v5_sch.py:1726)
DEBUG:R1 (R 100k): 1 {'Reference': 'R1', 'Value': '100k', 'Footprint': 'Resistor_SMD:R_0603_1608Metric_Pad0.98x0.95mm_HandSolder', 'Datasheet': '~', 'Description': 'Resistor', 'part': 'R'} (kibot - v5_sch.py:1726)
DEBUG:J1 (10155435-00011LF): 1 {'Reference': 'J1', 'Value': '10155435-00011LF', 'Footprint': '10155435-00011LF:AMPHENOL_10155435-00011LF', 'Datasheet': '', 'Description': '', 'MF': 'Amphenol ICC (FCI)', 'MAXIMUM_PACKAGE_HEIGHT': '3.37 mm', 'Package': 'None', 'Price': 'None', 'Check_prices': 'https://www.snapeda.com/parts/10155435-00011LF/Amphenol+FCI/view-part/?ref=eda', 'STANDARD': 'Manufacturer Recommendations', 'PARTREV': 'C', 'SnapEDA_Link': 'https://www.snapeda.com/parts/10155435-00011LF/Amphenol+FCI/view-part/?ref=snap', 'MP': '10155435-00011LF', 'Description_1': 'USB Type C Receptacle SMT Single Row 16Pin', 'Availability': 'In Stock', 'MANUFACTURER': 'Amphenol', 'part': '10155435-00011LF'} (kibot - v5_sch.py:1726)
DEBUG:J3 (691382010006): 1 {'Reference': 'J3', 'Value': '691382010006', 'Footprint': '691382010006:691382010006', 'Datasheet': '', 'Description': '', 'MF': 'Würth Elektronik', 'Description_1': '6 Position Terminal Block Header, Male Pins, Shrouded (4 Side) 0.098 (2.50mm) 90°, Right Angle - Through Hole', 'Package': 'None', 'Price': 'None', 'SnapEDA_Link': 'https://www.snapeda.com/parts/691382010006/W%25C3%25BCrth+Elektronik+Midcom/view-part/?ref=snap', 'MP': '691382010006', 'Availability': 'In Stock', 'Check_prices': 'https://www.snapeda.com/parts/691382010006/W%25C3%25BCrth+Elektronik+Midcom/view-part/?ref=eda', 'part': '691382010006'} (kibot - v5_sch.py:1726)
DEBUG:C4 (C 0.1uF): 1 {'Reference': 'C4', 'Value': '0.1uF', 'Footprint': 'Capacitor_SMD:C_0603_1608Metric_Pad1.08x0.95mm_HandSolder', 'Datasheet': '~', 'Description': 'Unpolarized capacitor', 'part': 'C'} (kibot - v5_sch.py:1726)
DEBUG:R2 (R 100k): 1 {'Reference': 'R2', 'Value': '100k', 'Footprint': 'Resistor_SMD:R_0603_1608Metric_Pad0.98x0.95mm_HandSolder', 'Datasheet': '~', 'Description': 'Resistor', 'part': 'R'} (kibot - v5_sch.py:1726)
DEBUG:C1 (C 1uF): 1 {'Reference': 'C1', 'Value': '1uF', 'Footprint': 'Capacitor_SMD:C_0603_1608Metric_Pad1.08x0.95mm_HandSolder', 'Datasheet': '~', 'Description': 'Unpolarized capacitor', 'part': 'C'} (kibot - v5_sch.py:1726)
DEBUG:J7 (691382010006): 1 {'Reference': 'J7', 'Value': '691382010006', 'Footprint': '691382010006:691382010006', 'Datasheet': '', 'Description': '', 'MF': 'Würth Elektronik', 'Description_1': '6 Position Terminal Block Header, Male Pins, Shrouded (4 Side) 0.098 (2.50mm) 90°, Right Angle - Through Hole', 'Package': 'None', 'Price': 'None', 'SnapEDA_Link': 'https://www.snapeda.com/parts/691382010006/W%25C3%25BCrth+Elektronik+Midcom/view-part/?ref=snap', 'MP': '691382010006', 'Availability': 'In Stock', 'Check_prices': 'https://www.snapeda.com/parts/691382010006/W%25C3%25BCrth+Elektronik+Midcom/view-part/?ref=eda', 'part': '691382010006'} (kibot - v5_sch.py:1726)
DEBUG:C3 (C 1uF): 1 {'Reference': 'C3', 'Value': '1uF', 'Footprint': 'Capacitor_SMD:C_0603_1608Metric_Pad1.08x0.95mm_HandSolder', 'Datasheet': '~', 'Description': 'Unpolarized capacitor', 'part': 'C'} (kibot - v5_sch.py:1726)
DEBUG:After collapse: (kibot - v5_sch.py:1765)
DEBUG:H2 (MountingHole_Pad): 1 {'Reference': 'H2', 'Value': 'MountingHole_Pad', 'Footprint': 'MountingHole:MountingHole_3.2mm_M3_DIN965_Pad', 'Datasheet': '~', 'Description': 'Mounting Hole with connection', 'part': 'MountingHole_Pad'} (kibot - v5_sch.py:1768)
DEBUG:H4 (MountingHole_Pad): 1 {'Reference': 'H4', 'Value': 'MountingHole_Pad', 'Footprint': 'MountingHole:MountingHole_3.2mm_M3_DIN965_Pad', 'Datasheet': '~', 'Description': 'Mounting Hole with connection', 'part': 'MountingHole_Pad'} (kibot - v5_sch.py:1768)
DEBUG:H3 (MountingHole_Pad): 1 {'Reference': 'H3', 'Value': 'MountingHole_Pad', 'Footprint': 'MountingHole:MountingHole_3.2mm_M3_DIN965_Pad', 'Datasheet': '~', 'Description': 'Mounting Hole with connection', 'part': 'MountingHole_Pad'} (kibot - v5_sch.py:1768)
DEBUG:H1 (MountingHole_Pad): 1 {'Reference': 'H1', 'Value': 'MountingHole_Pad', 'Footprint': 'MountingHole:MountingHole_3.2mm_M3_DIN965_Pad', 'Datasheet': '~', 'Description': 'Mounting Hole with connection', 'part': 'MountingHole_Pad'} (kibot - v5_sch.py:1768)
DEBUG:C22 (C 1u): 1 {'Reference': 'C22', 'Value': '1u', 'Footprint': 'Capacitor_SMD:C_0603_1608Metric_Pad1.08x0.95mm_HandSolder', 'Datasheet': '~', 'Description': 'Unpolarized capacitor', 'part': 'C'} (kibot - v5_sch.py:1768)
DEBUG:U6 (DS3231MZ): 1 {'Reference': 'U6', 'Value': 'DS3231MZ', 'Footprint': 'Package_SO:SOIC-8_3.9x4.9mm_P1.27mm', 'Datasheet': 'http://datasheets.maximintegrated.com/en/ds/DS3231M.pdf', 'Description': '±5ppm, I2C Real-Time Clock SOIC-8', 'part': 'DS3231MZ'} (kibot - v5_sch.py:1768)
DEBUG:R11 (R 5.1k): 1 {'Reference': 'R11', 'Value': '5.1k', 'Footprint': 'Resistor_SMD:R_0603_1608Metric_Pad0.98x0.95mm_HandSolder', 'Datasheet': '~', 'Description': 'Resistor', 'part': 'R'} (kibot - v5_sch.py:1768)
DEBUG:BT1 (Battery_Cell CR2032): 1 {'Reference': 'BT1', 'Value': 'CR2032', 'Footprint': 'Battery:BatteryHolder_MYOUNG_BS-07-A1BJ001_CR2032', 'Datasheet': '~', 'Description': 'Single-cell battery', 'part': 'Battery_Cell'} (kibot - v5_sch.py:1768)
DEBUG:R9 (R 5.1k): 1 {'Reference': 'R9', 'Value': '5.1k', 'Footprint': 'Resistor_SMD:R_0603_1608Metric_Pad0.98x0.95mm_HandSolder', 'Datasheet': '~', 'Description': 'Resistor', 'part': 'R'} (kibot - v5_sch.py:1768)
DEBUG:C23 (C 1u): 1 {'Reference': 'C23', 'Value': '1u', 'Footprint': 'Capacitor_SMD:C_0603_1608Metric_Pad1.08x0.95mm_HandSolder', 'Datasheet': '~', 'Description': 'Unpolarized capacitor', 'part': 'C'} (kibot - v5_sch.py:1768)
DEBUG:R10 (R 5.1k): 1 {'Reference': 'R10', 'Value': '5.1k', 'Footprint': 'Resistor_SMD:R_0603_1608Metric_Pad0.98x0.95mm_HandSolder', 'Datasheet': '~', 'Description': 'Resistor', 'part': 'R'} (kibot - v5_sch.py:1768)
DEBUG:C19 (C 1uF): 1 {'Reference': 'C19', 'Value': '1uF', 'Footprint': 'Capacitor_SMD:C_0603_1608Metric_Pad1.08x0.95mm_HandSolder', 'Datasheet': '~', 'Description': 'Unpolarized capacitor', 'part': 'C'} (kibot - v5_sch.py:1768)
DEBUG:PS2 (RFM-0505S): 1 {'Reference': 'PS2', 'Value': 'RFM-0505S', 'Footprint': 'RFM-0505S:CONV_RFM-0505S', 'Datasheet': '', 'Description': '', 'MF': 'Recom Power', 'MAXIMUM_PACKAGE_HEIGHT': '10mm', 'Package': 'SIP-4 Recom Power', 'Price': 'None', 'Check_prices': 'https://www.snapeda.com/parts/RFM-0505S/Recom+Power/view-part/?ref=eda', 'STANDARD': 'Manufacturer Recommendations', 'PARTREV': '0', 'SnapEDA_Link': 'https://www.snapeda.com/parts/RFM-0505S/Recom+Power/view-part/?ref=snap', 'MP': 'RFM-0505S', 'Description_1': 'DC-DC Converter, SIP4, 1kV unreg, Single Output, 1W, 5V Out, RFM Series | RECOM Power Inc. RFM-0505S', 'Availability': 'In Stock', 'MANUFACTURER': 'Recom', 'part': 'RFM-0505S'} (kibot - v5_sch.py:1768)
DEBUG:U5 (TLV1117LV33DCYT): 1 {'Reference': 'U5', 'Value': 'TLV1117LV33DCYT', 'Footprint': 'TLV1117LV33DCYT:SOT230P700X180-4N', 'Datasheet': '', 'Description': '', 'MF': 'Texas Instruments', 'Description_1': '1-A, low-dropout voltage regulator', 'Package': 'SOT-223-4 Texas Instruments', 'Price': 'None', 'SnapEDA_Link': 'https://www.snapeda.com/parts/TLV1117LV33DCYT/Texas+Instruments/view-part/?ref=snap', 'MP': 'TLV1117LV33DCYT', 'Availability': 'In Stock', 'Check_prices': 'https://www.snapeda.com/parts/TLV1117LV33DCYT/Texas+Instruments/view-part/?ref=eda', 'part': 'TLV1117LV33DCYT'} (kibot - v5_sch.py:1768)
DEBUG:C15 (C 1uF): 1 {'Reference': 'C15', 'Value': '1uF', 'Footprint': 'Capacitor_SMD:C_0603_1608Metric_Pad1.08x0.95mm_HandSolder', 'Datasheet': '~', 'Description': 'Unpolarized capacitor', 'part': 'C'} (kibot - v5_sch.py:1768)
DEBUG:C17 (C 1uF): 1 {'Reference': 'C17', 'Value': '1uF', 'Footprint': 'Capacitor_SMD:C_0603_1608Metric_Pad1.08x0.95mm_HandSolder', 'Datasheet': '~', 'Description': 'Unpolarized capacitor', 'part': 'C'} (kibot - v5_sch.py:1768)
DEBUG:C16 (C 1uF): 1 {'Reference': 'C16', 'Value': '1uF', 'Footprint': 'Capacitor_SMD:C_0603_1608Metric_Pad1.08x0.95mm_HandSolder', 'Datasheet': '~', 'Description': 'Unpolarized capacitor', 'part': 'C'} (kibot - v5_sch.py:1768)
DEBUG:J4 (691313510002): 1 {'Reference': 'J4', 'Value': '691313510002', 'Footprint': '691313510002:691313510002', 'Datasheet': '', 'Description': '', 'MF': 'Würth Elektronik', 'Description_1': '313; 5.08mm Pitch Straight Pluggable Term Block, PCB Header, Through Hole, 2 Way | Wurth Electronics 691313510002', 'Package': 'None', 'Price': 'None', 'SnapEDA_Link': 'https://www.snapeda.com/parts/691313510002/W%25C3%25BCrth+Elektronik+Midcom/view-part/?ref=snap', 'MP': '691313510002', 'Availability': 'In Stock', 'Check_prices': 'https://www.snapeda.com/parts/691313510002/W%25C3%25BCrth+Elektronik+Midcom/view-part/?ref=eda', 'part': '691313510002'} (kibot - v5_sch.py:1768)
DEBUG:C18 (C 1uF): 1 {'Reference': 'C18', 'Value': '1uF', 'Footprint': 'Capacitor_SMD:C_0603_1608Metric_Pad1.08x0.95mm_HandSolder', 'Datasheet': '~', 'Description': 'Unpolarized capacitor', 'part': 'C'} (kibot - v5_sch.py:1768)
DEBUG:C21 (C 1uF): 1 {'Reference': 'C21', 'Value': '1uF', 'Footprint': 'Capacitor_SMD:C_0603_1608Metric_Pad1.08x0.95mm_HandSolder', 'Datasheet': '~', 'Description': 'Unpolarized capacitor', 'part': 'C'} (kibot - v5_sch.py:1768)
DEBUG:C20 (C 1uF): 1 {'Reference': 'C20', 'Value': '1uF', 'Footprint': 'Capacitor_SMD:C_0603_1608Metric_Pad1.08x0.95mm_HandSolder', 'Datasheet': '~', 'Description': 'Unpolarized capacitor', 'part': 'C'} (kibot - v5_sch.py:1768)
DEBUG:PS1 (RFM-0505S): 1 {'Reference': 'PS1', 'Value': 'RFM-0505S', 'Footprint': 'RFM-0505S:CONV_RFM-0505S', 'Datasheet': '', 'Description': '', 'MF': 'Recom Power', 'MAXIMUM_PACKAGE_HEIGHT': '10mm', 'Package': 'SIP-4 Recom Power', 'Price': 'None', 'Check_prices': 'https://www.snapeda.com/parts/RFM-0505S/Recom+Power/view-part/?ref=eda', 'STANDARD': 'Manufacturer Recommendations', 'PARTREV': '0', 'SnapEDA_Link': 'https://www.snapeda.com/parts/RFM-0505S/Recom+Power/view-part/?ref=snap', 'MP': 'RFM-0505S', 'Description_1': 'DC-DC Converter, SIP4, 1kV unreg, Single Output, 1W, 5V Out, RFM Series | RECOM Power Inc. RFM-0505S', 'Availability': 'In Stock', 'MANUFACTURER': 'Recom', 'part': 'RFM-0505S'} (kibot - v5_sch.py:1768)
DEBUG:U3 (ISO1050DUB): 1 {'Reference': 'U3', 'Value': 'ISO1050DUB', 'Footprint': 'Package_SO:SOP-8_6.62x9.15mm_P2.54mm', 'Datasheet': 'http://www.ti.com/lit/ds/symlink/iso1050.pdf', 'Description': 'Isolated CAN Transceiver, SOP-8', 'part': 'ISO1050DUB'} (kibot - v5_sch.py:1768)
DEBUG:C10 (C 4.7n): 1 {'Reference': 'C10', 'Value': '4.7n', 'Footprint': 'Capacitor_SMD:C_0603_1608Metric_Pad1.08x0.95mm_HandSolder', 'Datasheet': '~', 'Description': 'Unpolarized capacitor', 'part': 'C'} (kibot - v5_sch.py:1768)
DEBUG:C11 (C 1u): 1 {'Reference': 'C11', 'Value': '1u', 'Footprint': 'Capacitor_SMD:C_0603_1608Metric_Pad1.08x0.95mm_HandSolder', 'Datasheet': '~', 'Description': 'Unpolarized capacitor', 'part': 'C'} (kibot - v5_sch.py:1768)
DEBUG:C12 (C 1u): 1 {'Reference': 'C12', 'Value': '1u', 'Footprint': 'Capacitor_SMD:C_0603_1608Metric_Pad1.08x0.95mm_HandSolder', 'Datasheet': '~', 'Description': 'Unpolarized capacitor', 'part': 'C'} (kibot - v5_sch.py:1768)
DEBUG:J2 (Conn_01x04_Pin CAN1): 1 {'Reference': 'J2', 'Value': 'CAN1', 'Footprint': 'Connector_JST:JST_XH_S4B-XH-A_1x04_P2.50mm_Horizontal', 'Datasheet': '~', 'Description': 'Generic connector, single row, 01x04, script generated', 'part': 'Conn_01x04_Pin'} (kibot - v5_sch.py:1768)
DEBUG:J6 (Conn_01x04_Pin CAN1): 1 {'Reference': 'J6', 'Value': 'CAN1', 'Footprint': 'Connector_JST:JST_XH_S4B-XH-A_1x04_P2.50mm_Horizontal', 'Datasheet': '~', 'Description': 'Generic connector, single row, 01x04, script generated', 'part': 'Conn_01x04_Pin'} (kibot - v5_sch.py:1768)
DEBUG:J5 (RJHSE5380): 1 {'Reference': 'J5', 'Value': 'RJHSE5380', 'Footprint': 'RJHSE5380:AMPHENOL_RJHSE5380', 'Datasheet': '', 'Description': '', 'MF': 'Amphenol ICC (Commercial Products)', 'MAXIMUM_PACKAGE_HEIGHT': '13.46mm', 'Package': 'None', 'Price': 'None', 'Check_prices': 'https://www.snapeda.com/parts/RJHSE-5380/Amphenol/view-part/?ref=eda', 'STANDARD': 'Manufacturer Recommendations', 'PARTREV': 'B', 'SnapEDA_Link': 'https://www.snapeda.com/parts/RJHSE-5380/Amphenol/view-part/?ref=snap', 'MP': 'RJHSE-5380', 'Description_1': 'Connector mod jack rt angle pcb shielded led1-n led2-n single port rj-45 | Amphenol Commercial (Amphenol CS) RJHSE-5380', 'Availability': 'In Stock', 'MANUFACTURER': 'Amphenol', 'part': 'RJHSE5380'} (kibot - v5_sch.py:1768)
DEBUG:C7 (C 1u): 1 {'Reference': 'C7', 'Value': '1u', 'Footprint': 'Capacitor_SMD:C_0603_1608Metric_Pad1.08x0.95mm_HandSolder', 'Datasheet': '~', 'Description': 'Unpolarized capacitor', 'part': 'C'} (kibot - v5_sch.py:1768)
DEBUG:C8 (C 1u): 1 {'Reference': 'C8', 'Value': '1u', 'Footprint': 'Capacitor_SMD:C_0603_1608Metric_Pad1.08x0.95mm_HandSolder', 'Datasheet': '~', 'Description': 'Unpolarized capacitor', 'part': 'C'} (kibot - v5_sch.py:1768)
DEBUG:C13 (C 10p): 1 {'Reference': 'C13', 'Value': '10p', 'Footprint': 'Capacitor_SMD:C_0603_1608Metric_Pad1.08x0.95mm_HandSolder', 'Datasheet': '~', 'Description': 'Unpolarized capacitor', 'part': 'C'} (kibot - v5_sch.py:1768)
DEBUG:R7 (R 50R): 1 {'Reference': 'R7', 'Value': '50R', 'Footprint': 'Resistor_SMD:R_0603_1608Metric_Pad0.98x0.95mm_HandSolder', 'Datasheet': '~', 'Description': 'Resistor', 'part': 'R'} (kibot - v5_sch.py:1768)
DEBUG:R6 (R 50R): 1 {'Reference': 'R6', 'Value': '50R', 'Footprint': 'Resistor_SMD:R_0603_1608Metric_Pad0.98x0.95mm_HandSolder', 'Datasheet': '~', 'Description': 'Resistor', 'part': 'R'} (kibot - v5_sch.py:1768)
DEBUG:R8 (R 50R): 1 {'Reference': 'R8', 'Value': '50R', 'Footprint': 'Resistor_SMD:R_0603_1608Metric_Pad0.98x0.95mm_HandSolder', 'Datasheet': '~', 'Description': 'Resistor', 'part': 'R'} (kibot - v5_sch.py:1768)
DEBUG:C9 (C 4.7n): 1 {'Reference': 'C9', 'Value': '4.7n', 'Footprint': 'Capacitor_SMD:C_0603_1608Metric_Pad1.08x0.95mm_HandSolder', 'Datasheet': '~', 'Description': 'Unpolarized capacitor', 'part': 'C'} (kibot - v5_sch.py:1768)
DEBUG:C6 (C 1u): 1 {'Reference': 'C6', 'Value': '1u', 'Footprint': 'Capacitor_SMD:C_0603_1608Metric_Pad1.08x0.95mm_HandSolder', 'Datasheet': '~', 'Description': 'Unpolarized capacitor', 'part': 'C'} (kibot - v5_sch.py:1768)
DEBUG:Y1 (ABM3B-8.000MHZ-10-1-U-T): 1 {'Reference': 'Y1', 'Value': 'ABM3B-8.000MHZ-10-1-U-T', 'Footprint': 'ABM3B-8.000MHZ-10-1-U-T:ABM3B', 'Datasheet': 'https://abracon.com/Resonators/abm3b.pdf', 'Description': '8 MHz +/-10ppm Crystal 10pF 200 Ohms 4-SMD, No Lead', 'Height': '1.1', 'Mouser Part Number': '815-ABM3B8MHZ101UT', 'Mouser Price/Stock': 'https://www.mouser.co.uk/ProductDetail/ABRACON/ABM3B-8.000MHZ-10-1-U-T?qs=axzvp2Rdp5%252B1td01iPkwcw%3D%3D', 'Manufacturer_Name': 'ABRACON', 'Manufacturer_Part_Number': 'ABM3B-8.000MHZ-10-1-U-T', 'part': 'ABM3B-8.000MHZ-10-1-U-T'} (kibot - v5_sch.py:1768)
DEBUG:C14 (C 10p): 1 {'Reference': 'C14', 'Value': '10p', 'Footprint': 'Capacitor_SMD:C_0603_1608Metric_Pad1.08x0.95mm_HandSolder', 'Datasheet': '~', 'Description': 'Unpolarized capacitor', 'part': 'C'} (kibot - v5_sch.py:1768)
DEBUG:U2 (MCP2515-xST): 1 {'Reference': 'U2', 'Value': 'MCP2515-xST', 'Footprint': 'Package_SO:TSSOP-20_4.4x6.5mm_P0.65mm', 'Datasheet': 'http://ww1.microchip.com/downloads/en/DeviceDoc/21801e.pdf', 'Description': 'Stand-Alone CAN Controller with SPI Interface, TSSOP-20', 'part': 'MCP2515-xST'} (kibot - v5_sch.py:1768)
DEBUG:R5 (R 50R): 1 {'Reference': 'R5', 'Value': '50R', 'Footprint': 'Resistor_SMD:R_0603_1608Metric_Pad0.98x0.95mm_HandSolder', 'Datasheet': '~', 'Description': 'Resistor', 'part': 'R'} (kibot - v5_sch.py:1768)
DEBUG:U4 (ISO1050DUB): 1 {'Reference': 'U4', 'Value': 'ISO1050DUB', 'Footprint': 'Package_SO:SOP-8_6.62x9.15mm_P2.54mm', 'Datasheet': 'http://www.ti.com/lit/ds/symlink/iso1050.pdf', 'Description': 'Isolated CAN Transceiver, SOP-8', 'part': 'ISO1050DUB'} (kibot - v5_sch.py:1768)
DEBUG:C2 (C 0.1uF): 1 {'Reference': 'C2', 'Value': '0.1uF', 'Footprint': 'Capacitor_SMD:C_0603_1608Metric_Pad1.08x0.95mm_HandSolder', 'Datasheet': '~', 'Description': 'Unpolarized capacitor', 'part': 'C'} (kibot - v5_sch.py:1768)
DEBUG:S1 (EVQ-P2P02W): 1 {'Reference': 'S1', 'Value': 'EVQ-P2P02W', 'Footprint': 'EVQ-P2P02W:EVQP2P02W', 'Datasheet': 'https://www.digikey.com/en/products/detail/panasonic-electronic-components/EVQ-P2P02W/593455?msockid=3bdc366bbe0663d83c1223c0bf3662a6', 'Description': 'Tactile Switches 4.7x3.5mm SMD Light Touch Switch', 'Height': '2.7', 'Mouser Part Number': '667-EVQ-P2P02W', 'Mouser Price/Stock': 'https://www.mouser.co.uk/ProductDetail/Panasonic/EVQ-P2P02W?qs=WwqriLBepZsQN7c1H1dlbA%3D%3D', 'Manufacturer_Name': 'Panasonic', 'Manufacturer_Part_Number': 'EVQ-P2P02W', 'part': 'EVQ-P2P02W'} (kibot - v5_sch.py:1768)
DEBUG:U1 (ESP32-S3-WROOM-2): 1 {'Reference': 'U1', 'Value': 'ESP32-S3-WROOM-2', 'Footprint': 'RF_Module:ESP32-S3-WROOM-2', 'Datasheet': 'https://www.espressif.com/sites/default/files/documentation/esp32-s3-wroom-2_datasheet_en.pdf', 'Description': 'RF Module, 2.4 GHz, Wi\xad-Fi, Bluetooth, BLE, ESP32\xad-S3R8V', 'part': 'ESP32-S3-WROOM-2'} (kibot - v5_sch.py:1768)
DEBUG:C5 (C 1u): 1 {'Reference': 'C5', 'Value': '1u', 'Footprint': 'Capacitor_SMD:C_0603_1608Metric_Pad1.08x0.95mm_HandSolder', 'Datasheet': '~', 'Description': 'Unpolarized capacitor', 'part': 'C'} (kibot - v5_sch.py:1768)
DEBUG:R3 (R 5.1k): 1 {'Reference': 'R3', 'Value': '5.1k', 'Footprint': 'Resistor_SMD:R_0603_1608Metric_Pad0.98x0.95mm_HandSolder', 'Datasheet': '~', 'Description': 'Resistor', 'part': 'R'} (kibot - v5_sch.py:1768)
DEBUG:R4 (R 5.1k): 1 {'Reference': 'R4', 'Value': '5.1k', 'Footprint': 'Resistor_SMD:R_0603_1608Metric_Pad0.98x0.95mm_HandSolder', 'Datasheet': '~', 'Description': 'Resistor', 'part': 'R'} (kibot - v5_sch.py:1768)
DEBUG:D1 (WS2812B-2020): 1 {'Reference': 'D1', 'Value': 'WS2812B-2020', 'Footprint': 'LED_SMD:LED_WS2812B-2020_PLCC4_2.0x2.0mm', 'Datasheet': 'https://cdn-shop.adafruit.com/product-files/4684/4684_WS2812B-2020_V1.3_EN.pdf', 'Description': 'RGB LED with integrated controller, 2.0 x 2.0 mm, 12 mA', 'part': 'WS2812B-2020'} (kibot - v5_sch.py:1768)
DEBUG:S2 (EVQ-P2P02W): 1 {'Reference': 'S2', 'Value': 'EVQ-P2P02W', 'Footprint': 'EVQ-P2P02W:EVQP2P02W', 'Datasheet': 'https://www.digikey.com/en/products/detail/panasonic-electronic-components/EVQ-P2P02W/593455?msockid=3bdc366bbe0663d83c1223c0bf3662a6', 'Description': 'Tactile Switches 4.7x3.5mm SMD Light Touch Switch', 'Height': '2.7', 'Mouser Part Number': '667-EVQ-P2P02W', 'Mouser Price/Stock': 'https://www.mouser.co.uk/ProductDetail/Panasonic/EVQ-P2P02W?qs=WwqriLBepZsQN7c1H1dlbA%3D%3D', 'Manufacturer_Name': 'Panasonic', 'Manufacturer_Part_Number': 'EVQ-P2P02W', 'part': 'EVQ-P2P02W'} (kibot - v5_sch.py:1768)
DEBUG:R1 (R 100k): 1 {'Reference': 'R1', 'Value': '100k', 'Footprint': 'Resistor_SMD:R_0603_1608Metric_Pad0.98x0.95mm_HandSolder', 'Datasheet': '~', 'Description': 'Resistor', 'part': 'R'} (kibot - v5_sch.py:1768)
DEBUG:J1 (10155435-00011LF): 1 {'Reference': 'J1', 'Value': '10155435-00011LF', 'Footprint': '10155435-00011LF:AMPHENOL_10155435-00011LF', 'Datasheet': '', 'Description': '', 'MF': 'Amphenol ICC (FCI)', 'MAXIMUM_PACKAGE_HEIGHT': '3.37 mm', 'Package': 'None', 'Price': 'None', 'Check_prices': 'https://www.snapeda.com/parts/10155435-00011LF/Amphenol+FCI/view-part/?ref=eda', 'STANDARD': 'Manufacturer Recommendations', 'PARTREV': 'C', 'SnapEDA_Link': 'https://www.snapeda.com/parts/10155435-00011LF/Amphenol+FCI/view-part/?ref=snap', 'MP': '10155435-00011LF', 'Description_1': 'USB Type C Receptacle SMT Single Row 16Pin', 'Availability': 'In Stock', 'MANUFACTURER': 'Amphenol', 'part': '10155435-00011LF'} (kibot - v5_sch.py:1768)
DEBUG:J3 (691382010006): 1 {'Reference': 'J3', 'Value': '691382010006', 'Footprint': '691382010006:691382010006', 'Datasheet': '', 'Description': '', 'MF': 'Würth Elektronik', 'Description_1': '6 Position Terminal Block Header, Male Pins, Shrouded (4 Side) 0.098 (2.50mm) 90°, Right Angle - Through Hole', 'Package': 'None', 'Price': 'None', 'SnapEDA_Link': 'https://www.snapeda.com/parts/691382010006/W%25C3%25BCrth+Elektronik+Midcom/view-part/?ref=snap', 'MP': '691382010006', 'Availability': 'In Stock', 'Check_prices': 'https://www.snapeda.com/parts/691382010006/W%25C3%25BCrth+Elektronik+Midcom/view-part/?ref=eda', 'part': '691382010006'} (kibot - v5_sch.py:1768)
DEBUG:C4 (C 0.1uF): 1 {'Reference': 'C4', 'Value': '0.1uF', 'Footprint': 'Capacitor_SMD:C_0603_1608Metric_Pad1.08x0.95mm_HandSolder', 'Datasheet': '~', 'Description': 'Unpolarized capacitor', 'part': 'C'} (kibot - v5_sch.py:1768)
DEBUG:R2 (R 100k): 1 {'Reference': 'R2', 'Value': '100k', 'Footprint': 'Resistor_SMD:R_0603_1608Metric_Pad0.98x0.95mm_HandSolder', 'Datasheet': '~', 'Description': 'Resistor', 'part': 'R'} (kibot - v5_sch.py:1768)
DEBUG:C1 (C 1uF): 1 {'Reference': 'C1', 'Value': '1uF', 'Footprint': 'Capacitor_SMD:C_0603_1608Metric_Pad1.08x0.95mm_HandSolder', 'Datasheet': '~', 'Description': 'Unpolarized capacitor', 'part': 'C'} (kibot - v5_sch.py:1768)
DEBUG:J7 (691382010006): 1 {'Reference': 'J7', 'Value': '691382010006', 'Footprint': '691382010006:691382010006', 'Datasheet': '', 'Description': '', 'MF': 'Würth Elektronik', 'Description_1': '6 Position Terminal Block Header, Male Pins, Shrouded (4 Side) 0.098 (2.50mm) 90°, Right Angle - Through Hole', 'Package': 'None', 'Price': 'None', 'SnapEDA_Link': 'https://www.snapeda.com/parts/691382010006/W%25C3%25BCrth+Elektronik+Midcom/view-part/?ref=snap', 'MP': '691382010006', 'Availability': 'In Stock', 'Check_prices': 'https://www.snapeda.com/parts/691382010006/W%25C3%25BCrth+Elektronik+Midcom/view-part/?ref=eda', 'part': '691382010006'} (kibot - v5_sch.py:1768)
DEBUG:C3 (C 1uF): 1 {'Reference': 'C3', 'Value': '1uF', 'Footprint': 'Capacitor_SMD:C_0603_1608Metric_Pad1.08x0.95mm_HandSolder', 'Datasheet': '~', 'Description': 'Unpolarized capacitor', 'part': 'C'} (kibot - v5_sch.py:1768)
DEBUG:Adding Description field to G*** () (kibot - kiplot.py:428)
DEBUG:Filtered warning: (W147) Not including component `G***` in filters because it has a malformed reference @ PCB (137.65, 89.55) mm (kibot - log.py:130)
DEBUG:Filters reset (kibot - fil_base.py:196)
DEBUG:Applying filter `_mechanical` to exclude (kibot - fil_base.py:187)
DEBUG:- H1 excluded (kibot - fil_base.py:192)
DEBUG:- H2 excluded (kibot - fil_base.py:192)
DEBUG:- H3 excluded (kibot - fil_base.py:192)
DEBUG:- H4 excluded (kibot - fil_base.py:192)
DEBUG:Applying filter `_kibom_dnf_Config` to fitted (kibot - fil_base.py:216)
DEBUG:Applying filter `_kibom_dnc_Config` to fixed (kibot - fil_base.py:226)
DEBUG:Applying KiBoM style variants `CHECKED` (kibot - var_kibom.py:91)
DEBUG:Crossing modules (kibot - out_base.py:370)
DEBUG:Removing paste, mask and/or glue (kibot - out_base.py:451)
DEBUG:Eurocircuits Pattern class for `minimum` is 4 because the clearance is 0.2, track is 0.2 and OAR is 0.15 (kibot - out_report.py:101)
DEBUG:Eurocircuits Pattern class for `measured` is 4 because the clearance is 0.2, track is 0.2 and OAR is 0.15 (kibot - out_report.py:101)
DEBUG:Eurocircuits Pattern class for `defined` is 4 because the clearance is 0.2, track is 0.2 and OAR is 0.15 (kibot - out_report.py:101)
DEBUG:Eurocircuits Drill class for `minimum` is F because the drill is 0.15 (kibot - out_report.py:114)
DEBUG:Eurocircuits Drill class for `measured` is D because the drill is 0.25 (kibot - out_report.py:114)
DEBUG:Eurocircuits Drill class for `defined` is F because the drill is 0.15 (kibot - out_report.py:114)
DEBUG:Restoring paste, mask and/or glue (kibot - out_base.py:538)
DEBUG:Expanding `/github/workspace/./Schematic` in SCH context for <kibot.out_pdf_sch_print.PDF_SCH_PrintOptions object at 0x7f56b8a778c0> parent: 'Schematic in PDF format' (pdf_schematic) [pdf_sch_print] (kibot - optionable.py:508)
DEBUG:Expanded `/github/workspace/./Schematic` (kibot - optionable.py:554)
DEBUG:Expanding `%f-%i%I%v.%x` in SCH context for <kibot.out_pdf_sch_print.PDF_SCH_PrintOptions object at 0x7f56b8a778c0> parent: 'Schematic in PDF format' (pdf_schematic) [pdf_sch_print] (kibot - optionable.py:508)
DEBUG:Expanded `LE_BMS_A_V2-schematic.pdf` (kibot - optionable.py:554)
ERROR:/github/workspace/Schematic/LE_BMS_A_V2-schematic-1.pdf (kibot - create_pdf.py:57)
ERROR:/github/workspace/Schematic/LE_BMS_A_V2-schematic-2.pdf (kibot - create_pdf.py:57)
ERROR:/github/workspace/Schematic/LE_BMS_A_V2-schematic-3.pdf (kibot - create_pdf.py:57)
ERROR:/github/workspace/Schematic/LE_BMS_A_V2-schematic-4.pdf (kibot - create_pdf.py:57)
ERROR:/github/workspace/Schematic/LE_BMS_A_V2-schematic-5.pdf (kibot - create_pdf.py:57)
ERROR:/github/workspace/Schematic/LE_BMS_A_V2-schematic-6.pdf (kibot - create_pdf.py:57)
ERROR:/github/workspace/Schematic/LE_BMS_A_V2-schematic-7.pdf (kibot - create_pdf.py:57)
ERROR:/github/workspace/Schematic/LE_BMS_A_V2-schematic-8.pdf (kibot - create_pdf.py:57)
DEBUG:Expanding `/github/workspace/./Manufacturing/Fabrication` in PCB context for <kibot.out_pcb_print.PCB_PrintOptions object at 0x7f56b8a76f90> parent: 'Fabrication document in PDF format' (pdf_fabrication) [pcb_print] (kibot - optionable.py:508)
DEBUG:Expanded `/github/workspace/./Manufacturing/Fabrication` (kibot - optionable.py:554)
DEBUG:Expanding `%f-fabrication%I%v.%x` in PCB context for <kibot.out_pcb_print.PCB_PrintOptions object at 0x7f56b8a76f90> parent: 'Fabrication document in PDF format' (pdf_fabrication) [pcb_print] (kibot - optionable.py:508)
DEBUG:Expanded `LE_BMS_A_V2-fabrication.pdf` (kibot - optionable.py:554)
ERROR:/github/workspace/Manufacturing/Fabrication/LE_BMS_A_V2-fabrication-1.pdf (kibot - create_pdf.py:57)
ERROR:/github/workspace/Manufacturing/Fabrication/LE_BMS_A_V2-fabrication-2.pdf (kibot - create_pdf.py:57)
ERROR:/github/workspace/Manufacturing/Fabrication/LE_BMS_A_V2-fabrication-3.pdf (kibot - create_pdf.py:57)
ERROR:/github/workspace/Manufacturing/Fabrication/LE_BMS_A_V2-fabrication-4.pdf (kibot - create_pdf.py:57)
ERROR:/github/workspace/Manufacturing/Fabrication/LE_BMS_A_V2-fabrication-5.pdf (kibot - create_pdf.py:57)
ERROR:/github/workspace/Manufacturing/Fabrication/LE_BMS_A_V2-fabrication-6.pdf (kibot - create_pdf.py:57)
ERROR:/github/workspace/Manufacturing/Fabrication/LE_BMS_A_V2-fabrication-7.pdf (kibot - create_pdf.py:57)
ERROR:/github/workspace/Manufacturing/Fabrication/LE_BMS_A_V2-fabrication-8.pdf (kibot - create_pdf.py:57)
ERROR:/github/workspace/Manufacturing/Fabrication/LE_BMS_A_V2-fabrication-9.pdf (kibot - create_pdf.py:57)
ERROR:/github/workspace/Manufacturing/Fabrication/LE_BMS_A_V2-fabrication-10.pdf (kibot - create_pdf.py:57)
DEBUG:Expanding `/github/workspace/./Manufacturing/Assembly` in PCB context for <kibot.out_pcb_print.PCB_PrintOptions object at 0x7f56b686a5d0> parent: 'Assembly document in PDF format' (pdf_assembly) [pcb_print] (kibot - optionable.py:508)
DEBUG:Expanded `/github/workspace/./Manufacturing/Assembly` (kibot - optionable.py:554)
DEBUG:Expanding `%f-assembly%I%v.%x` in PCB context for <kibot.out_pcb_print.PCB_PrintOptions object at 0x7f56b686a5d0> parent: 'Assembly document in PDF format' (pdf_assembly) [pcb_print] (kibot - optionable.py:508)
DEBUG:Expanded `LE_BMS_A_V2-assembly.pdf` (kibot - optionable.py:554)
ERROR:/github/workspace/Manufacturing/Assembly/LE_BMS_A_V2-assembly-1.pdf (kibot - create_pdf.py:57)
ERROR:/github/workspace/Manufacturing/Assembly/LE_BMS_A_V2-assembly-2.pdf (kibot - create_pdf.py:57)
ERROR:/github/workspace/Manufacturing/Assembly/LE_BMS_A_V2-assembly-3.pdf (kibot - create_pdf.py:57)
DEBUG:Report template: `kibot_resources/templates/assembly_notes.txt` (kibot - out_report.py:1095)
DEBUG:Report output: `/github/workspace/Manufacturing/Assembly/LE_BMS_A_V2-assembly_notes.txt` (kibot - out_report.py:1128)
Found 1 unique warning/s (7 total, 5 filtered)
